artist_id,album_id,album_name,album_type,album_date,album_tracks,album_pic
02frazNrWgZCxUEf4UTfHt,4kpBJuFpZBIuw4PQVxrN4t,H To He Who Am The Only One,Album,2005-01-01,Killer - 2005 Digital Remaster (08:22)/House With No Door - 2005 Digital Remaster (06:29)/Emperor In His War-room: The Emperor/The Room - 2005 Digital Remaster (08:18)/Lost: The Dance In Sand And Sea/The Dance In The Frost - 2005 Digital Remaster (11:13)/Pioneers Over C - 2005 Digital Remaster (12:51)/Squid/Octopus (15:23)/Emperor In His War-Room: The Emperor/The Room - Early Take (08:50,https://i.scdn.co/image/ab67616d00001e024fbbfa065e5e2cf64c6f7fe0
3SONlwqLIP2GtaMh9pLYe5,1vkLfWBiL2wHMxdGpDCbPC,Rambler,Album,1985-04-29,Tone (08:00)/Music I Heard (04:46)/Rambler (08:12)/When We Go (05:15)/Resistor (05:44)/Strange Meeting (07:00)/Wizard Of Odds (06:19,https://i.scdn.co/image/ab67616d00001e027fa6b5ac934823ec7a0d9a2d
0kbYTNQb4Pb1rPbbaF0pT4,0xr31or2qYglJpiX6pODjY,A Tribute To Jack Johnson,Album,1971-02-24,"Right Off (feat. Steve Grossman, John McLaughlin, Herbie Hancock, Michael Henderson & Billy Cobham) (26:52)/Yesternow (feat. Bennie Maupin, John McLaughlin, Sonny Sharrock, Chick Corea, Dave Holland & Jack DeJohnette) (25:33",https://i.scdn.co/image/ab67616d00001e02ef73591760e2f0671311222c
0kbYTNQb4Pb1rPbbaF0pT4,2lmGOFtczCsoZCzmWORyWt,Miles in the Sky,Album,1968-07-22,Stuff (17:02)/Paraphernalia (12:41)/Black Comedy (07:31)/Country Son (13:50,https://i.scdn.co/image/ab67616d00001e02f005a2a16f62ade748094046
22bE4uQ6baNwSHPVcDxLCe,7ubZyifk1IUlccV9qKsOoM,Jealous Lover,Single,2026-06-25,Jealous Lover (03:49)/Divine Intervention (04:46,https://i.scdn.co/image/ab67616d00001e02db7a1257ddaf87e497433dbf
22bE4uQ6baNwSHPVcDxLCe,6iVOz2hudE6dv5Yrcsw2c9,Goats Head Soup (Remastered 2009),Album,1973-08-31,Dancing With Mr. D (04:52)/100 Years Ago - Remastered (03:58)/Coming Down Again - Remastered (05:54)/Doo Doo Doo Doo Doo (Heartbreaker) (03:26)/Angie - Remastered 2009 (04:32)/Silver Train - Remastered (04:26)/Hide Your Love - Remastered (04:11)/Winter - Remastered (05:29)/Can You Hear The Music - Remastered (05:31)/Star Star - Remastered (04:23,https://i.scdn.co/image/ab67616d00001e0261b669f15b10e729dd423ca8
2ycnb8Er79LoH2AsR5ldjh,47fRf3JwriMUPPzFjdvNS6,Please: Further Listening 1984 - 1986 (2018 Remaster),Album,1986-03-24,"Two Divided by Zero - 2018 Remaster (03:34)/West End Girls - 2018 Remaster (04:45)/Opportunities (Let's Make Lots of Money) - 2018 Remaster (03:43)/Love Comes Quickly - 2018 Remaster (04:19)/Suburbia - 2018 Remaster (05:07)/Opportunities (Let's Make Lots of Money) - Reprise; 2018 Remaster (00:33)/Tonight Is Forever - 2018 Remaster (04:30)/Violence - 2018 Remaster (04:29)/I Want a Lover - 2018 Remaster (04:05)/Later Tonight - 2018 Remaster (02:49)/Why Don't We Live Together? - 2018 Remaster (04:50)/A Man Could Get Arrested - 12"" B-Side; 2018 Remaster (04:10)/Opportunities (Let's Make Lots of Money) - Full Length 7"" Mix; 2018 Remaster (04:37)/In the Night - 2018 Remaster (04:50)/Opportunities (Let's Make Lots of Money) - 12"" Mix; 2018 Remaster (07:00)/Why Don't We Live Together? - Original New York Mix; 2018 Remaster (05:14)/West End Girls - Dance Mix; 2018 Remaster (06:39)/A Man Could Get Arrested - 7"" B-Side; 2018 Remaster (04:51)/Love Comes Quickly - Dance Mix; 2018 Remaster (06:50)/That's My Impression - Disco Mix; 2018 Remaster (05:19)/Was That What It Was? - 2018 Remaster (05:17)/Suburbia (The Full Horror) - 2018 Remaster (08:58)/Jack the Lad - 2018 Remaster (04:32)/Paninaro - Italian Remix; 2018 Remaster (08:39",https://i.scdn.co/image/ab67616d00001e023540f5cb8e1e7a54125f84db
3iUjRVvYCsMfz7tuAQtBDI,57UuXCYkx1wZW7gfl8hvjB,Vienna (Remastered Definitive Edition),Album,1980-10-15,"Astradyne - 2008 Remaster (07:08)/New Europeans - 2008 Remaster (04:04)/Private Lives - 2008 Remaster (04:08)/Passing Strangers - 2008 Remaster (03:50)/Sleepwalk - 2008 Remaster (03:12)/Mr. X - 2008 Remaster (06:35)/Western Promise - 2008 Remaster (05:18)/Vienna - 2008 Remaster (04:56)/All Stood Still - 2008 Remaster (04:25)/Sleepwalk - Early Version (03:23)/Waiting - 2008 Remsater (03:52)/Face to Face - Live at St. Albans, Hertfordshire, 16 Aug 1980 (06:04)/King's Lead Hat - Live at The Lyceum, London, 17 Aug 1980 (04:07)/Passionate Reply - 2008 Remaster (04:45)/Herr X - 2008 Remaster (05:52)/All Stood Still - 12"" Version (05:06)/Alles Klar - 2008 Remaster (04:56)/Keep Talking - Cassette Recording During Rehearsals (06:22)/Sleepwalk - Soundcheck, The Lyceum 17/8/80 (03:43)/All Stood Still - Soundcheck, The Lyceum 17/8/80 (04:35",https://i.scdn.co/image/ab67616d00001e0298e8be3d7268c4dbb9168426
0lZoBs4Pzo7R89JM9lxwoT,2Tc7ILGF89w1PWOhzuZlqB,Duran Duran (Deluxe Edition),Album,1981-06-15,"Girls on Film - 2010 Remaster (03:32)/Planet Earth - 2010 Remaster (04:03)/Anyone Out There - 2010 Remaster (04:02)/To the Shore - 2010 Remaster (03:51)/Careless Memories - 2010 Remaster (03:55)/Night Boat - 2010 Remaster (05:24)/Sound of Thunder - 2010 Remaster (04:07)/Friends of Mine - 2010 Remaster (05:43)/Tel Aviv - 2010 Remaster (05:20)/Late Bar - 2010 Remaster (02:57)/Khanada - 2010 Remaster (03:28)/Fame - 2010 Remaster (03:18)/Faster Than Light - 2010 Remaster (04:30)/Girls on Film - AIR Studio Version - Early Demo (04:00)/Tel Aviv - AIR Studio Version (06:03)/Anyone Out There - Manchester Square Demo (04:11)/Planet Earth - Manchester Square Demo (05:03)/Friends of Mine - Manchester Square Demo (05:53)/Late Bar - Manchester Square Demo (03:05)/Night Boat - BBC Radio 1 Peter Powell Session (Recorded 19th June 1981, Transmitted 11th August 1981) (05:12)/Girls On Film - BBC Radio 1 Peter Powell Session (Recorded 19th June 1981, Transmitted 11th August 1981) (03:38)/Anyone Out There - BBC Radio 1 Peter Powell Session (Recorded 19th June 1981, Transmitted 11th August 1981) (03:54)/Like An Angel - BBC Radio 1 Peter Powell Session (Recorded 19th June 1981, Transmitted 11th August 1981) (04:53)/Planet Earth - Night Version; 2010 Remaster (06:17)/Girls on Film - Night Mix; Extended Version (05:46)/Planet Earth - Night Mix; 2010 Remaster (07:00)/Girls on Film - Night Mix (05:42",https://i.scdn.co/image/ab67616d00001e020fc83f41d5f0bd27105e5048
0yNLKJebCb8Aueb54LYya3,2ODAEaYlqS88SU4ZZu1bI6,Singles (2016 Remaster),Compilation,2005-09-30,"Ceremony - Version 1; 2016 Remaster (04:38)/Procession - 2015 Remaster (04:30)/Everythings Gone Green - 7"" Version; 2015 Remaster (04:19)/Temptation - 7"" Version; 2015 Remaster (05:24)/Blue Monday - 2016 Remaster (07:30)/Confusion - UK 7"" Promo Edit; 2015 Remaster (04:09)/Thieves like Us - 7"" Promo Edit; 2015 Remaster (03:56)/The Perfect Kiss - 7"" Edit; 2015 Remaster (04:25)/Sub-culture - 7"" Edit; 2015 Remaster (03:26)/Shellshock - 7"" Edit; 2015 Remaster (04:24)/State of the Nation - 7"" Edit; 2015 Remaster (03:31)/Bizarre Love Triangle - 7"" Remix Edit; 2015 Remaster (03:45)/True Faith - 2015 Remaster (04:12)/Touched by the Hand of God - 7"" Edit; 2015 Remaster (03:43)/Blue Monday '88 - 2015 Remaster (04:11)/Fine Time - 7"" Version; 2015 Remaster (03:10)/Round & Round - 7"" Version; 2015 Remaster (04:00)/Run 2 - 7"" Remix Edit; 2015 Remaster (03:38)/World in Motion - 2015 Remaster (04:32)/Regret - 2015 Remaster (04:08)/Ruined in a Day - Radio Edit; 2015 Remaster (03:59)/World (The Price of Love) - Radio Edit; 2015 Remaster (03:42)/Spooky - 2015 Remaster (04:43)/Nineteen63 - Arthur Baker Radio Remix; 2015 Remaster (04:03)/Crystal - Radio Edit; 2015 Remaster (04:19)/60 Miles an Hour - Radio Edit; 2015 Remaster (03:48)/Here to Stay - Radio Edit; 2015 Remaster (03:56)/Krafty - Single Edit; 2015 Remaster (03:46)/Jetstream - Radio Edit; 2015 Remaster (03:45)/Waiting for the Sirens' Call - Rich Costey Radio Version; 2015 Remaster (03:51)/Turn - Stephen Street Edit; 2015 Remaster (04:12)/I'll Stay with You - 2015 Remaster (04:23",https://i.scdn.co/image/ab67616d00001e02f142205e336ec0af3e1a4eb0
5KQMtyPE8DCQNUzoNqlEsE,2wWcTC2GHLEGLDlsnr5aYM,Replicas Redux,Album,2008-02-24,"Me, I Disconnect from You (03:22)/Are 'Friends' Electric? (05:25)/The Machman (03:08)/Praying to the Aliens (04:00)/Down in the Park (04:24)/You Are in My Vision (03:14)/Replicas (05:00)/It Must Have Been Years (04:02)/When the Machines Rock (03:15)/I Nearly Married a Human (06:31)/We Are So Fragile (02:55)/Do You Need the Service? (03:39)/I Nearly Married a Human (2) (06:38)/Me, I Disconnect from You - Early Version (03:24)/Are 'Friends' Electric? - Early Version (05:27)/The Machman - Early Version (03:11)/Praying to the Aliens - Early Version (04:05)/Down in the Park - Early Version (04:23)/Do You Need the Service? - Early Version (03:39)/Only a Downstat (03:35)/We Have a Technical (08:00)/You Are in My Vision - Early Version (03:22)/Replicas - Early Version (05:01)/It Must Have Been Years - Early Version (04:03)/When the Machines Rock - Early Version (03:15)/The Crazies (02:54)/I Nearly Married a Human 3 - Early Version (06:25",https://i.scdn.co/image/ab67616d00001e02cce831fed7721cca599c8215
0f3kLT4wvi2mFHlHJgV8Hl,0xM84XzqFGTDsFjPgCrXh9,Islands,Album,1984,The Lion's Mouth (03:36)/Big Apple (04:09)/The Power to Forgive (04:46)/Melting the Ice Away (05:18)/Turn Your Back on Me (04:01)/Islands (04:51)/On a Plane (04:13)/Part of Me Is You (03:57)/The Loop (04:42)/Turn Your Back on Me - Thompson & Barbiero US Mix (03:57)/The Pump Rooms of Bath (02:32)/The Garden - Instrumental (02:51)/Monochromatic - Live (04:10)/Big Apple - Metro Mix (06:05)/The Lion's Mouth - Beast Mix (05:39)/Turn Your Back on Me - Extended Mix (05:05,https://i.scdn.co/image/ab67616d00001e02a2fde6bbd3344d56986006fb
0EPf9vAXPdFV5Ezp1sMX8B,22yF4x7dMFKEhWiZEIZW14,Fade To Grey (Orchestral),Single,2014-10-24,Fade To Grey - Orchestral Version (05:52)/Fade To Grey (03:53)/Fade To Grey - Extended Version (08:37)/Fade To Grey - Extended Instrumental (08:37)/Fade To Grey - The Feliks Arrival Remix (06:35)/Fade To Grey - Orchestral Instrumental (05:52)/Fade To Grey - Orchestral Radio Version (03:45)/Fade To Grey - Orcapella (05:53)/Fade To Grey - Main Instrumental (03:53,https://i.scdn.co/image/ab67616d00001e0265ebb83cf9105c70fbd43810
3iUjRVvYCsMfz7tuAQtBDI,3gMzGxXgstsEZEfjdsIwnM,The Collection,Album,1984-11-02,Dancing with Tears in My Eyes (04:04)/Hymn (04:27)/The Thin Wall (04:26)/The Voice (04:24)/Vienna - Single Version (04:42)/Passing Strangers (03:51)/Sleepwalk (03:13)/Reap the Wild Wind (03:43)/All Stood Still (03:42)/Visions in Blue (04:15)/We Came to Dance (04:06)/One Small Day (04:29)/Love's Great Adventure (03:08)/Lament (04:19,https://i.scdn.co/image/ab67616d00001e02b93f4b305362bec903d41e3b
3iUjRVvYCsMfz7tuAQtBDI,1ZdxZz6LPHZgkfXkyljts2,Lament (2024 Steven Wilson Mix),Album,2024-09-06,White China - Steven Wilson Stereo Mix (03:55)/One Small Day - Steven Wilson Stereo Mix (04:30)/Dancing With Tears In My Eyes - Steven Wilson Stereo Mix (04:40)/Lament - Steven Wilson Stereo Mix (04:41)/Man of Two Worlds - Steven Wilson Stereo Mix (04:32)/Heart of The Country - Steven Wilson Stereo Mix (05:06)/When The Time Comes - Steven Wilson Stereo Mix (04:58)/A Friend I Call Desire - Steven Wilson Stereo Mix (05:12,https://i.scdn.co/image/ab67616d00001e028c78763ca66e1bff9ce7baa5
3iUjRVvYCsMfz7tuAQtBDI,49eDZSAR7As1J68vvKNCVI,Extended,Album,2018-11-16,All Stood Still - Extended Version 2018 Remaster (05:06)/I Never Wanted to Begin - Extended Version 2018 Remaster (06:18)/Reap the Wild Wind - Extended Version 2018 Remaster (04:43)/We Came to Dance - Unedited Extended Version 2018 Remaster (08:00)/One Small Day - Special Re-Mix 2018 Remaster (07:50)/One Small Day - Special Re-Mix Extra 2018 Remaster (08:31)/White China - Special Re-Mix 2018 Remaster (08:23)/Dancing with Tears in My Eyes - Special Re-Mix 2018 Remaster (09:59)/Dancing with Tears in My Eyes - US Extended Re-Mix (07:43)/One Small Day - US Club Version 2018 Remaster (07:43)/Lament - Extended Version 2018 Remaster (08:03)/Heart of the Country - Special Re-Mix 2018 Remaster (11:03)/Love's Great Adventure - Extended Version 2018 Remaster (05:42)/One Small Day - Final Mix 2018 Remaster (07:38)/Serenade - Special Re-Mix 2018 Remaster (06:03)/Same Old Story - Extended Version 2018 Remaster (06:59)/All Fall Down - Extended Version 2018 Remaster (07:40)/Brilliant - Blank & Jones Extended Remix 2018 Remaster (07:03)/Brilliant - Blank & Jones Club Mix 2018 Remaster (06:34)/Brilliant - Blank & Jones US Club Mix 2018 Remaster (06:48,https://i.scdn.co/image/ab67616d00001e0288804e3349218978e1b46af9
22bE4uQ6baNwSHPVcDxLCe,5wEUIEpxAFSr5fEbQv1fud,Black And Blue (Super Deluxe),Album,2025-11-14,"Hot Stuff - 2025 Mix (05:22)/Hand Of Fate - 2025 Mix (04:28)/Cherry Oh Baby - 2025 Mix (03:53)/Memory Motel - 2025 Mix (07:07)/Hey Negrita - 2025 Mix (05:00)/Melody - 2025 Mix (05:48)/Fool To Cry - 2025 Mix (05:02)/Crazy Mama - 2025 Mix (04:35)/I Love Ladies (05:30)/Shame, Shame, Shame (04:05)/Chuck Berry Style Jam (05:29)/Blues Jam (09:22)/Rotterdam Jam (07:43)/Freeway Jam (05:35)/Honky Tonk Women - Live At Earls Court, London, UK / 1976 (03:34)/If You Can’t Rock Me/Get Off My Cloud - Live At Earls Court, London, UK / 1976 (05:37)/Hand Of Fate - Live At Earls Court, London, UK / 1976 (03:56)/Hey Negrita - Live At Earls Court, London, UK / 1976 (04:35)/Ain't Too Proud To Beg - Live At Earls Court, London, UK / 1976 (04:11)/Fool To Cry - Live At Earls Court, London, UK / 1976 (04:56)/Hot Stuff - Live At Earls Court, London, UK / 1976 (04:25)/Star Star (Starfucker) - Live At Earls Court, London, UK / 1976 (04:01)/You Gotta Move - Live At Earls Court, London, UK / 1976 (04:06)/You Can't Always Get What You Want - Live At Earls Court, London, UK / 1976 (07:53)/Band Intro - Live At Earls Court, London, UK / 1976 (01:09)/Happy - Live At Earls Court, London, UK / 1976 (03:03)/Tumbling Dice - Live At Earls Court, London, UK / 1976 (03:47)/Nothing From Nothing - Live At Earls Court, London, UK / 1976 (02:46)/Outa-Space - Live At Earls Court, London, UK / 1976 (04:32)/Midnight Rambler - Live At Earls Court, London, UK / 1976 (11:03)/It's Only Rock 'n Roll (But I Like It) - Live At Earls Court, London, UK / 1976 (05:02)/Brown Sugar - Live At Earls Court, London, UK / 1976 (03:21)/Jumpin' Jack Flash - Live At Earls Court, London, UK / 1976 (03:22)/Street Fighting Man - Live At Earls Court, London, UK / 1976 (05:55)/Sympathy For The Devil - Live At Earls Court, London, UK / 1976 (08:11",https://i.scdn.co/image/ab67616d00001e02ee81a1a4c98b1a290212e86d
22bE4uQ6baNwSHPVcDxLCe,1nk0CV2agKlG3G0dV4vyqK,In The Stars,Single,2026-05-05,In The Stars (04:13)/Rough And Twisted (04:39,https://i.scdn.co/image/ab67616d00001e02ce029930e121e2884a5c1d43
1G1mX30GpUJqOr1QU2eBSs,6I5am7n34txDtqIRftZTj3,Four Pieces,Album,2018-10-26,"Don't Go (2018 Remaster) (03:10)/Too Pieces (2018 Remaster) (03:14)/Bad Connection (2018 Remaster) (03:21)/I Before E Except After C (2018 Remaster) (04:41)/Midnight (2018 Remaster) (04:22)/In My Room (2018 Remaster) (03:50)/Only You (2018 Remaster) (03:14)/Goodbye 70's (2018 Remaster) (02:36)/Tuesday (2018 Remaster) (03:22)/Winter Kills (2018 Remaster) (04:04)/Bring Your Love Down (Didn't I) (2018 Remaster) (04:40)/Nobody's Diary (2018 Remaster) (04:29)/Softly Over (2018 Remaster) (04:01)/Sweet Thing (2018 Remaster) (03:42)/Mr Blue (2018 Remaster) (03:24)/Good Times (2018 Remaster) (04:20)/Walk Away from Love (2018 Remaster) (03:17)/Ode to Boy (2018 Remaster) (03:34)/Unmarked (2018 Remaster) (03:34)/Anyone (2018 Remaster) (03:23)/Happy People (2018 Remaster) (02:55)/And On (2018 Remaster) (03:13)/Nobody's Diary (Extended Version) (2018 Remaster) (06:08)/Situation (Richard X Remix) (2018 Remaster) (05:51)/Don't Go (Remix) (2018 Remaster) (04:09)/Only You (Orchestral Mix) (2018 Remaster) (03:12)/Situation (The Aggressive Attitude Mix) (2018 Remaster) (06:55)/Don't Go (Tee's TNT Radio Mix) (2018 Remaster) (03:21)/State Farm (Madhouse Mix Edit) (2018 Remaster) (03:21)/Winter Kills (Minute Taker Remix) (2018 Remaster) (04:35)/Don't Go (John Peel BBC Session, June 1982) (02:35)/Midnight (John Peel BBC Session, June 1982) (04:23)/In My Room (John Peel BBC Session, June 1982) (04:40)/Winter Kills (John Peel BBC Session, June 1982) (04:58)/Bring Your Love Down (Didn't I) (David Jensen BBC Session, September 1982) (03:43)/In My Room (David Jensen BBC Session, September 1982) (04:04)/Situation (David Jensen BBC Session, September 1982) (04:18)/Too Pieces (David Jensen BBC Session, September 1982) (02:26",https://i.scdn.co/image/ab67616d00001e0230f4ba910de3f9e4698cb932
1G1mX30GpUJqOr1QU2eBSs,2S9hNX05TJt2zKSSgDeNpd,You and Me Both,Album,1983-07-04,Nobody's Diary (04:32)/Softly Over (04:00)/Sweet Thing (03:43)/Mr Blue (03:27)/Good Times (04:29)/Walk Away from Love (03:20)/Ode to Boy (03:37)/Unmarked (03:36)/Anyone (03:26)/Happy People (02:59)/And On (03:13,https://i.scdn.co/image/ab67616d00001e02c8123387f350f336f1db34ca
4RuYtHjAKBufQRqBUMiOfK,3kMhPGtxX8qTqznPX8b8Zv,Greggio e pericoloso (Original Soundtrack),Single,1981-01-01,Greggio e pericoloso - Titles (05:24)/Greggio e pericoloso - Seq. 2 (03:50)/Greggio e pericoloso - Seq. 3 (02:57)/Greggio e pericoloso - Seq. 4 (04:35)/Greggio e pericoloso - Seq. 5 (02:56)/Greggio e pericoloso - Seq. 6 (03:02)/Greggio e pericoloso - Seq. 7 (03:16)/Greggio e pericoloso - Seq. 8 (02:39)/Greggio e pericoloso - Seq. 9 (02:52)/Greggio e pericoloso - Seq. 10 (04:23)/Greggio e pericoloso - Seq. 11 (03:52)/Greggio e pericoloso - Seq. 12 (02:31,https://i.scdn.co/image/ab67616d00001e02a11980374832aaaf9aa9d93c
71TXox3zeu8QPFAiv07Qf4,68LAJiZ3jIjnzoy5cp0KZ8,Istanbul - Casablanca,Album,1999-04-06,"Roberto (05:41)/Nasredin (09:02)/Renk (05:47)/Bisterve (04:51)/All alone (11:15)/Istanbul Suite (12:38)/"" 3-2-3 "" (05:51)/"" Air "" (03:48)/Mirhaba Herzberg (01:09)/Mongolenblues (08:36)/Session 2 Part 1 (03:43)/Telefon (04:54)/Chinese rap in 9 (07:38)/Rumba di Llanca (02:28)/Saat Holm (10:19)/Pirata (02:21)/Gnawamagic (12:58)/Andalouse (02:48)/Essaouira (09:18)/Banda Banda (02:30)/Navi! (02:20)/Oribo (04:02)/Session 2 Part 2 (01:48",https://i.scdn.co/image/ab67616d00001e02eea1eead6c4c22b36751f713
4RuYtHjAKBufQRqBUMiOfK,25zL1qPPiMUskPr8v8CWJv,Orlando: Le Forme dell'Amore,Album,2022-09-23,Proemio (02:10)/La Pianura Rossa (06:39)/Serve Orlando Adesso (04:11)/Non Mi Spaventa Più L'Amore (04:11)/Non Serve Tremare (04:06)/Le Anime Deserte Del Mondo (04:43)/L'Isola Felice (04:00)/La Maldicenza (06:06)/Cadere O Volare (05:05)/Il Paladino (02:51)/L'Amore Accade (03:41)/Non Credere Alla Luna (06:55)/Moon Suite (11:04)/Come È Successo Che Sei Qui (03:29)/Cosa Vuol Dire Per Sempre (06:45,https://i.scdn.co/image/ab67616d00001e024237c70e86f4dafe6d20094a
0yNLKJebCb8Aueb54LYya3,7Hm47KQv4uPp1ijUhmyqea,Complete Music,Album,2016-05-13,Restless - Extended Mix (09:29)/Singularity - Extended Mix (07:33)/Plastic - Extended Mix (09:06)/Tutti frutti - Extended Mix (08:05)/People on the High Line - Extended Mix (07:51)/Stray Dog - Extended Mix (06:30)/Academic - Extended Mix (08:57)/Nothing but a Fool - Extended Mix 2 (09:09)/Unlearn This Hatred - Extended Mix (05:25)/The Game - Extended Mix (07:24)/Superheated - Extended Mix 2 (07:07)/Restless (05:28)/Singularity (05:37)/Plastic (06:55)/Tutti frutti (06:22)/People on the High Line (05:41)/Stray Dog (06:17)/Academic (05:54)/Nothing but a Fool (07:43)/Unlearn This Hatred (04:19)/The Game (05:06)/Superheated (05:04,https://i.scdn.co/image/ab67616d00001e029808c3f448d3e8a6fa613ec2
3iUjRVvYCsMfz7tuAQtBDI,59I3dti6310mhQu69j6dgz,The Collection (Deluxe Edition),Album,2025-12-05,"Dancing With Tears In My Eyes - Single Version (04:10)/Hymn - Single Version (04:28)/The Thin Wall - Single Version (04:26)/The Voice - Single Version (04:23)/Vienna - Single Version (04:41)/Passing Strangers (03:50)/Sleepwalk (03:11)/Reap The Wild Wind (03:49)/All Stood Still - Single Version (03:42)/Visions In Blue - Single Version (04:17)/We Came To Dance - Single Version (04:10)/One Small Day (04:33)/Love's Great Adventure (03:06)/Lament - Single Version (04:18)/All Stood Still - Alternative Version (04:40)/The Thin Wall - Steven Wilson Single Mix (04:26)/Serenade - 2025 Single Mix (04:33)/White China - Steven Wilson Remix Edit (03:10)/Brilliant - Radio Edit (03:50)/Same Old Story - Radio Edit (03:30)/Hymn - Alternative Version (05:16)/New Europeans - Moments From Eden Live (05:00)/Rise - Liver, Sept 2012 (04:27)/Live - Single Edit (03:56)/Lament - Alternative Version (04:43)/All Fall Down - Radio Edit (04:38)/All In One Day - Radio Edit (04:19)/Vienna - Alternative Version (05:14)/Hymn - Steven Wilson 12"" Re-Mix (10:45)/Sleepwalk - Steven Wilson 12"" Re-Mix (06:57)/The Thin Wall - Steven Wilson 12"" Re-Mix (09:39)/Visions In Blue - Steven Wilson 12"" Re-Mix (08:48)/Reap The Wild Wind - 12"" Re-mix Extra (06:12)/Love's Great Adventure - Blank & Jones so8os Reconstruction (05:09)/All Stood Still - Midge Ure 12"" Re-Mix (05:58)/New Europeans - Extended Re-Mix (06:01)/Same Old Story - 12"" Re-mix Extra (05:53)/Serenade - 12"" Re-mix Extra (06:30)/Waiting (03:50)/Passionate Reply (04:17)/Herr X (05:43)/Alles Klar (04:55)/Keep Talking - Cassette Recording During Rehearsal (06:22)/I Never Wanted To Begin (03:31)/Paths And Angels (04:18)/Hosanna (In Excelsis Deo) (04:21)/Monument (03:16)/Break Your Back (03:28)/Overlook (04:04)/Easterly (03:48",https://i.scdn.co/image/ab67616d00001e029301d0167e4fbc1269695fd7
4lianjyuR1tqf6oUX8kjrZ,0mq6gm5cbSU2dMNBV06UGB,Anthology - Le Nostre Anime,Compilation,2015-11-13,Le Nostre Anime (04:24)/L'Era Del Cinghiale Bianco - Mix 2015 (03:20)/Stranizza D'Amuri - Edit 2015 (03:28)/Up Patriots To Arms - Mix 2015 (04:22)/Prospettiva Nevski - Mix 2015 (03:34)/Summer On A Solitary Beach - Mix 2015 (04:49)/Bandiera Bianca - Mix 2015 (04:37)/Gli Uccelli - Mix 2015 (04:04)/Cuccurucucù - Mix 2015 (04:10)/Centro Di Gravità Permanente - Mix 2015 (03:50)/Voglio Vederti Danzare - Mix 2015 (03:28)/La Stagione Dell'Amore - New Version 2015 (03:43)/Un'Altra Vita - Mix 2015 (03:04)/No Time No Space - Mix 2015 (03:23)/L'Animale - New Version 2015 (02:55)/E Ti Vengo A Cercare (03:51)/Nomadi - Mix 2015 (03:55)/Giubbe Rosse - New Version 2015 (03:34)/Alexander Platz - Live (03:19)/Center Of Gravity (03:24)/Lo Spirito Degli Abissi (03:35)/Povera Patria (03:43)/Caffé De La Paix - Mix Edit 2015 (03:22)/Strani Giorni - Mix 2015 (03:59)/La Cura - Mix 2015 (04:02)/Shock In My Town (04:22)/Il Mantello E La Spiga (03:59)/Niente E' Come Sembra (03:36)/Inneres Auge (03:41)/L'Incantesimo (03:20)/Un Irresistibile Richiamo (03:35)/Testamento (03:35)/Passacaglia (03:23)/Il Re Del Mondo - Live At Arena Di Verona (03:23)/Del Suo Veloce Volo (Frankestein) - Live At Arena Di Verona (04:03)/I Treni Di Tozeur - Live At Arena Di Verona (03:06)/Se Telefonando (03:20)/Aria Di Neve (02:54)/Te Lo Leggo Negli Occhi (03:05)/La Canzone Dei Vecchi Amanti (03:25)/Tutto L'Universo Obbedisce All'Amore (03:27)/L'Addio (03:22)/Inverno (03:28)/Oceano Di Silenzio (04:18)/Le Sacre Sinfonie Del Tempo (03:46)/L'Ombra Della Luce (04:53)/Lode All'Inviolato - New Version 2015 (03:21)/Haiku - New Version 2015 (03:46)/Stati Di Gioia - New Version 2015 (03:53)/Io Chi Sono? - New Version 2015 (03:47,https://i.scdn.co/image/ab67616d00001e02cc60f0dd2e124d187dff1be6
0S7Zur2g8YhqlzqtlYStli,630o1rKTDsLeIPreOY1jqP,Marquee Moon,Album,1977-02-08,See No Evil (03:52)/Venus (03:49)/Friction (04:43)/Marquee Moon (10:38)/Elevation (05:05)/Guiding Light (05:32)/Prove It (05:00)/Torn Curtain (06:56,https://i.scdn.co/image/ab67616d00001e0218b36d985b0ae01163ca9cf6
2x9SpqnPi8rlE9pjHBwmSC,6iOPhFscLxdpzGug0qxpcZ,Naked,Album,1988-03-15,Blind (05:00)/Mr. Jones (04:20)/Totally Nude (04:11)/Ruby Dear (03:50)/(Nothing But) Flowers (05:33)/Democratic Circus (05:04)/Facts of Life (06:28)/Mommy Daddy You and I (03:58)/Big Daddy (05:38)/Bill (03:22)/Cool Water (05:22)/Sax and Violins - 2005 Remaster (05:17,https://i.scdn.co/image/ab67616d00001e02569adf0916825b184451a8e9
2x9SpqnPi8rlE9pjHBwmSC,5dVZpNJraoqCo3BssinMoo,Fear of Music (Deluxe Version),Album,1979-08-03,I Zimbra - 2005 Remaster (03:08)/Mind - 2005 Remaster (04:12)/Paper - 2005 Remaster (02:38)/Cities - 2005 Remaster (04:14)/Life During Wartime - 2005 Remaster (03:41)/Memories Can't Wait - 2005 Remaster (03:30)/Air - 2005 Remaster (03:34)/Heaven - 2005 Remaster (04:01)/Animals - 2005 Remaster (03:30)/Electric Guitar - 2005 Remaster (03:01)/Drugs - 2005 Remaster (05:14)/Dancing for Money - Unfinished Outtake (02:39)/Life During Wartime - Alternate Version (04:05)/Cities - Alternate Version (05:28)/Mind - Alternate Version (04:26,https://i.scdn.co/image/ab67616d00001e028365f74aa622b1b86962c8dd
3fRV5Jo7lNKhRSx4C3sLMZ,3iUUREuyAi0ptndfaPlI0y,Word Salad,Compilation,1979-05,Pretty Paracetamol (03:59)/Acrobats (02:42)/The Worker (03:35)/Spiders (01:44)/Remember Russia (03:37)/The French Let Her (03:20)/Lies (03:58)/Wax Dolls (02:47)/Headlines (03:24)/Nice to Know (02:53)/Billy and the Motorway Police (02:13)/Lemmings (03:03,https://i.scdn.co/image/ab67616d00001e02c976afc6b59fa16c13ef16eb
2x9SpqnPi8rlE9pjHBwmSC,78MM8HrabEGPLVWaJkM2t1,Speaking in Tongues,Album,1983-05-31,Burning Down the House (04:03)/Making Flippy Floppy (05:54)/Girlfriend Is Better (05:45)/Slippery People (05:06)/I Get Wild / Wild Gravity (05:16)/Swamp (05:13)/Moon Rocks (05:45)/Pull up the Roots (05:09)/This Must Be the Place (Naive Melody) (04:55,https://i.scdn.co/image/ab67616d00001e021e6080bcea9c1d05762084a1
2x9SpqnPi8rlE9pjHBwmSC,4ksJGDgtixAqJ390XWv0Ua,Popular Favorites 1976 - 1992 / Sand in the Vaseline,Compilation,1992-10-13,Sugar on My Tongue (02:36)/I Want to Live (03:23)/Love → Building on Fire (02:57)/I Wish You Wouldn't Say That (02:36)/Psycho Killer (04:20)/Don't Worry About the Government (03:01)/No Compassion (04:49)/Warning Sign (03:54)/The Big Country (05:32)/Take Me to the River (05:03)/Heaven (04:00)/Memories Can't Wait (03:30)/I Zimbra (03:08)/Once in a Lifetime (04:18)/Crosseyed and Painless (04:47)/Burning Down the House (04:03)/Swamp (05:16)/This Must Be the Place (Naive Melody) (04:55)/Life During Wartime - Live (05:51)/Girlfriend Is Better - Live (05:06)/And She Was (03:39)/Stay up Late (03:43)/Road to Nowhere (04:19)/Wild Wild Life (03:39)/Love for Sale (04:31)/City of Dreams (05:09)/Mr. Jones (04:20)/Blind (05:00)/(Nothing But) Flowers (05:34)/Sax and Violins (05:18)/Gangster of Love (04:29)/Lifetime Piling Up (03:53)/Popsicle (05:19,https://i.scdn.co/image/ab67616d00001e02f704c874cd053dbac89591b3
0yNLKJebCb8Aueb54LYya3,7cIIPSmmeDUaChBSJElK78,The Rest of New Order,Compilation,1995,World (The Price of Love) - Perfecto Mix (07:28)/Blue Monday - Hardfloor Mix (08:35)/True Faith - Shep Pettibone Remix (09:02)/Confusion - Pump Panel Reconstruction Mix (10:12)/Touched by the Hand of God - A Biff + Memphis Remix (10:00)/Bizarre Love Triangle - Armand Van Helden Mix (08:59)/Ruined in a Day - K-Klass Remix (06:13)/Regret - Fire Island Mix (07:13)/Age of Consent - Howie B. Remix (05:23)/Spooky - Magimix (06:58,https://i.scdn.co/image/ab67616d00001e022cb4d73a988ef5983e3276ed
2qT62DYO8Ajb276vUJmvhz,3suXBde2fATz1UzA6f7UoA,Oranges & Lemons,Album,1989-02-27,Garden Of Earthly Delights - 2001 Remaster (05:03)/Mayor Of Simpleton - 2001 Remaster (03:58)/King For A Day - 2001 Remaster (03:37)/Here Comes President Kill Again - 2001 Remaster (03:35)/The Loving - 2001 Remaster (04:11)/Poor Skeleton Steps Out - 2001 Remaster (03:33)/One Of The Millions - 2001 Remaster (04:36)/Scarecrow People - 2001 Remaster (04:13)/Merely A Man - 2001 Remaster (03:27)/Cynical Days - 2001 Remaster (03:17)/Across This Antheap - 2001 Remaster (04:51)/Hold Me My Daddy - 2001 Remaster (03:47)/Pink Thing - 2001 Remaster (03:48)/Miniature Sun - 2001 Remaster (03:57)/Chalkhills And Children - 2001 Remaster (04:57,https://i.scdn.co/image/ab67616d00001e0220705e53681ce2ba6ae030c4
7Fo8TAyGJr4VmhE68QamMf,152Hw6E0tNz3EQNq9c1CDf,It's My Life,Album,1984,Dum Dum Girl - 1997 Remaster (03:50)/Such a Shame - 1997 Remaster (05:35)/Renee - 1997 Remaster (06:22)/It's My Life - 1997 Remaster (03:52)/Tomorrow Started - 1997 Remaster (05:58)/The Last Time - 1997 Remaster (04:23)/Call in the Night Boy - 1997 Remaster (03:47)/Does Caroline Know? - 1997 Remaster (04:30)/It's You - 1997 Remaster (04:42,https://i.scdn.co/image/ab67616d00001e02ed7b5f97f354c216f80d61da
2x9SpqnPi8rlE9pjHBwmSC,4sLCQxMRfn3gAHrBNZtbTH,Speaking in Tongues (Deluxe Version),Album,1983-05-31,Burning Down the House - 2005 Remaster (04:01)/Making Flippy Floppy - 2005 Remaster (05:54)/Girlfriend Is Better - 2005 Remaster (05:43)/Slippery People - 2005 Remaster (05:06)/I Get Wild / Wild Gravity - 2005 Remaster (05:16)/Swamp - 2005 Remaster (05:13)/Moon Rocks - 2005 Remaster (05:45)/Pull up the Roots - 2005 Remaster (05:09)/This Must Be the Place (Naive Melody) - 2005 Remaster (04:56)/Two Note Swivel - Unfinished Outtake (05:48)/Burning Down the House - Alternate Version (05:09,https://i.scdn.co/image/ab67616d00001e02e35e2e2a4bfa8a30a78fc532
762310PdDnwsDxAQxzQkfX,0Tg76MY2wNK4j37iCb6qyH,Violator (Deluxe),Album,1990-03-19,World In My Eyes (04:26)/Sweetest Perfection (04:43)/Personal Jesus (04:55)/Halo (04:30)/Waiting for the Night (06:07)/Enjoy the Silence (06:12)/Policy of Truth (04:55)/Blue Dress (05:38)/Clean (05:33)/Dangerous (04:21)/Memphisto (04:08)/Sibeling (03:17)/Kaleid - 7'' Version (04:17)/Happiest Girl - Jack Mix (04:57)/Sea of Sin - Tonal Mix (04:44,https://i.scdn.co/image/ab67616d00001e02234bbbad4dce31cd2950af3e
1G1mX30GpUJqOr1QU2eBSs,78BwXnGLbEBi5jIgY5GVs8,Upstairs at Eric's (Remastered),Album,1982-08-20,Don't Go - 2008 Remaster (03:11)/Too Pieces - 2008 Remaster (03:14)/Bad Connection - 2008 Remaster (03:21)/I Before E Except After C - 2008 Remaster (04:42)/Midnight - 2008 Remaster (04:22)/In My Room - 2008 Remaster (03:52)/Only You - 2008 Remaster (03:15)/Goodbye 70's - 2008 Remaster (02:37)/Tuesday - 2008 Remaster (03:20)/Winter Kills - 2008 Remaster (04:04)/Bring Your Love Down (Didn't I) - 2008 Remaster (04:40,https://i.scdn.co/image/ab67616d00001e0266458e10eaf0b0edd65fc6d2
0yNLKJebCb8Aueb54LYya3,45ONyCjOEHEVUpxT6bApYp,Blue Monday '88,Single,1988,Blue Monday '88 (04:07,https://i.scdn.co/image/ab6742d3000053b715a13d479bbb58eb130e0b5a
2x9SpqnPi8rlE9pjHBwmSC,1JvXxLsm0PxlGH4LXzqMGq,Remain in Light,Album,1980-10-08,Born Under Punches (The Heat Goes On) (05:48)/Crosseyed and Painless (04:45)/The Great Curve (06:27)/Once in a Lifetime (04:19)/Houses in Motion (04:33)/Seen and Not Seen (03:24)/Listening Wind (04:43)/The Overload (06:00,https://i.scdn.co/image/ab67616d00001e02e49a405217bda217816f7bf5
432R46LaYsJZV2Gmc4jUV5,33qkK1brpt6t8unIpeM2Oy,Unknown Pleasures (Collector's Edition),Album,1979-06-01,"Disorder - 2007 Remaster (03:29)/Day of the Lords - 2007 Remaster (04:47)/Candidate - 2007 Remaster (03:07)/Insight - 2007 Remaster (04:26)/New Dawn Fades - 2007 Remaster (04:51)/She's Lost Control - 2007 Remaster (03:57)/Shadowplay - 2007 Remaster (03:53)/Wilderness - 2007 Remaster (02:40)/Interzone - 2007 Remaster (02:17)/I Remember Nothing - 2007 Remaster (05:55)/Dead Souls - The Factory, Manchester Live 11 April 1980 (04:25)/The Only Mistake - The Factory, Manchester Live 11 April 1980 (04:12)/Insight - The Factory, Manchester Live 11 April 1980 (03:52)/Candidate - The Factory, Manchester Live 11 April 1980 (02:07)/Wilderness - The Factory, Manchester Live 11 April 1980 (02:31)/She's Lost Control - The Factory, Manchester Live 11 April 1980 (03:47)/Shadowplay - The Factory, Manchester Live 11 April 1980 (03:34)/Disorder - The Factory, Manchester Live 11 April 1980 (03:28)/Interzone - The Factory, Manchester Live 11 April 1980 (02:05)/Atrocity Exhibition - The Factory, Manchester Live 11 April 1980 (06:14)/Novelty - The Factory, Manchester Live 11 April 1980 (04:28)/Transmission - The Factory, Manchester Live 11 April 1980 (03:49",https://i.scdn.co/image/ab67616d00001e0216eb1e685e6bd37ab3228de6
0f3kLT4wvi2mFHlHJgV8Hl,4sdT5KV2MJAik048qExBOs,Crazy People's Right To Speak,Album,2004-08-02,Do I (03:28)/Shouldn't Do That (03:24)/Your Appetite (04:23)/Rivers (04:35)/Sit Down & Shut Up (03:55)/Afraid of You (03:52)/Jigsaw (03:52)/Fear of Falling (03:14)/Charm of a Gun (04:27)/You Really Take My Breath Away (04:56)/Shouldn't Do That - Disciplined Mix (07:00)/Shouldn't Do That - Undisciplined Mix (06:01)/Hurricane (03:57)/What Ever You Want (03:43,https://i.scdn.co/image/ab67616d00001e02a31cecd06441ce882905fbcd
3iUjRVvYCsMfz7tuAQtBDI,15BhyErNMCS96rXaeAkMre,Lament (2009 Remaster),Album,1984-04-06,"White China - 2009 Remaster (03:53)/One Small Day - 2009 Remaster (04:33)/Dancing with Tears in My Eyes - 2009 Remaster (04:40)/Lament - 2009 Remaster (04:41)/Man of Two Worlds - 2009 Remaster (04:28)/Heart of the Country - Instrumental (05:06)/When the Time Comes (I'll Cry...) - 2009 Remaster (04:57)/A Friend I Call Desire - 2009 Remaster (05:11)/One Small Day - Special Remix (07:51)/Easterly - 2009 Remaster (03:48)/Lament - Extended Mix (08:02)/One Small Day - Special Remix Extra (08:31)/Dancing with Tears in My Eyes - Special Remix (10:02)/Building - 2009 Remaster (03:11)/White China - Special Mix (08:23)/Heart of the Country - Instrumental (04:24)/One Small Day - Final Mix (07:45)/A Friend I Call Desire - Work in Progress Mix (05:39)/Lament - Work in Progress Mix (04:53)/Love's Great Adventure - Extended Version (05:40)/White China - Live at the Hammersmith Odeon, June 1984 (03:46)/Man of Two Worlds - Instrumental (04:31)/Heart of the Country - Special Remix (11:05",https://i.scdn.co/image/ab67616d00001e02c32a9b9f52a37875d00bbc51
3iUjRVvYCsMfz7tuAQtBDI,4xO0SbjcUy09mkcfLmUfUe,Quartet [Deluxe Edition],Album,2023-07-07,"Reap the Wild Wind (03:43)/Serenade (05:05)/Mine For Life (04:46)/Hymn (05:49)/Visions in Blue (04:41)/When the Scream Subsides (04:17)/We Came to Dance (04:14)/Cut And Run (04:19)/The Song (We Go) (03:57)/Reap The Wild Wind - Steven Wilson Stereo Mix (03:49)/Serenade - Steven Wilson Stereo Mix (05:04)/Mine For Life - Steven Wilson Stereo Mix (04:44)/Hymn - Steven Wilson Stereo Mix (05:51)/Visions In Blue - Steven Wilson Stereo Mix (04:39)/When The Scream Subsides - Steven Wilson Stereo Mix (04:17)/We Came To Dance - Steven Wilson Stereo Mix (04:27)/Cut And Run - Steven Wilson Stereo Mix (04:19)/The Song (We Go) - Steven Wilson Stereo Mix (03:58)/Hosanna (In Excelsis Deo) - Steven Wilson Stereo Mix (04:27)/Monument - Steven Wilson Stereo Mix (03:22)/Break Your Back - Steven Wilson Stereo Mix (03:26)/Overlook - Steven Wilson Stereo Mix (04:10)/Reap the Wild Wind - Extended Version (04:44)/Hosanna (In Excelsis Deo) (04:23)/Hymn - Single Version (04:28)/Monument (03:17)/The Thin Wall - Live at Hammersmith Odeon, Oct. 1981 (05:55)/Visions In Blue - Single Version (04:17)/Break Your Back (03:29)/Reap The Wild Wind - Live at the Hammersmith Odeon, Dec. 1982 (03:57)/We Came To Dance - Single Version (04:10)/Overlook (04:06)/We Came To Dance - Extended Version (07:38)/Serenade - Single Version (04:27)/Serenade - Special Re-Mix (06:05)/The Voice - Live at the Hammersmith Odeon, Dec. 1982 (04:35)/Reap The Wild Wind - Monitor Mix (03:40)/Visions In Blue - Monitor Mix (04:21)/Cut & Run - Monitor Mix (04:33)/Mine For Life - Monitor Mix (05:08)/Hymn - Monitor Mix (06:16)/Serenade - Monitor Mix (04:57)/We Came To Dance - Monitor Mix (04:59)/Reap The Wild Wind - Live at Hammersmith Odeon 5/12/1982 (04:28)/When The Scream Subsides - Live at Hammersmith Odeon 5/12/1982 (04:17)/The Thin Wall - Live at Hammersmith Odeon 5/12/1982 (05:40)/New Europeans - Live at Hammersmith Odeon 5/12/1982 (04:13)/We Stand Alone - Live at Hammersmith Odeon 5/12/1982 (05:33)/I Remember (Death In The Afternoon) - Live at Hammersmith Odeon 5/12/1982 (05:32)/Visions In Blue - Live at Hammersmith Odeon 5/12/1982 (04:39",https://i.scdn.co/image/ab67616d00001e02058a45373203cabb7bb8cf51
0yNLKJebCb8Aueb54LYya3,1INPNU4BLdbKeLQqcYTGnx,Music Complete,Album,2015-09-25,Restless (05:28)/Singularity (05:37)/Plastic (06:55)/Tutti frutti (06:22)/People on the High Line (05:41)/Stray Dog (06:17)/Academic (05:54)/Nothing but a Fool (07:43)/Unlearn This Hatred (04:19)/The Game (05:06)/Superheated (05:04,https://i.scdn.co/image/ab67616d00001e0260f1195a2312a742728b3f15
0yNLKJebCb8Aueb54LYya3,6cjugjFHB3T1alJxAffyxQ,The Best of New Order,Compilation,1994-01-01,True Faith '94 (05:35)/Bizarre Love Triangle '94 (03:54)/1963 (03:47)/Regret (04:08)/Fine Time (03:09)/The Perfect Kiss (04:48)/Shellshock (04:24)/Thieves like Us (03:57)/Vanishing Point (05:17)/Run 2 (04:30)/Round & Round '94 (04:01)/World (Price of Love) (03:39)/Ruined in a Day - Radio Edit (04:00)/Touched by the Hand of God (03:45)/Blue Monday '88 (04:04)/World in Motion (04:30,https://i.scdn.co/image/ab67616d00001e0285e36c64e60da20606d89897
1G1mX30GpUJqOr1QU2eBSs,3ka6eg73IDCDYhhrlZHpUb,Upstairs at Eric’s,Album,1982-07-01,"Don't Go (03:08)/Too Pieces (03:13)/Bad Connection (03:20)/Midnight (04:21)/In My Room (03:52)/Only You (03:14)/Goodbye 70's (02:34)/Tuesday (03:22)/Winter Kills (04:05)/Bring Your Love Down (Didn't I) (04:39)/The Other Side of Love - Remixed Extended Version (05:21)/Situation - 12"" Remix (05:45",https://i.scdn.co/image/ab67616d00001e029d6e136c3a0298fb0c53abea
762310PdDnwsDxAQxzQkfX,7cmj0LC7Fob1p2BxsMYYAa,Ultra,Album,1997-04-14,Barrel Of A Gun (05:31)/The Love Thieves (06:31)/Home (05:40)/It's No Good (05:58)/Uselink (02:21)/Useless (05:12)/Sister Of Night (06:04)/Jazz Thieves (02:54)/Freestate (06:44)/The Bottom Line (04:26)/Insight (06:26)/Junior Painkiller (02:09,https://i.scdn.co/image/ab67616d00001e027ab56ba722467369e493bc2b
0EPf9vAXPdFV5Ezp1sMX8B,3j601V2oigPTHypgq3wwCu,The Anvil,Album,1982-01-01,The Damned Don't Cry (04:44)/Anvil Night Club School (04:39)/Move Up (04:25)/Night Train (04:30)/The Horseman (04:41)/Look What They've Done (04:49)/Again We Love (04:44)/Wild Life (04:25)/Whispers (05:35,https://i.scdn.co/image/ab67616d00001e02e8d785af0799f22000d8e4fb
0yNLKJebCb8Aueb54LYya3,5BmnaerQ5nGMIZshBW4TmE,Live at Bestival 2012,Album,2013-07-08,Elegia (02:54)/Regret (04:05)/Isolation (03:14)/Krafty (04:59)/Here to Stay (06:17)/Bizarre Love Triangle (04:50)/586 (05:39)/The Perfect Kiss (06:32)/True Faith (06:59)/Blue Monday (07:08)/Temptation (10:07)/Transmission (04:04)/Love Will Tear Us Apart (05:26,https://i.scdn.co/image/ab67616d00001e028b987c9efecfc9b265597bd4
1MjDVu61TxfPIPEKU4CUv9,49WbUhzzdloagcrZKn0LhB,"Raï, the Gold Collection",Compilation,1960-01-01,Chabrassi (05:27)/Hagda (03:30)/Ha mama (05:50)/France orient express (05:28)/Hadi hadi (05:43)/Hanari (05:29)/Yam'safer (04:23)/Oulili (03:35)/El ghorba (04:46)/Zina (04:36)/Prophète (05:34)/Ena maghnaoui (04:33)/Guelou ness (03:30)/Salam (05:13)/Diri l'aed (06:44)/Malika (07:50)/Taila (06:09)/Sid eghmine (04:35)/Fe trig (04:49)/Ti sbabi (05:51)/Ech hale nebghik (05:42)/Ana ouelah ghir (05:38)/Nsalfik (06:48)/Lala sadia (05:35)/Aslek (03:21)/Talbek madani (06:43)/Hohoho lala (05:41)/Gouli rani nebghik (04:51)/Bellah ya benel ourchane (04:13,https://i.scdn.co/image/ab67616d00001e02ea5f2674cdc7ce3f8c4d698d
7LGjULfs3CUorLei47BKKk,27sWqCRbz5QqrfNTAXn07g,Life At The Pyramids,Album,1985-08-25,Sultan Swing (05:59)/Mata Hari (05:51)/Telephone Arab (05:33)/Blue Nile (02:01)/At The Pyramids (04:37)/Berlin Beduins (06:26)/Roots Of Tanger (03:22)/Do The Pharao (06:16)/Allal (05:17)/Mata Hari (Single Mix) (03:40,https://i.scdn.co/image/ab67616d00001e0267da3f0ae67779ff2197b440
28ztjHIXceRRntmTUfnmUX,49WbUhzzdloagcrZKn0LhB,"Raï, the Gold Collection",Compilation,1960-01-01,Chabrassi (05:27)/Hagda (03:30)/Ha mama (05:50)/France orient express (05:28)/Hadi hadi (05:43)/Hanari (05:29)/Yam'safer (04:23)/Oulili (03:35)/El ghorba (04:46)/Zina (04:36)/Prophète (05:34)/Ena maghnaoui (04:33)/Guelou ness (03:30)/Salam (05:13)/Diri l'aed (06:44)/Malika (07:50)/Taila (06:09)/Sid eghmine (04:35)/Fe trig (04:49)/Ti sbabi (05:51)/Ech hale nebghik (05:42)/Ana ouelah ghir (05:38)/Nsalfik (06:48)/Lala sadia (05:35)/Aslek (03:21)/Talbek madani (06:43)/Hohoho lala (05:41)/Gouli rani nebghik (04:51)/Bellah ya benel ourchane (04:13,https://i.scdn.co/image/ab67616d00001e02ea5f2674cdc7ce3f8c4d698d
7LGjULfs3CUorLei47BKKk,3Vl1cnMHIBciZDPwmfZAk5,Sahara Elektrik,Album,1984-01-09,Inshallah (06:56)/Fata Morgana (06:48)/El Mounadi - The Desert Life (06:24)/Sahara Elektrik (09:29)/Casablanca - Wacha Wacha (09:59)/Shadows Go Arab (04:58,https://i.scdn.co/image/ab67616d00001e02ed413e8b3cc7e41ec3ddffb4
2KUvztaZ23NwLaNMD2qElz,6D8Apauuemk0IFU035OsJv,Five,Album,2004-07-01,Trance Dance (04:02)/Alone (04:51)/Tell Me (04:38)/Lila (05:23)/Casablanca Exile (06:32)/Columbus (04:11)/Anarchie (04:00)/Tea in Marrakesh (04:26)/Macumba (03:48)/Mama Tamba (11:49,https://i.scdn.co/image/ab67616d00001e0258e6b498b5ebbe99fa7f2423
364dHqe2BwXqmOhgdBXpw8,4pUoU89OnJtWvqJiREjaV5,Nouar,Album,2006-04-03,NOUAR (06:17)/NAKHLA (06:16)/HAK HAK (06:45)/SAïDA (06:51)/MANI MAN (06:14)/KOUM OULA TALAG (06:06)/OUAH YA OULD BLADI (05:13)/OSMAN (04:34)/KHALOUHOM (05:30)/RASSOUL ALLAH (05:41,https://i.scdn.co/image/ab67616d00001e024ceea8ab2165b476dcd36c78
2KUvztaZ23NwLaNMD2qElz,1d6X4IwEY9rhpZFY8zmzQf,Spirit of Africa,Compilation,2015-05-01,Awa Y'okeyi (04:31)/Somali Udiida Ceb (05:26)/Aids the Devil (05:10)/It's Sad in This World (05:30)/Our Young People (04:14)/Sima (04:54)/0.1 - Spirit Mix (03:58)/Kasennyanku (04:59)/Things With Socks (08:01)/Baraka (04:26)/Heaven Is My Home (03:25)/Kuna Kunguni (04:56)/Extract (02:50)/Aids the Disease (03:48,https://i.scdn.co/image/ab67616d00001e020bd9e44b0c08faaddd710a3b
6vZXamchcIOKzC1c3Elp4J,2ZjDMSjs84eCv6SVGvxExW,let me rai,Album,1999-01-11,Yo yo (03:35)/Haoulou (04:14)/Let Me Cry (03:51)/Douha alia (04:17)/Fatma (03:47)/Rah eddani (04:32)/Khalihoum (04:42)/Maandi (04:54)/Manimane (04:09,https://i.scdn.co/image/ab67616d00001e029343da1af30059f08a6e5164
2byt8ExYVk3hQkPEgKGiIL,49WbUhzzdloagcrZKn0LhB,"Raï, the Gold Collection",Compilation,1960-01-01,Chabrassi (05:27)/Hagda (03:30)/Ha mama (05:50)/France orient express (05:28)/Hadi hadi (05:43)/Hanari (05:29)/Yam'safer (04:23)/Oulili (03:35)/El ghorba (04:46)/Zina (04:36)/Prophète (05:34)/Ena maghnaoui (04:33)/Guelou ness (03:30)/Salam (05:13)/Diri l'aed (06:44)/Malika (07:50)/Taila (06:09)/Sid eghmine (04:35)/Fe trig (04:49)/Ti sbabi (05:51)/Ech hale nebghik (05:42)/Ana ouelah ghir (05:38)/Nsalfik (06:48)/Lala sadia (05:35)/Aslek (03:21)/Talbek madani (06:43)/Hohoho lala (05:41)/Gouli rani nebghik (04:51)/Bellah ya benel ourchane (04:13,https://i.scdn.co/image/ab67616d00001e02ea5f2674cdc7ce3f8c4d698d
0yNLKJebCb8Aueb54LYya3,2kqbafKAXzDPPEnSHWzmxr,World in Motion,Single,1990-05-21,World in Motion (04:30)/World in Motion - The B-Side (04:52)/World in Motion - No Alla Violenza Mix (05:40)/World in Motion - Subbuteo Mix (05:08,https://i.scdn.co/image/ab67616d00001e02bd2d9cb16c8c90ac65f5b22c
1BGN1IdyiSR0ZYrkoKNchl,4Mft3FkYzPHdWTmRW0yS1U,Hyperborea (Deluxe Version / Remastered 2020),Album,1983-11-01,No Man's Land (09:10)/Hyperborea (08:39)/Cinnamon Road (03:57)/Sphinx Lightning (19:56)/The Dream Is Always The Same - From 'Risky Business' Original Motion Picture Soundtrack (03:43)/No Future (Get Off The Babysitter) - From 'Risky Business' Original Motion Picture Soundtrack (02:01)/Guido The Killer Pimp - From 'Risky Business' Original Motion Picture Soundtrack (04:19)/Lana - From 'Risky Business' Original Motion Picture Soundtrack (03:53)/Love On A Real Train - From 'Risky Business' Original Motion Picture Soundtrack (03:59,https://i.scdn.co/image/ab67616d00001e022654f9d4524cda6df5d37a01
1BGN1IdyiSR0ZYrkoKNchl,2BsaY7QYnmsW2PYVUwNx9a,Recurring Dreams,Album,2020-01-31,Sequent 'C' 2019 (02:27)/Monolight (Yellow Part) 2019 (07:40)/Tangram Set 1 2019 - Excerpt (05:43)/Horizon 2019 - Pt. 1 (06:46)/Horizon 2019 - Pt. 2 (07:15)/Phaedra 2014 (08:15)/Los Santos City Map (07:24)/Claymore Mine / Stalking 2019 (05:40)/Yellowstone Park 2019 (06:34)/Stratosfear 2019 (11:35)/Der Mond ist aufgegangen - Pt. 1 & 2 (09:06,https://i.scdn.co/image/ab67616d00001e024f7b10de1fc555d4c752be6d
1BGN1IdyiSR0ZYrkoKNchl,6wugThEUTAa6BdI2hsqm5n,Phaedra (Deluxe Version),Album,1974-02-20,Phaedra - Remastered 2018 (17:39)/Mysterious Semblance At The Strand Of Nightmares - Remastered 2018 (09:44)/Movements Of A Visionary - Remastered 2018 (07:57)/Sequent 'C' - Remastered 2018 (02:21)/Phaedra - Steven Wilson 2018 Stereo Remix (17:41)/Sequent 'C' - Steven Wilson 2018 Stereo Remix (02:20)/2nd Day (20:33)/Flute Organ Piece (10:59)/Phaedra - Out-Take Version 2A (20:34)/Phaedra - Out-Take Version 1 (11:45)/Phaedra - Out-Take Version 2B (05:43)/2nd Side Piece - Pt.1 (13:04)/2nd Side Piece - Pt.2 (09:19)/Organ Piece (05:47,https://i.scdn.co/image/ab67616d00001e02921345b3e2cf2166ee3ffa6a
1BGN1IdyiSR0ZYrkoKNchl,37EHWiSYj6iOr2h3XAk2aI,Three O’Clock High (Original Motion Picture Soundtrack),Album,1987,"It's Jerry's Day Today (00:44)/46-32-15 (00:47)/No Detention (01:04)/Any School Bully Will Do (00:33)/Go To The Head Of The Class (03:12)/Sit (00:47)/The Fight (02:36)/Jerry's Decisions (04:28)/The Fight Is On (04:42)/Paper (01:28)/Big, Bright Brass Knuckles (01:19)/Buying Paper Like It's Going Out Of Style (01:38)/Dangerous Trend (00:54)/Who's Chasing Who (00:59)/Bonding By Candlelight (01:35)/You'll Never Believe It (02:20)/Starting The Day Off Right (01:16)/Weak At The Knees (02:34)/Kill Him (The Football Dummy) (01:04)/Not So Quiet In The Library Get Lost In A Crowd (01:36)/Something To Remember Me By (04:13)/Arrival (02:10",https://i.scdn.co/image/ab67616d00001e024ea620dad935276b4ab84546
1BGN1IdyiSR0ZYrkoKNchl,7ALFR4o9ZXfqNVv9EOORn1,Dream Sequence,Compilation,1985-01-01,"The Dream Is Always The Same (03:43)/Phaedra (01:26)/Rubycon Part One (03:50)/Stratosfear (08:38)/Choronzon (04:08)/Cherokee Lane - Live/ Edit (08:11)/Cinnamon Road (03:58)/Kiew Mission (09:23)/Ricochet (Part Two) - Live From European Tour/1975 (21:12)/Cloudburst Flight (07:25)/Force Majeure (Excerpt) (06:27)/Tangram Set 1 (19:52)/Beach Scene (06:45)/Logos (Part One) (A) - Live From The Dominion Theatre,United Kingdom/1982 (05:10)/Logos (Part One) (B) - Live From The Dominion Theatre,United Kingdom/1982 (05:32)/Logos (Part Two) - Live From The Dominion Theatre,United Kingdom/1982 (02:48)/Dominion - Live From The Dominion Theatre,United Kingdom/1982 (05:39)/White Eagle (04:33)/Love On A Real Train (03:56",https://i.scdn.co/image/ab67616d00001e02595d35996137cf178de40800
1BGN1IdyiSR0ZYrkoKNchl,03bSmkQpSZyZUjmnAk4tFe,Exit (Remastered 2020),Album,1981-09-01,Kiew Mission (09:18)/Pilots Of Purple Twilight (04:20)/Choronzon (04:09)/Exit (05:34)/Network 23 (04:57)/Remote Viewing (08:20,https://i.scdn.co/image/ab67616d00001e0290f5de101324fcb3e91dae66
1BGN1IdyiSR0ZYrkoKNchl,0ePJ5EyUzkPWv9Bdv5rxOY,White Eagle (Deluxe Version / Remastered 2020),Album,1982-03-01,Mojave Plan (20:08)/Midnight In Tula (04:00)/Convention Of The 24 (09:36)/White Eagle (04:38)/Das Mädchen auf der Treppe - From 'Tatort' Original Television Soundtrack (03:52)/Flock - From 'Tatort' Original Television Soundtrack (02:26)/Katja - From 'Tatort' Original Television Soundtrack (02:52)/Speed - From 'Tatort' Original Television Soundtrack (02:34)/Daydream - From 'Tatort' Original Television Soundtrack (04:33)/Moorland - From 'Tatort' Original Television Soundtrack (03:57,https://i.scdn.co/image/ab67616d00001e023a209405b47ace738327c300
1BGN1IdyiSR0ZYrkoKNchl,2MrDi1gCFcd0sfGgjlTVz0,From Virgin To Quantum Years - Coventry Cathedral 22,Album,2026-06-05,Stratosfear - Live from Coventry Cathedral 2022 (10:26)/Betrayal Sorcerer Theme - Live from Coventry Cathedral 2022 (05:06)/Continuum - Live from Coventry Cathedral 2022 (07:08)/The Dream Is Always The Same - Live from Coventry Cathedral 2022 (03:54)/Raum - Live from Coventry Cathedral 2022 (07:22)/Love On A Real Train - Live from Coventry Cathedral 2022 (08:56)/You're Always On Time - Live from Coventry Cathedral 2022 (07:35)/Choronzon - Live from Coventry Cathedral 2022 (04:03)/Tangram Exerpt - Live from Coventry Cathedral 2022 (05:33)/Portico - Live from Coventry Cathedral 2022 (06:58)/Ricochet Piano Intro - Live from Coventry Cathedral 2022 (01:44)/Ricochet - Live from Coventry Cathedral 2022 (05:27)/White Eagle - Live from Coventry Cathedral 2022 (06:12)/Phaedra - Live from Coventry Cathedral 2022 (07:59)/Kiew Mission pt.01 - Live from Coventry Cathedral 2022 (06:00)/Kiew Mission pt.02 - Live from Coventry Cathedral 2022 (05:04)/Cloudburst Flight - Live from Coventry Cathedral 2022 (11:28)/Coventry Cathedral 22 Session pt. 01 - Live from Coventry Cathedral 2022 (07:34)/Coventry Cathedral 22 Session pt. 02 - Live from Coventry Cathedral 2022 (06:07)/Coventry Cathedral 22 Session pt. 03 - Live from Coventry Cathedral 2022 (07:20)/Coventry Cathedral 22 Session pt. 04 - Live from Coventry Cathedral 2022 (09:04)/Coventry Cathedral 22 Session pt. 05 - Live from Coventry Cathedral 2022 (03:34)/Coventry Cathedral 22 Session pt. 06 - Live from Coventry Cathedral 2022 (03:51,https://i.scdn.co/image/ab67616d00001e023b9dc31b1b877613a51f010e
1BGN1IdyiSR0ZYrkoKNchl,5EJAJsaHhQYLwVbynpcGkD,"The Music of Grand Theft Auto V, Vol. 2: The Score",Compilation,2013-09-24,We Were Set Up (03:31)/A Legitimate Business Man (02:57)/A Haze Of Patriotic Fervor (05:30)/Los Santos At Night (01:43)/North Yankton Memories (04:02)/The Grip (03:10)/Mr. Trevor Philips (04:25)/A Bit Of An Awkward Situation (04:42)/No Happy Endings (05:19)/His Mentor (01:27)/(Sounds Kind Of) Fruity (04:44)/Minor Turbulence (04:33)/Chop The Dog (04:11)/A Lonely Man (03:32)/You Forget A Thousand Things (03:36)/Impotent Rage/Am I Being Clear Now? (02:08)/Fresh Meat (04:03)/Therapy And Other Hobbies (00:57)/Rich Man's Plaything (04:06)/The Agency Heist (03:22)/Hillbilly Crank Dealers' Blues (05:19)/Welcome To Los Santos - Outro (01:11,https://i.scdn.co/image/ab67616d00001e02bdd081ed2b3594be6174df88
4tRSX1e4hJYjMNdl1TkINg,4Ksz20fxRjzHwRzy5Fcl22,Morgenstund,Album,2019-03-22,"Willkommen (00:37)/Harmonia (06:02)/Universe (07:23)/Dreamcatcher (03:49)/Baum des Lebens (05:50)/Avalanche (05:36)/Das goldene Tor (06:20)/Berlin Tehran (Miniatur) (01:08)/In Between (04:45)/Morgenstund (05:04)/Shangri La (05:25)/Lichtjahre (04:28)/New Day (06:06)/Over You (04:13)/Morgenstern (Ausschnitt) (05:06)/Love (08:50)/Aurora (06:43)/Kronos (05:06)/Poseidon (04:53)/Shangri La - Orchester Version (06:50)/Aphrodite (04:19)/Berlin Tehran (04:24)/Die Farben der Nacht (06:23)/Morgenstern, Pt. 1 (04:38)/Morgenstern, Pt. 2 (04:10)/Morgenstern, Pt. 3 (03:31)/Morgenstern, Pt. 4 (02:33)/Morgenstern, Pt. 5 (05:23)/Morgenstern, Pt. 6 (03:03)/Morgenstern, Pt. 7 (03:56)/Morgenstern, Pt. 8 (03:36)/Morgenstern, Pt. 9 (01:24)/Wanderlust I (07:44)/Wanderlust II (04:28)/Wanderlust III (05:33)/Wanderlust IV (08:31)/Wanderlust V (03:39)/Wanderlust VI (08:11)/Wanderlust VII (06:07)/Wanderlust VIII (06:46)/Wanderlust IX (07:29)/Wanderlust X (05:22",https://i.scdn.co/image/ab67616d00001e02d275d51ca63a440f513fcae2
4PDpGtF16XpqvXxsrFwQnN,5rA4Fhdeq0an7JZR2JRSDn,Underground,Album,1968-04-15,Thelonious (03:17)/Ugly Beauty (07:23)/Raise Four (04:37)/Boo Boo's Birthday (05:56)/Easy Street (05:56)/Green Chimney's (09:01)/In Walked Bud (04:16,https://i.scdn.co/image/ab67616d00001e026319ce7207a04fa74b03e380
5eCgvKqJkLy8zD2RkhQhuQ,05lAJNmh0iYB4CbtDXicDD,La Convenzione,Album,2002,"La Convenzione (Frankenstein - Battiato/Bmg Ricordi), 1972 (03:36)/La Paranoia (Frankenstein - Battiato / Bmg Ricordi) 1972 (04:07)/Stranizza Dammuri (Battiato / Emi Music Publishing) 1975 (03:23)/La Musica Muore (Camisasca / Bmg Ricordi) 1975 (03:07)/Himalaya (Camisasca / Bmg Ricordi) 1975 (04:58)/Il Regno Delleden - 1° Parte (Camisasca / Bmg Ricordi) 1974 (03:49)/Il Regno Delleden - 2° Parte (Camisasca / Bmg Ricordi) 1974 (05:50)/Galantuomo (Camisasca / Bmg Ricordi) 1974 (04:41)/Crazy Horse (Zoccheddu / Bmg Ricordi) 1972 (03:46)/La Convenzione (Frankenstain - Battiato / Bmg Ricordi) (03:10",https://i.scdn.co/image/ab67616d00001e027d77975fa2955d92f90dacb5
0S7Zur2g8YhqlzqtlYStli,5ha55jb1DQKy33CpmREvFq,Adventure,Album,1978-04,Glory - 2003 Remaster (03:11)/Days - 2003 Remaster (03:14)/Foxhole - 2003 Remaster (04:48)/Careful - 2003 Remaster (03:17)/Carried Away - 2003 Remaster (05:12)/The Fire - 2003 Remaster (05:55)/Ain't That Nothin' - 2003 Remaster (04:52)/The Dream's Dream - 2003 Remaster (06:36)/Adventure (05:35)/Ain't That Nothin' - Single Version; 2003 Remaster (03:52)/Glory - Early Version (03:36)/Ain't That Nothin' (Hidden Track) - Run-Through (09:47,https://i.scdn.co/image/ab67616d00001e02bab52055e904f0d8a91c8c72
22bE4uQ6baNwSHPVcDxLCe,6jfU2DEetUUo8nmxrzwkhc,Foreign Tongues,Album,2026-07-10,Rough And Twisted (04:39)/In The Stars (04:13)/Jealous Lover (03:49)/Mr Charm (04:34)/Divine Intervention (04:46)/Ringing Hollow (05:18)/Never Wanna Lose You (04:30)/Hit Me In The Head (02:56)/You Know I'm No Good (04:53)/Some Of Us (04:00)/Covered In You (04:31)/Side Effects (04:34)/Back In Your Life (06:12)/Beautiful Delilah (03:28,https://i.scdn.co/image/ab67616d00001e0213b9f6190eb9a01538240c62
22bE4uQ6baNwSHPVcDxLCe,0ACOqjq9mQuCZry2kj5zkB,The Rolling Stones Singles Collection: The London Years,Compilation,1989-08-15,"Come On - Mono Version (01:48)/I Want To Be Loved - Mono Version (01:51)/I Wanna Be Your Man - Mono Version (01:43)/Stoned - Mono Version (02:09)/Not Fade Away - Mono Version (01:46)/Little By Little - Mono Version (02:39)/It's All Over Now - Mono Version (03:27)/Good Times, Bad Times - Mono Version (02:30)/Tell Me - Full Version / Mono Version (03:47)/I Just Want To Make Love To You - Mono Version (02:16)/Time Is On My Side - Mono Version / Organ Intro (02:52)/Congratulations - Mono Version (02:27)/Little Red Rooster - Mono Version (03:04)/Off The Hook - Mono Version (02:34)/Heart Of Stone - Stereo Version / Remastered 2002 (02:45)/What A Shame - Mono Version (03:02)/The Last Time - Mono (03:41)/Play With Fire - Mono (02:13)/(I Can't Get No) Satisfaction - Mono (03:42)/The Under Assistant West Coast Promotion Man - Edit / Mono (03:07)/The Spider And The Fly - Remastered 2002 (03:38)/Get Off Of My Cloud - Mono Version (02:53)/I'm Free - Mono Version (02:23)/The Singer Not The Song - Mono Version (02:22)/As Tears Go By - Mono Version (02:45)/Gotta Get Away - Mono Version (02:06)/19th Nervous Breakdown - Mono Version (03:56)/Sad Day - Mono Version / Remastered 2002 (03:01)/Paint It, Black (03:44)/Stupid Girl (02:54)/Long Long While - Mono Version / Remastered 2002 (03:00)/Mother's Little Helper (02:45)/Lady Jane - Mono Version (03:09)/Have You Seen Your Mother, Baby, Standing In The Shadow? - Mono Version (02:33)/Who's Driving Your Plane? - Mono Version (03:13)/Let's Spend The Night Together (03:26)/Ruby Tuesday (03:13)/We Love You (04:35)/Dandelion (03:47)/She's A Rainbow - Full Version / With Intro (04:11)/2000 Light Years From Home (04:44)/In Another Land (02:52)/The Lantern (04:25)/Jumpin' Jack Flash - Mono Version (03:37)/Child Of The Moon (rmk) (03:12)/Street Fighting Man - Mono Version (03:08)/No Expectations (03:54)/Surprise, Surprise - Mono Version / Remastered 2002 (02:29)/Honky Tonk Women - Mono Version (02:59)/You Can't Always Get What You Want - Mono Version (04:49",https://i.scdn.co/image/ab67616d00001e02329024dd3a0b300a24586db2
3d2pb1dHTm8b61zAGVUVvO,0ACOqjq9mQuCZry2kj5zkB,The Rolling Stones Singles Collection: The London Years,Compilation,1989-08-15,"Come On - Mono Version (01:48)/I Want To Be Loved - Mono Version (01:51)/I Wanna Be Your Man - Mono Version (01:43)/Stoned - Mono Version (02:09)/Not Fade Away - Mono Version (01:46)/Little By Little - Mono Version (02:39)/It's All Over Now - Mono Version (03:27)/Good Times, Bad Times - Mono Version (02:30)/Tell Me - Full Version / Mono Version (03:47)/I Just Want To Make Love To You - Mono Version (02:16)/Time Is On My Side - Mono Version / Organ Intro (02:52)/Congratulations - Mono Version (02:27)/Little Red Rooster - Mono Version (03:04)/Off The Hook - Mono Version (02:34)/Heart Of Stone - Stereo Version / Remastered 2002 (02:45)/What A Shame - Mono Version (03:02)/The Last Time - Mono (03:41)/Play With Fire - Mono (02:13)/(I Can't Get No) Satisfaction - Mono (03:42)/The Under Assistant West Coast Promotion Man - Edit / Mono (03:07)/The Spider And The Fly - Remastered 2002 (03:38)/Get Off Of My Cloud - Mono Version (02:53)/I'm Free - Mono Version (02:23)/The Singer Not The Song - Mono Version (02:22)/As Tears Go By - Mono Version (02:45)/Gotta Get Away - Mono Version (02:06)/19th Nervous Breakdown - Mono Version (03:56)/Sad Day - Mono Version / Remastered 2002 (03:01)/Paint It, Black (03:44)/Stupid Girl (02:54)/Long Long While - Mono Version / Remastered 2002 (03:00)/Mother's Little Helper (02:45)/Lady Jane - Mono Version (03:09)/Have You Seen Your Mother, Baby, Standing In The Shadow? - Mono Version (02:33)/Who's Driving Your Plane? - Mono Version (03:13)/Let's Spend The Night Together (03:26)/Ruby Tuesday (03:13)/We Love You (04:35)/Dandelion (03:47)/She's A Rainbow - Full Version / With Intro (04:11)/2000 Light Years From Home (04:44)/In Another Land (02:52)/The Lantern (04:25)/Jumpin' Jack Flash - Mono Version (03:37)/Child Of The Moon (rmk) (03:12)/Street Fighting Man - Mono Version (03:08)/No Expectations (03:54)/Surprise, Surprise - Mono Version / Remastered 2002 (02:29)/Honky Tonk Women - Mono Version (02:59)/You Can't Always Get What You Want - Mono Version (04:49",https://i.scdn.co/image/ab67616d00001e02329024dd3a0b300a24586db2
3iUjRVvYCsMfz7tuAQtBDI,48e5bZFgvlWlVN8KVdaNON,Quartet (2009 Remaster),Album,1982-10-15,Reap the Wild Wind - 2009 Remaster (03:49)/Serenade - 2009 Remaster (05:05)/Mine for Life - 2009 Remaster (04:46)/Hymn - 2009 Remaster (05:49)/Visions in Blue - 2009 Remaster (04:40)/When the Scream Subsides - 2009 Remaster (04:16)/We Came to Dance - 2009 Remaster (04:13)/Cut and Run - 2009 Remaster (04:17)/The Song (We Go) - 2009 Remaster (03:59,https://i.scdn.co/image/ab67616d00001e02bae24e6f34c8064adfc31545
22bE4uQ6baNwSHPVcDxLCe,5U4dnRZsfW8NmwBBkELFPh,Exile On Main Street (2010 Re-Mastered),Album,1972-05-12,Rocks Off (04:31)/Rip This Joint (02:23)/Shake Your Hips (02:59)/Casino Boogie (03:34)/Tumbling Dice (03:46)/Sweet Virginia (04:26)/Torn And Frayed (04:17)/Sweet Black Angel (02:57)/Loving Cup (04:24)/Happy (03:04)/Turd On The Run (02:37)/Ventilator Blues (03:24)/I Just Want To See His Face (02:52)/Let It Loose (05:17)/All Down The Line (03:49)/Stop Breaking Down (04:34)/Shine A Light (04:16)/Soul Survivor (03:48,https://i.scdn.co/image/ab67616d00001e02ba42bfcfeed19018b1f8cab8
22bE4uQ6baNwSHPVcDxLCe,6zUGj6iIU30nuPTEoqbD9n,Between The Buttons (UK Version),Album,1967-01-20,"Yesterday's Papers (02:03)/My Obsession (03:16)/Back Street Girl (03:27)/Connection (02:07)/She Smiled Sweetly (02:44)/Cool, Calm And Collected (04:18)/All Sold Out (02:17)/Please Go Home (03:17)/Who's Been Sleeping Here? (03:55)/Complicated (03:14)/Miss Amanda Jones (02:46)/Something Happened To Me Yesterday (04:55",https://i.scdn.co/image/ab67616d00001e0298258f51def6c1dfdb170048
22bE4uQ6baNwSHPVcDxLCe,0z2AF60sMpBcIrWh797cBi,Flowers,Album,1967-06-26,"Ruby Tuesday (03:16)/Have You Seen Your Mother, Baby, Standing In The Shadow? - Mono Version (02:34)/Let's Spend The Night Together (03:35)/Lady Jane - Stereo Version (03:07)/Out Of Time - Edit Version (03:41)/My Girl (02:38)/Back Street Girl (03:26)/Please Go Home (03:17)/Mother's Little Helper (02:46)/Take It Or Leave It (02:46)/Ride On Baby (02:52)/Sittin' On A Fence (03:02",https://i.scdn.co/image/ab67616d00001e023309a4e7a53755387b394955
22bE4uQ6baNwSHPVcDxLCe,72qrnM4yUNMDDlWiqKc8iY,Aftermath,Album,1966-04-15,"Paint It, Black (03:22)/Stupid Girl (02:55)/Lady Jane - Stereo Version (03:08)/Under My Thumb (03:41)/Doncha Bother Me (02:41)/Think (03:09)/Flight 505 (03:27)/High And Dry (03:08)/It's Not Easy (02:56)/I Am Waiting (03:10)/Going Home (11:13",https://i.scdn.co/image/ab67616d00001e02bad7062c3fd2f2d037989694
4RuYtHjAKBufQRqBUMiOfK,5E9rFAvIQuZD9dLo6FL9wH,Garofano rosso (Colonna sonora originale del film),Album,1976-01-01,Zobeida (02:45)/Funerale (04:31)/10 Giugno 1924 (04:33)/Quasi Saltarello (01:43)/Esterno Notte (Casa Di Giovanna) (03:22)/Garofano Rosso (05:06)/Suggestioni Di Un Ritorno In Campagna (07:43)/Passeggiata In Bicicletta E Corteo Di Dimostranti (02:56)/Tema Di Giovanna (02:41)/Siracusa: Appunti D'epoca (02:17)/Notturno Breve (02:25)/Lasciando La Casa Antica (02:41,https://i.scdn.co/image/ab67616d00001e022d15b2e307cdd3195cfd450d
4lianjyuR1tqf6oUX8kjrZ,3pjXBNwPw6YTsFheYa3Khu,Rara la Vita in Due Franco Battiato Duets,Compilation,2024-03-23,Tutto L'Universo Obbedisce All'Amore (03:27)/I Treni Di Tozeur - Remastered / 2005 (03:11)/Del Suo Veloce Volo (Frankestein) - Remastered 2019 (03:09)/La Musica Muore (03:32)/Chan-Son Egocentrique - 2005 Remaster (03:50)/Up Patriots To Arms (04:09)/Lettera Al Governatore Della Libia - Live 1988 / Remastered 2020 (03:26,https://i.scdn.co/image/ab67616d00001e02c570cc7e5314fc58511c80a5
22bE4uQ6baNwSHPVcDxLCe,29m6DinzdaD0OPqWKGyMdz,Sticky Fingers (Remastered),Album,1971-04-23,Brown Sugar - Remastered 2009 (03:48)/Sway - 2009 Mix (03:52)/Wild Horses - 2009 Mix (05:41)/Can't You Hear Me Knocking - 2009 Mix (07:16)/You Gotta Move - 2009 Mix (02:32)/Bitch - 2009 Mix (03:37)/I Got The Blues - 2009 Mix (03:53)/Sister Morphine - 2009 Mix (05:31)/Dead Flowers - 2009 Mix (04:04)/Moonlight Mile - 2009 Mix (05:57,https://i.scdn.co/image/ab67616d00001e02a1d9c9969f2a7ed27e449a3c
22bE4uQ6baNwSHPVcDxLCe,4jCpSNa8dV40aMrHOshRdv,It's Only Rock 'N' Roll (2009 Re-Mastered),Album,1974-10-18,If You Can't Rock Me - Remastered (03:47)/Ain't Too Proud To Beg - Remastered (03:30)/It's Only Rock'n'Roll (But I Like It) - Remastered 2009 (05:07)/Till The Next Goodbye - Remastered (04:36)/Time Waits For No One - Remastered (06:38)/Luxury - Remastered (05:01)/Dance Little Sister - Remastered (04:11)/If You Really Want To Be My Friend - Remastered (06:16)/Short And Curlies - Remastered (02:43)/Fingerprint File - Remastered (06:33,https://i.scdn.co/image/ab67616d00001e02011ff4b301f430be4984a020
22bE4uQ6baNwSHPVcDxLCe,4l4u9e9jSbotSXNjYfOugy,Let It Bleed,Album,1969-12-05,Gimme Shelter (04:30)/Love In Vain (04:19)/Country Honk (03:07)/Live With Me (03:33)/Let It Bleed (05:27)/Midnight Rambler (06:52)/You Got The Silver (02:50)/Monkey Man (04:11)/You Can't Always Get What You Want (07:28,https://i.scdn.co/image/ab67616d00001e022af30c881bb23cfb82a8cf99
22bE4uQ6baNwSHPVcDxLCe,3oyjbpNQs5Qm5DNVJW4AlV,Voodoo Lounge (Remastered 2009),Album,1994-07-11,Love Is Strong - Remastered 2009 (03:48)/You Got Me Rocking - Remastered 2009 (03:36)/Sparks Will Fly - Remastered (03:15)/The Worst - Remastered (02:24)/New Faces - Remastered (02:51)/Moon Is Up - Remastered (03:40)/Out Of Tears (05:27)/I Go Wild - Remastered (04:24)/Brand New Car - Remastered (04:14)/Sweethearts Together - Remastered (04:45)/Suck On The Jugular - Remastered (04:26)/Blinded By Rainbows - Remastered (04:33)/Baby Break It Down - Remastered (04:08)/Thru and Thru - Remastered (06:01)/Mean Disposition - Remastered (04:08,https://i.scdn.co/image/ab67616d00001e026ae46a4f011bf6a249d6582f
4lianjyuR1tqf6oUX8kjrZ,3QD7rcprpyoMnSHnX2UDhE,Il Vuoto,Album,2007-01-01,Il Vuoto (03:34)/I Giorni Della Monotonia (03:16)/Aspettando L'Estate (03:33)/Niente E' Come Sembra (03:35)/Tiepido Aprile (03:15)/The Game Is Over (04:36)/Era L'Inizio Della Primavera (03:03)/Io Chi Sono? (03:33)/Stati Di Gioia (04:49)/Il Vuoto - Heavy Mental Mix (04:32)/Come Away Death (02:22,https://i.scdn.co/image/ab67616d00001e020e951cdb9ac640d379def05a
4lianjyuR1tqf6oUX8kjrZ,4sWf0wkRfi49tW4NLxdLj2,Fisiognomica (2008 Remastered Edition),Album,1988,Fisiognomica - 2008 Remaster (04:32)/E Ti Vengo A Cercare - Remastered 2008 (03:52)/Veni L'Autunnu - 2008 Remaster (03:27)/Secondo Imbrunire - 2008 Remaster (03:17)/Nomadi - Remastered (04:25)/Zai Saman - 2008 Remaster (03:52)/Il Mito Dell'Amore - 2008 Remaster (03:28)/L'Oceano Di Silenzio - 2008 Remaster (04:20,https://i.scdn.co/image/ab67616d00001e025b3665e0b6e6b41fa6044c75
4lianjyuR1tqf6oUX8kjrZ,5mhHyVk0zf9jvqvx9w77c5,Gommalacca,Album,1998-01-01,Shock In My Town (04:22)/Auto Da Fe' (03:59)/Casta Diva (03:37)/Il Ballo Del Potere (04:25)/La Preda (03:42)/Il Mantello E La Spiga (03:57)/E Stato Molto Bello (03:47)/Quello Che Fu (04:29)/Vite Parallele (03:23)/E. Shakleton (08:34,https://i.scdn.co/image/ab67616d00001e020ecf26d1fd4acb6c448e1245
4lianjyuR1tqf6oUX8kjrZ,6Ws5YQCEOfwmpTK01EALgv,L'Imboscata,Album,1996-01-01,Di Passaggio (03:38)/Strani Giorni (03:59)/La Cura (04:03)/...Ein Tag Aus Dem Leben Des Kleinen Johannes (03:48)/Amata Solitudine (04:05)/Splendide Previsioni (03:53)/Ecco Com'e Che Va Il Mondo (04:23)/Segunda - Feira (04:00)/Memoria Di Giulia (03:17)/Serial Killer (04:09,https://i.scdn.co/image/ab67616d00001e02d75b1d231a3f464eaa09071f
4lianjyuR1tqf6oUX8kjrZ,5v9MxUngO1GZ5rtxLtWokm,Torneremo Ancora,Album,2019-10-18,Torneremo ancora (03:37)/Come un cammello in una grondaia (03:26)/Le sacre sinfonie del tempo (03:41)/Lode all'inviolato (03:07)/L'animale (03:05)/Tiepido aprile (03:14)/Povera patria (03:53)/Te lo leggo negli occhi (03:05)/Perduto amor (02:28)/Prospettiva Nevsky (03:22)/La cura (04:04)/I treni di Tozeur (02:59)/E ti vengo a cercare (03:48)/Le nostre anime (04:06)/L'era del cinghiale bianco - Live (03:26,https://i.scdn.co/image/ab67616d00001e02f9d0ea5a63d6a1403dd13706
4lianjyuR1tqf6oUX8kjrZ,7CdGW9JRoTbqk2v5imOHQd,Come Un Cammello In Una Grondaia (2008 Remastered Edition),Album,1991,Povera Patria - Remastered (03:45)/Le Sacre Sinfonie Del Tempo - 2008 Remaster (03:45)/Come Un Cammello In Una Grondaia - 2008 Remaster (03:31)/L'Ombra Della Luce - Remastered (04:53)/Schmerzen - 2008 Remaster (02:50)/Plaisir D'Amour - 2008 Remaster (03:56)/Gestillte Sensucht - 2008 Remaster (05:48)/Oh Sweet Were The Hours - 2008 Remaster (03:38,https://i.scdn.co/image/ab67616d00001e02a39cf10475fe0aae4d30dae8
4lianjyuR1tqf6oUX8kjrZ,5M7J7onHGnZ4pL235ByUi4,Inneres Auge (Il Tutto E' Più Della Somma Delle Sue Parti),Album,2009-01-01,Inneres Auge (03:43)/Un'Altra Vita (03:09)/Inverno (03:28)/No Time No Space (03:14)/L'Incantesimo (03:20)/Haiku (02:36)/La Quiete Dopo Un Addio (03:23)/Stage Door (03:39)/Tibet (03:18)/'U Cuntu (02:51,https://i.scdn.co/image/ab67616d00001e02ae232077efa0804c097017ef
4lianjyuR1tqf6oUX8kjrZ,3tZmzx3Og386HMV4vp4Dli,Caffé De La Paix (2008 Remastered Edition),Album,1993,Caffè De La Paix - 2008 Remaster (04:26)/Fogh In Nakhal - 2008 Remaster (03:33)/Atlantide - 2008 Remaster (03:58)/Sui Giardini Della Preesistenza - 2008 Remaster (03:48)/Delenda Carthago - 2008 Remaster (03:59)/Ricerca Sul Terzo - 2008 Remaster (03:59)/Lode All'Inviolato - 2008 Remaster (03:53)/Haiku - 2008 Remaster (03:49,https://i.scdn.co/image/ab67616d00001e028c707393dba48b53f935fd9e
0yNLKJebCb8Aueb54LYya3,6iHuSGy6pq4tNGFV3ZVPtl,Substance,Album,1987-08-17,"Ceremony (04:23)/Everythings Gone Green (05:30)/Temptation (06:59)/Blue Monday (07:29)/Confusion (04:43)/Thieves like Us - 12"" Extended (06:36)/The Perfect Kiss - Substance Edit (08:02)/Sub-culture - Substance Edit (04:48)/Shellshock - John Robie Remix; Substance Edit (06:28)/State of the Nation (06:32)/Bizarre Love Triangle - Extended Dance Mix (06:44)/True Faith (05:55)/In a Lonely Place (06:16)/Procession (04:27)/Cries and Whispers (03:25)/Hurt - Substance Edit (06:58)/The Beach (07:19)/Confused - Instrumental (07:38)/Lonesome Tonight (05:11)/Murder (03:55)/Thieves like Us - Instrumental (06:57)/Kiss of Death (07:02)/Shame of the Nation (07:54)/1963 (05:35",https://i.scdn.co/image/ab67616d00001e02408739ba1ad5bccbfeda5ae1
22bE4uQ6baNwSHPVcDxLCe,6OHri5qNxwCdVSdyCslspd,Beggars Banquet (50th Anniversary Edition),Album,1968-12-06,Sympathy For The Devil - 50th Anniversary Edition (06:18)/No Expectations - 50th Anniversary Edition (03:57)/Dear Doctor - 50th Anniversary Edition (03:21)/Parachute Woman - 50th Anniversary Edition (02:20)/Jigsaw Puzzle - 50th Anniversary Edition (06:06)/Street Fighting Man - 50th Anniversary Edition (03:15)/Prodigal Son - 50th Anniversary Edition (02:51)/Stray Cat Blues - 50th Anniversary Edition (04:38)/Factory Girl - 50th Anniversary Edition (02:09)/Salt Of The Earth - 50th Anniversary Edition (04:49,https://i.scdn.co/image/ab67616d00001e0244934a06d21864415376f5f2
7DzxfMQ3VNYR5vw2UFjzSK,3pjXBNwPw6YTsFheYa3Khu,Rara la Vita in Due Franco Battiato Duets,Compilation,2024-03-23,Tutto L'Universo Obbedisce All'Amore (03:27)/I Treni Di Tozeur - Remastered / 2005 (03:11)/Del Suo Veloce Volo (Frankestein) - Remastered 2019 (03:09)/La Musica Muore (03:32)/Chan-Son Egocentrique - 2005 Remaster (03:50)/Up Patriots To Arms (04:09)/Lettera Al Governatore Della Libia - Live 1988 / Remastered 2020 (03:26,https://i.scdn.co/image/ab67616d00001e02c570cc7e5314fc58511c80a5
3zNFrznlC0kv866J7Karl3,3pjXBNwPw6YTsFheYa3Khu,Rara la Vita in Due Franco Battiato Duets,Compilation,2024-03-23,Tutto L'Universo Obbedisce All'Amore (03:27)/I Treni Di Tozeur - Remastered / 2005 (03:11)/Del Suo Veloce Volo (Frankestein) - Remastered 2019 (03:09)/La Musica Muore (03:32)/Chan-Son Egocentrique - 2005 Remaster (03:50)/Up Patriots To Arms (04:09)/Lettera Al Governatore Della Libia - Live 1988 / Remastered 2020 (03:26,https://i.scdn.co/image/ab67616d00001e02c570cc7e5314fc58511c80a5
4lianjyuR1tqf6oUX8kjrZ,59eHxfqvwJyXhJGGtORaHv,Patriots (2008 Remastered Edition),Album,1980,Up Patriots To Arms - Remastered 2008 (05:05)/Venezia-Istanbul - Remastered 2008 (04:36)/Le Aquile - Remastered 2008 (04:10)/Prospettiva Nevski - Remastered 2008 (04:00)/Arabian Song - Remastered 2008 (03:40)/Frammenti - Remastered 2008 (03:56)/Passaggi A Livello - Remastered 2008 (03:39,https://i.scdn.co/image/ab67616d00001e02d1e5321a2830ec6db93a26cb
4lianjyuR1tqf6oUX8kjrZ,4VzRaSdKOXscjw5v3sur81,Ferro Battuto,Album,2001-04-13,Running Against The Grain (03:41)/Bist Du Bei Mir (04:19)/La quiete dopo un addio (03:54)/Personalità Empirica (03:34)/Il cammino interminabile (03:44)/Lontananze D'Azzurro (03:28)/Hey Joe (03:33)/Sarcofagia (03:42)/Scherzo in minore (03:21)/Il Potere Del Canto (04:03)/Öde (07:05,https://i.scdn.co/image/ab67616d00001e028fce06487f0b979fb9d8d77a
4lianjyuR1tqf6oUX8kjrZ,0b33cACjsSPVBchGgsFGMu,Universi paralleli di Franco Battiato,Compilation,2018-09-28,Atlantide - Live 2003 (03:10)/Strani Giorni - Live 2003 (03:44)/Shock In My Town - Live 2003 (03:56)/E ti vengo a cercare - Live 2003 (03:46)/La cura - Live 2003 (04:07)/Mesopotamia - Live 2003 (04:21)/Lode All'Inviolato - Live 2003 (03:10)/Stranizza D'Amuri - Live 2003 (02:13)/La stagione dell'amore - Live 2003 (02:50)/Povera Patria - Live 2003 (03:46)/Medley Last Summer Dance - Live 2003 (08:23)/L'animale - Live 2003 (02:54)/L'era del cinghiale bianco - Live 2003 (03:02)/Cuccuruccuccu - Live 2003 (04:11)/Centro di gravità permanente - Live 2003 (04:15)/Auto Da Fè - live (03:56)/Voglio vederti danzare - live (03:27)/Insieme a te non ci sto piu' (03:12)/Perduto amore (03:17)/Il cielo in una stanza (03:11)/Se mai (03:06)/Ritornerai (03:25)/Col tempo sai (03:34)/Impressioni di settembre (03:40)/Le tue radici (03:20)/Hey Joe (03:34)/Se tu sapessi (03:17)/Sigillata con un bacio (Sealed with a Kiss) - Italian Version (03:20)/Come un sigillo (03:04)/Beim schlafengehen (02:54)/La Mer (03:00)/Prologo (02:26)/Running Against The Grain (03:42)/Bist Du Bei Mir (04:19)/La quiete dopo un addio (03:54)/Personalità Empirica (03:34)/Il cammino interminabile (03:44)/Lontananze D'Azzurro (03:29)/Sarcofagia (03:42)/Scherzo in minore (03:21)/Il Potere Del Canto (04:03)/Tra sesso e castità (03:25)/Le aquile non volano a stormi (03:26)/Ermeneutica (03:34)/Fortezza Bastiani (03:20)/Odore di polvere da sparo (03:28)/I'm that (03:32)/Conforto alla vita (03:22)/23 coppie di cromosomi (03:33)/Apparenza e realtà (03:38,https://i.scdn.co/image/ab67616d00001e021773a7b8623a39d8da4ed9e6
4lianjyuR1tqf6oUX8kjrZ,0hErCZnxOljlEVTLzzy4Yp,L'Arca Di Noè (40° Anniversario / Remaster 2022),Album,1982,Radio Varsavia - Remastered 2022 (04:09)/Clamori - Remastered 2022 (04:29)/L'Esodo - Remastered 2022 (05:15)/Scalo A Grado - Remastered 2022 (03:34)/La Torre - Remastered 2022 (03:37)/New Frontiers - Remastered 2022 (03:17)/Voglio Vederti Danzare - Remastered 2022 (03:42,https://i.scdn.co/image/ab67616d00001e027959b8b6a278b4dcd546a13b
4lianjyuR1tqf6oUX8kjrZ,4RD4REp6RE2kVZ96Uf1TgB,Giubbe Rosse (Deluxe 30th Anniversary Live & Remastered Edition / Remastered 2020),Album,1989,Giubbe Rosse - Remastered 2020 (04:14)/Alexander Platz - Live 1988 / Remastered 2020 (03:23)/Lettera Al Governatore Della Libia - Live 1988 / Remastered 2020 (03:26)/Mesopotamia - Live 1988 / Remastered 2020 (04:23)/L'Era Del Cinghiale Bianco - Live 1988 / Remastered 2020 (03:37)/Un'Altra Vita - Live 1988 / Remastered 2020 (03:00)/Voglio Vederti Danzare - Live 1988 / Remastered 2020 (03:24)/Oceano Di Silenzio - Live 1988 / Remastered 2020 (04:25)/Sequenze E Frequenze - Live 1988 / Remastered 2020 (07:05)/Aria Di Rivoluzione - Live 1988 / Remastered 2020 (03:34)/No U Turn - Live 1988 / Remastered 2020 (04:24)/Summer On A Solitary Beach - Live 1988 / Remastered 2020 (03:30)/Cuccurucucù - Live 1988 / Remastered 2020 (02:58)/Centro Di Gravità Permanente - Live 1988 / Remastered 2020 (03:53)/Gli Uccelli - Live 1988 / Remastered 2020 (04:43)/E Ti Vengo A Cercare - Live 1988 / Remastered 2020 (03:57)/Casaca Roja - Remastered 2020 / Bonus Track (04:16)/Alexander Platz - Spanish Version / Live 1988 / Remastered 2020 / Bonus Track (03:19)/Carta Al Gobernator De Libia - Live 1988 / Remastered 2020 / Bonus Track (03:17,https://i.scdn.co/image/ab67616d00001e02554a20c25a51b6d57c2d489d
4lianjyuR1tqf6oUX8kjrZ,2OulSxrNGCvCvz5rX7lUH5,L'Arca Di Noè (2008 Remastered Edition),Album,1982,Radio Varsavia - Remastered (04:13)/Clamori - 2008 Remaster (04:28)/L'Esodo - 2008 Remaster (05:14)/Scalo A Grado - 2008 Remaster (03:33)/La Torre - 2008 Remaster (03:39)/New Frontiers - 2008 Remaster (03:15)/Voglio Vederti Danzare - Remastered (03:44,https://i.scdn.co/image/ab67616d00001e02428f8b004c9fa099cbf2973b
4lianjyuR1tqf6oUX8kjrZ,7zDqAzJyPco6YimYnwwYfV,L'Era Del Cinghiale Bianco (2008 Remastered Edition),Album,1979,L'Era Del Cinghiale Bianco - 2008 Remaster (04:16)/Magic Shop - 2008 Remaster (04:14)/Strade Dell'Est - 2008 Remaster (04:20)/Luna Indiana - 2008 Remaster (03:34)/Il Re Del Mondo - 2008 Remaster (05:37)/Pasqua Etiope - 2008 Remaster (04:29)/Stranizza D'Amuri - 2008 Remaster (05:13,https://i.scdn.co/image/ab67616d00001e021817adc14a9665a7f09e228d
4OJgcDY2LiSjD0rKNygzH7,3NkOHdLZWppIE0lsXosiop,Without Us Reworks,Single,2025-11-25,Persistence - C. Diab Rework (04:11)/Nothing to Undo - Tangerine Dream Rework (06:13)/PNK - Akusmi Rework (06:08)/Without Us - Rashad Becker Mix (05:27,https://i.scdn.co/image/ab67616d00001e028a78a7e7a6de6e58e6c7b658
1BGN1IdyiSR0ZYrkoKNchl,0FvrR40cNACOri1YkMOdAs,Underwater Sunlight,Album,1986-08,"Song of the Whale, Pt. 1: From Dawn... (08:23)/Song of the Whale, Pt. 2: To Dusk... (10:52)/Dolphin Dance (05:06)/Ride on the Ray (05:34)/Scuba Scuba (04:22)/Underwater Twilight (05:51",https://i.scdn.co/image/ab67616d00001e02d9757810d1926df46ff51d0c
1BGN1IdyiSR0ZYrkoKNchl,78BeLVh1ko9oOELJCEJ0o6,Sorcerer,Album,1977-01-01,Main Title - Sorcerer/Sountrack Version (05:30)/Search (02:54)/The Call (01:59)/Creation (05:00)/Vengeance (05:34)/The Journey (01:58)/Grind (02:49)/Rain Forest (02:35)/Abyss (07:10)/The Mountain Road (01:54)/Impressions Of Sorcerer (02:53)/Betrayal (Sorcerer Theme) (03:43,https://i.scdn.co/image/ab67616d00001e02f871a82575d66300e0a2463f
1BGN1IdyiSR0ZYrkoKNchl,2aR42HgX0N2cGvg8wH746o,Thief,Album,1981,Beach Scene - A-Side 1981 / 1995 Digital Remaster (03:46)/Doctor Destructo - 1995 Digital Remaster (03:19)/Diamond Diary - 1995 Digital Remaster (10:50)/Burning Bar - B-Side 1981 / 1995 Digital Remaster (03:12)/Beach Scene - 1995 Digital Remaster (06:52)/Scrap Yard - 1995 Digital Remaster (04:39)/Trap Feeling - 1995 Digital Remaster (02:59)/Igneous - 1995 Digital Remaster (04:46,https://i.scdn.co/image/ab67616d00001e0277b942bef78c614c5aa94b7b
1BGN1IdyiSR0ZYrkoKNchl,3ihl5TOv2xoZHA2dLofrNT,Stratosfear (Remastered 2018 / Deluxe Version),Album,1976-10-01,Stratosfear (10:35)/The Big Sleep In Search Of Hades (04:31)/3AM At The Border Of The Marsh From Okefenokee (08:48)/Invisible Limits (11:30)/Coventry Cathedral - The Original Film Soundtrack / Live From Coventry Cathedral (34:07)/Stratosfear - Single Edit (04:20)/The Big Sleep In Search Of Hades - Single Edit (03:24,https://i.scdn.co/image/ab67616d00001e02c6d21c272d9e846c10501eba
1BGN1IdyiSR0ZYrkoKNchl,3Fwvk0okeHHvxT5s90mK8T,Force Majeure (Remastered 2018 / Deluxe Version),Album,1979-02-01,Force Majeure (18:20)/Cloudburst Flight (07:28)/Thru Metamorphic Rocks (14:34)/Chimes And Chains (04:45,https://i.scdn.co/image/ab67616d00001e02787621c61a6dd13f8911f0cd
3RGLhK1IP9jnYFH4BRFJBS,1ZH5g1RDq3GY1OvyD0w0s2,Combat Rock (Remastered),Album,1982,Know Your Rights - Remastered (03:40)/Car Jamming - Remastered (03:59)/Should I Stay or Should I Go - Remastered (03:08)/Rock the Casbah - Remastered (03:42)/Red Angel Dragnet - Remastered (03:44)/Straight to Hell - Remastered (05:30)/Overpowered by Funk - Remastered (04:52)/Atom Tan - Remastered (02:30)/Sean Flynn - Remastered (04:31)/Ghetto Defendant - Remastered (04:43)/Inoculated City - Remastered (02:41)/Death is a Star - Remastered (03:14,https://i.scdn.co/image/ab67616d00001e02280b72ca76b4734debfc190e
4bthk9UfsYUYdcFyqxmSUU,3sIFpEctox1XOs3FEkqrgr,The Hurting,Compilation,1983-03-07,The Hurting (04:16)/Mad World (03:35)/Pale Shelter - 2nd Single Version (04:33)/Ideas As Opiates (03:45)/Memories Fade (05:03)/Suffer The Children (03:50)/Watch Me Bleed (04:15)/Change (04:14)/The Prisoner (02:55)/Start Of The Breakdown (04:58)/Pale Shelter - Long Version (07:06)/The Way You Are - Extended (07:40)/Mad World - World Remix (03:41)/Change - Extended Version (06:00,https://i.scdn.co/image/ab67616d00001e0245546ed4af1a0d4c58a8ff50
2x9SpqnPi8rlE9pjHBwmSC,0r7o2FeARRr23EZ0TJ0a8S,Talking Heads '77,Album,1977-09-16,"Uh-Oh, Love Comes to Town (02:49)/New Feeling (03:09)/Tentative Decisions (03:08)/Happy Day (03:55)/Who Is It? (01:44)/No Compassion (04:50)/The Book I Read (04:10)/Don't Worry About the Government (03:00)/First Week / Last Week...Carefree (03:21)/Psycho Killer (04:20)/Pulled Up (04:28",https://i.scdn.co/image/ab67616d00001e02b74dc29f68a36438421a9f1d
1MD5pgVzlusqGyuSTcTxvu,51pz4wvc0BPtjnGCWjxX91,Storia Di Un Minuto,Album,1972,Introduzione (01:09)/Impressioni di settembre (05:44)/È festa (04:52)/Dove... quando... - I Parte (04:10)/Dove... quando... - II Parte (06:01)/La carrozza di Hans (06:46)/Grazie davvero (05:51,https://i.scdn.co/image/ab67616d00001e02270d0ba6ae3e50d4b1e76415
4lianjyuR1tqf6oUX8kjrZ,5LJfFPeNKEVoTYkGtNUvcp,La Voce Del Padrone,Album,1981-09-21,Summer On A Solitary Beach - Mix 2015 (04:54)/Bandiera Bianca - Mix 2015 (04:42)/Gli Uccelli - Mix 2015 (04:05)/Cuccurucucù - Mix 2015 (04:11)/Segnali Di Vita - Mix 2015 (03:32)/Centro Di Gravità Permanente - Mix 2015 (03:52)/Sentimiento Nuevo - Mix 2015 (04:09,https://i.scdn.co/image/ab67616d00001e026eb302a8e5699610b8b01563
762310PdDnwsDxAQxzQkfX,0OWIVcNE4aItrlRvMUVueO,Ultra (Deluxe),Album,1997-04-14,Barrel of a Gun (05:36)/The Love Thieves (06:34)/Home (05:42)/It's No Good (05:58)/Uselink (02:21)/Useless (05:12)/Sister of Night (05:57)/Jazz Thieves (02:54)/Freestate (06:40)/The Bottom Line (04:26)/Insight (05:10)/Junior Painkiller (02:10)/Barrel of a Gun - Live (06:00)/It's No Good - Live (04:06)/Useless - Live (05:19)/Painkiller (07:29)/Slowblow (05:25)/Only When I Lose Myself - Single Version (04:34)/Surrender (06:18)/Headstar (04:22,https://i.scdn.co/image/ab67616d00001e0220320a34fbaf5fe1640e8e91
7DzxfMQ3VNYR5vw2UFjzSK,7qqmPYkgoVBLwG8LL8VSyE,Eden (Deluxe Edition),Album,2011-01-01,Eden (04:21)/Serpente (04:43)/Il Diluvio (04:13)/Prodotto Interno Lurido (03:20)/Benzina Ogoshi (03:44)/Sul Sole (02:56)/Quando (03:38)/Istrice (04:14)/Tra Gli Dei (03:10)/La Funzione (03:30)/Up Patriots To Arms (04:09)/La Scoperta Dell'alba (04:17)/L'Angelo (02:40,https://i.scdn.co/image/ab67616d00001e02c11e3af0e4ed7b3126af9d1c
4x1nvY2FN8jxqAFA0DA02H,0DFYbYCcHCEJPcN1hODG6K,Plastic Ono Band,Album,1970-12-11,Mother - Remastered 2010 (05:36)/Hold On - Remastered 2010 (01:52)/I Found Out - Remastered 2010 (03:38)/Working Class Hero - Remastered 2010 (03:47)/Isolation - Remastered 2010 (02:52)/Remember - Remastered 2010 (04:32)/Love - Remastered 2010 (03:22)/Well Well Well - Remastered 2010 (05:57)/Look At Me - Remastered 2010 (02:53)/God - Remastered 2010 (04:12)/My Mummy's Dead - Remastered 2010 (00:51,https://i.scdn.co/image/ab67616d00001e026462162d227ec2be2ebee12d
6x919AU6p0wfsUAdWV6M5K,4dMUtgiuiDgFMVHnb6iYfW,Ho Visto Anche Degli Zingari Felici,Album,1976-04-07,Ho Visto Anche Degli Zingari Felici - Intro; 2006 Digital Remastered (06:54)/Agosto - 2006 Digital Remastered (04:01)/Piazza Bella Piazza - 2006 Digital Remastered (05:23)/Primo Maggio Di Festa - 2006 Digital Remastered (06:10)/La Morte Della Mosca - 2006 Digital Remastered (06:26)/Anna Di Francia - 2006 Digital Remastered (06:47)/Albana Per Togliatti - 2006 Digital Remastered (02:28)/Ho Visto Anche Degli Zingari Felici (Conclusione) - 2006 Digital Remastered (04:12,https://i.scdn.co/image/ab67616d00001e02526665eedbea644cc6f596f4
0WwSkZ7LtFUFjGjMZBMt6T,3wvclpO3LJmpSQGQ9gBa2a,Making Movies,Album,1980-10-17,Tunnel Of Love (08:09)/Romeo And Juliet (06:00)/Skateaway (06:37)/Expresso Love (05:11)/Hand In Hand (04:47)/Solid Rock (03:25)/Les Boys (04:08,https://i.scdn.co/image/ab67616d00001e0289ac804ee51f66fe370c4577
2e53aHBQdCMKWqHDuyJsjC,1V3HZsFh7CaYBQLA1af5CK,Songs Of Yesterday,Compilation,2000-01-01,"Over The Green Hills - Stereo Mix (03:25)/Walk In My Shadow - Stereo Mix (03:36)/Wild Indian Woman - Stereo Mix (03:43)/Guy Stevens Blues (04:39)/Visions Of Hell (03:52)/I'm A Mover - 7"" Mono Mix (02:57)/Moonshine - Stereo Mix (05:09)/Woman By The Sea (03:21)/Free Me - Songs Of Yesterday Version (04:36)/Long Tall Sally (01:15)/Broad Daylight - 7"" Mono Mix (03:10)/The Worm - 7"" B side (03:04)/Trouble On Double Time - Early Version (02:37)/Spring Dawn (04:07)/I'll Be Creepin' - Songs Of Yesterday Version (03:37)/Sugar For Mr Morrison - Stereo Mix (03:18)/Songs Of Yesterday - Stereo Mix (03:36)/Woman - Songs Of Yesterday Version (03:40)/Mourning Sad Morning - Stereo Mix (05:00)/Fire And Water - Stereo Mix (04:09)/All Right Now (03:28)/Oh I Wept - Stereo Mix (04:33)/Remember - Stereo Mix (04:30)/Don't Say You Love Me - Stereo Mix (06:27)/The Stealer - Full ""Songs Of Yesterday"" Version (04:30)/The Highway Song - Alternative Stereo Mix (04:21)/On My Way - Alternative Stereo Mix (04:07)/Sunny Day - Vocal Stereo Mix (03:15)/Ride On A Pony - Alternative Stereo Mix (04:20)/Love You So - Vocal Stereo Mix (04:57)/Soon I Will Be Gone - Songs Of Yesterday Version (03:18)/My Brother Jake - Stereo Mix (03:00)/Makin' Love (Only My Soul) - Songs Of Yesterday Version (04:00)/Rain (03:54)/Get Where I Belong - Alternative Take (04:25)/Only My Soul - 7""B Side / Mono (02:30)/Travellin' Man - Alternative Stereo Mix (03:39)/Molten Gold - Songs Of Yesterday Version (06:11)/Little Bit Of Love - Songs Of Yesterday Version (02:35)/Soldier Boy - Alternative Mix (02:53)/Sail On - Songs Of Yesterday Version (03:20)/Guardian Of The Universe - Songs Of Yesterday Version (07:05)/Child - Alternative Mix (05:16)/Honky Tonk Women (03:11)/Lady - Songs Of Yesterday Version (04:37)/Muddy Water - Home Demo Version (03:48)/Heartbreaker - Live At Portsmouth Guildhall / 1972 (05:42)/Wishing Well - US Mix (03:40)/Let Me Show You - Jam (06:05)/Let Me Show You - B Side (03:02",https://i.scdn.co/image/ab67616d00001e0254aba40566e8dcd8e9947e71
4lianjyuR1tqf6oUX8kjrZ,4v4CPvh7qDax72R4u2TXFc,Correnti Gravitazionali,Album,2022-02-04,Summer On A Solitary Beach (04:54)/Bandiera Bianca (04:42)/L'Era Del Cinghiale Bianco (03:20)/Up Patriots To Arms (04:22)/La Stagione Dell'Amore (03:43)/Centro Di Gravità Permanente (03:52)/Cuccurucucù (04:11)/Gli Uccelli (04:05)/Voglio Vederti Danzare (03:28)/La Cura (04:03)/Prospettiva Nevski (03:34)/Alexander Platz - Live (03:20)/L'Animale (02:55)/Povera Patria (03:43)/Ruby Tuesday (03:36)/Stranizza D'Amuri (03:28)/E Ti Vengo A Cercare (03:51)/No Time No Space (03:23)/Sentimiento Nuevo (04:09)/Shock In My Town (04:22)/La Canzone Dell'Amore Perduto (03:25)/Te Lo Leggo Negli Occhi (03:05)/La Canzone Dei Vecchi Amanti (03:25)/Inneres Auge (03:41)/Di Passaggio (03:38)/Strani Giorni (03:59,https://i.scdn.co/image/ab67616d00001e02e0660f60fb28b9f5ce51d169
4RuYtHjAKBufQRqBUMiOfK,1jPGGyuK1EgRoPIwhT8lW6,Banco,Album,1983-06-28,Ninna nanna (04:22)/Lontano da (03:51)/Moby Dick (05:19)/Pioverà (04:43)/Allons Enfants (04:19)/Velocita' (05:18)/Moyo Ukoje (05:16)/Traccia tre (02:44,https://i.scdn.co/image/ab67616d00001e02768cd3575fae303adabd9930
3qlU3Nyu3XXO2k9AUnTcy1,0AkFeymQspB5k0ItaW1HUi,L'Infinitamente Piccolo,Album,2000-01-01,"Il cantico Delle Creature (03:35)/Il Sultano Di Babilonia e La Prostituta (05:25)/Il Lupo Di Gubbio (03:58)/Audite Poverelle (03:06)/Divina Commedia, Paradiso, Canto XI (04:42)/Il Trattato Dei miracoli (04:02)/Nelle Paludi Di Venezia Francesco Si Fermo’ Per Pregare E Tutto Tacque (03:49)/La Regola (03:31)/La Predica Della Prefetta Letizia (04:33)/La Morte Di Francesco (05:35)/Salmo (03:14",https://i.scdn.co/image/ab67616d00001e02da84ac7093b84af180d2541c
02frazNrWgZCxUEf4UTfHt,0eOBTsAhFUTOOcAcxJNE3V,The Quiet Zone/The Pleasure Dome,Album,2005-01-01,Lizard Play - Remastered (04:31)/The Habit Of The Broken Heart - 2005 Digital Remaster (04:39)/The Siren Song - 2005 Digital Remaster (06:05)/Last Frame - 2005 Digital Remaster (06:17)/The Wave - 2005 Digital Remaster (03:15)/Cat's Eye/Yellow Fever (Running) - 2005 Digital Remaster (05:21)/The Sphinx In The Face - 2005 Digital Remaster (05:58)/Chemical World - 2005 Digital Remaster (06:12)/The Sphinx Returns - 2005 Digital Remaster (01:30)/Door (03:28)/Ship Of Fools - 2005 Digital Remaster; GB-AAA-05-00880 (03:03)/The Wave - Early Instrumental Demo Version;2005 Digital Remaster (03:43,https://i.scdn.co/image/ab67616d00001e02890e5a58761cc0215d813922
02frazNrWgZCxUEf4UTfHt,1n6mujGDmusUYHfuFtZZvJ,"H To He, Who Am The Only One (Deluxe)",Album,1970-12-05,"Killer - Remastered 2021 (08:18)/House With No Door - Remastered 2021 (06:31)/The Emperor In His War Room - Remastered 2021 (08:13)/Lost - Remastered 2021 (11:11)/Pioneers Over C - Remastered 2021 (12:40)/Killer - First Version (08:18)/The Emperor In His War Room - First Version (08:14)/Killer - Live BBC Radio One ""Top Gear Session"" / 1970 (07:31)/Lost - Live BBC Radio One ""Top Gear Session"" / 1970 (11:32)/Killer - New Stereo Mix 2021 (08:22)/House With No Door - New Stereo Mix 2021 (06:33)/The Emperor In His War Room - New Stereo Mix 2021 (08:14)/Lost - New Stereo Mix 2021 (11:24)/Pioneers Over C - New Stereo Mix 2021 (12:44",https://i.scdn.co/image/ab67616d00001e02fda0f0767cd77b621ad43902
02frazNrWgZCxUEf4UTfHt,4irlewoGTUPndEinKcavLF,Godbluff,Album,1975,"The Undercover Man - 2005 Digital Remaster (07:32)/Scorched Earth - 2005 Digital Remaster (09:43)/Arrow - 2005 Digital Remaster (09:47)/The Sleepwalkers - 2005 Digital Remaster (10:41)/Forsaken Garden's - Live, 2005 Digital Remaster (07:58)/A Louse Is Not A Home - Live, 2005 Digital Remaster (12:47",https://i.scdn.co/image/ab67616d00001e024327d90040184b2462dced76
02frazNrWgZCxUEf4UTfHt,5GuP6isw4DZpsTaucdWkC5,The Least We Can Do Is Wave To Each Other,Album,1970,Darkness (11/11) [2005 - Remaster] (07:30)/Refugees - Remastered (06:25)/White Hammer - 2005 Digital Remaster (08:18)/Whatever Would Robert Have Said? - 2005 Digital Remaster (06:09)/Out Of My Book - 2005 Digital Remaster (04:06)/After The Flood - 2005 Digital Remaster (11:36)/The Boat Of Millions Of Years - Remastered 2005 (03:54)/Refugees - Single Version / Remastered 2005 (05:18,https://i.scdn.co/image/ab67616d00001e026931cd9c7b1f94ca74a0ec9a
02frazNrWgZCxUEf4UTfHt,5Lrsef2F6ZHNC5yIUEJouw,Pawn Hearts,Compilation,2005-01-01,Lemmings (Including Cog) - Remastered 2005 (11:39)/Man-Erg - 2005 Digital Remaster (10:25)/A Plague Of Lighthouse Keepers (Medley) - 2005 Digital Remaster (23:12)/Theme One - Original Version / 2005 Remaster (03:15)/W - Alternate Take (05:03)/Angle Of Incidents (04:48)/Ponker's Theme (01:28)/Diminutions (05:59,https://i.scdn.co/image/ab67616d00001e02ef60067343906009eeec5134
02frazNrWgZCxUEf4UTfHt,53FDBLUHExEXpd0D0sqYRv,Present,Album,2005-01-01,Every Bloody Emperor (07:03)/Boleas Panic (06:50)/Nutter Alert (06:11)/Abandon Ship! (05:07)/In Babelsberg (05:30)/On The Beach (06:48)/Vulcan Meld (07:19)/Double Bass (06:33)/Slo Moves (06:24)/Architectural Hair (08:55)/Spanner (05:02)/Crux (05:50)/Manuelle (07:51)/'Eavy Mate (03:50)/Homage To Teo (04:45)/The Price Of Admission (08:49,https://i.scdn.co/image/ab67616d00001e02337ea18c8f49a14184e6ad13
3iUjRVvYCsMfz7tuAQtBDI,5ueP8JeD2SeNSYzX7ybnPc,Rage in Eden,Album,1981-09-11,"The Voice - 2008 Remaster (06:01)/We Stand Alone - 2008 Remaster (05:39)/Rage in Eden - 2008 Remaster (04:12)/I Remember (Death in the Afternoon) - 2008 Remaster (04:57)/The Thin Wall - 2008 Remaster (05:41)/Stranger Within - 2008 Remaster (07:28)/Accent on Youth - 2008 Remaster (04:44)/The Ascent - 2008 Remaster (02:19)/Your Name (Has Slipped My Mind) - 2008 Remaster (04:32)/I Never Wanted to Begin - 2008 Remaster (03:33)/Paths and Angles - 2008 Remaster (04:22)/I Never Wanted to Begin - Extended Version (06:19)/Private Lives - Live at Crystal Palace, 13 June 1981 (04:51)/All Stood Still - Live at Crystal Palace, 13 June 1981 (04:22)/I Remember (Death in the Afternoon) - Live at Hammersmith Odeon, 1981 (05:47)/Stranger Within - Live at Hammersmith Odeon, 1981 (08:02)/Rage in Eden - Live at Hammersmith Odeon, 1981 (04:26)/Accent on Youth - Live at Hammersmith Odeon, 1981 (04:45)/The Ascent - Live at Hammersmith Odeon, 1981 (02:27)/Your Name (Has Slipped My Mind Again) - Live at Hammersmith Odeon, 1981 (04:45)/Stranger Within - Work in Progress Mix (07:11)/The Thin Wall - Work in Progress Mix (05:16",https://i.scdn.co/image/ab67616d00001e02b0ff7d3cbc5f8cb6dd639ed5
3iUjRVvYCsMfz7tuAQtBDI,09H76Y3uRhgJSu7u5f3e6f,Ultravox!,Compilation,1977,"Saturday Night In The City Of The Dead (02:35)/Life At Rainbow's End (For All The Tax Exiles On Main Street) (03:44)/Slip Away (04:19)/I Want To Be A Machine (07:21)/Wide Boys (03:16)/Dangerous Rhythm (04:17)/The Lonely Hunter (03:42)/The Wild, The Beautiful & The Damned (05:48)/My Sex (03:02)/Slip Away - Live At The Rainbow Theatre, London, UK / 1977 (04:12)/Modern Love - Live At The Rainbow Theatre, London, UK / 1977 (02:31)/The Wild, The Beautiful & The Damned - Live At The Rainbow Theatre, London, UK / 1977 (05:18)/My Sex - Live (03:05",https://i.scdn.co/image/ab67616d00001e02ba76184490ab1ed201600264
3iUjRVvYCsMfz7tuAQtBDI,2qglzVkWCBALdZ8JHMgJhT,Ha! Ha! Ha!,Compilation,1977,Rockwrok (03:34)/The Frozen Ones (04:07)/Fear In The Western World (04:00)/Distant Smile (05:21)/The Man Who Dies Everyday (04:11)/Artificial Life (04:59)/While I'm Still Alive (03:16)/Hiroshima Mon Amour (05:14)/Young Savage (03:00)/The Man Who Dies Every Day - Remix (04:18)/Hiroshima Mon Amour - Alternate Version (04:56)/Quirks (01:40)/The Man Who Dies Every Day - Live (03:53)/Young Savage - Live (03:22,https://i.scdn.co/image/ab67616d00001e02955843ee6223834b432c98d6
3iUjRVvYCsMfz7tuAQtBDI,2i88O2q8557wf6e1LIpfrb,Systems Of Romance,Compilation,1978,Slow Motion (03:27)/I Can’t Stay Long (04:16)/Someone Else's Clothes (04:26)/Blue Light (03:09)/Some Of Them (02:28)/Quiet Men (04:11)/Dislocation (02:55)/Maximum Acceleration (03:53)/When You Walk Through Me (04:18)/Just For A Moment (03:11)/Cross Fade (02:56)/Quiet Men - Full Version (03:58,https://i.scdn.co/image/ab67616d00001e02874cfaef52744266457f7b7a
3iUjRVvYCsMfz7tuAQtBDI,6Y4IpNu7XzxC3SyFkSp2oY,Brilliant,Album,2012-05-25,Live (04:11)/Flow (04:24)/Brilliant (04:22)/Change (04:30)/Rise (04:04)/Remembering (03:43)/Hello (05:40)/One (04:43)/Fall (04:07)/Lie (04:35)/Satellite (03:58)/Contact (04:31,https://i.scdn.co/image/ab67616d00001e02b6eec4ad0824ba364d33e7a8
2qT62DYO8Ajb276vUJmvhz,0BOGd3GkLblP0N9koqXtmd,"Apple Venus, Vol. 1",Album,1999-02-17,River Of Orchids (05:52)/I'd Like That (03:49)/Easter Theatre (04:37)/Knights In Shining Karma (03:39)/Frivolous Tonight (03:09)/Greenman (06:16)/Your Dictionary (03:14)/Fruit Nut (03:00)/I Can't Own Her (05:25)/Harvest Festival (04:14)/The Last Balloon (06:35,https://i.scdn.co/image/ab67616d00001e02b076085be6f84c043e4f8613
2qT62DYO8Ajb276vUJmvhz,2fDm6GpssR8S6uQnDE4MKM,English Settlement,Album,1982-02-12,Runaways - 2001 Remaster (04:34)/Ball And Chain - 2001 Remaster (04:32)/Senses Working Overtime - Remastered 2001 (04:50)/Jason And The Argonauts - 2001 Remaster (06:07)/No Thugs In Our House - 2001 Remaster (05:09)/Yacht Dance - 2001 Remaster (03:56)/All Of A Sudden (It's Too Late) - 2001 Remaster (05:21)/Melt The Guns - 2001 Remaster (06:34)/Leisure - 2001 Remaster (05:02)/It's Nearly Africa - 2001 Remaster (03:55)/Knuckle Down - 2001 Remaster (04:28)/Fly On The Wall - 2001 Remaster (03:19)/Down In The Cockpit - 2001 Remaster (05:27)/English Roundabout - 2001 Remaster (03:59)/Snowman - 2001 Remaster (05:03,https://i.scdn.co/image/ab67616d00001e02eaa71fe9c71d643584107f0f
2qT62DYO8Ajb276vUJmvhz,3FVsJiQMI7dp0RfTBdWtMW,Skylarking,Album,1986,"Summer's Cauldron - Remastered 2001 (03:19)/Grass - Remastered 2001 (03:05)/The Meeting Place - Remastered 2001 (03:14)/That's Really Super, Supergirl - Remastered 2001 (03:21)/Ballet For A Rainy Day - Remastered 2001 (02:50)/1000 Umbrellas - Remastered 2001 (03:44)/Season Cycle - Remastered 2001 (03:21)/Earn Enough For Us - Remastered 2001 (02:53)/Big Day - Remastered 2001 (03:32)/Another Satellite - Remastered 2001 (04:15)/Mermaid Smiled - Remastered 2001 (02:26)/The Man Who Sailed Around His Soul - Remastered 2001 (03:24)/Dying - Remastered 2001 (02:31)/Sacrificial Bonfire - Remastered 2001 (03:49)/Dear God - Remastered 2001 (03:39",https://i.scdn.co/image/ab67616d00001e02fc44899bcbe64d27e5977512
2qT62DYO8Ajb276vUJmvhz,6WK4H6AhFAt4RhuTzLFJws,Nonsuch,Album,1992,Ballad Of Peter Pumpkinhead - 2001 Remaster (05:02)/My Bird Performs - 2001 Remaster (03:51)/Dear Madam Barnum - 2001 Remaster (02:48)/Humble Daisy - 2001 Remaster (03:36)/The Smartest Monkeys - 2001 Remaster (04:18)/The Disappointed - 2001 Remaster (03:23)/Holly Up On Poppy - 2001 Remaster (03:04)/Crocodile - 2001 Remaster (03:56)/Rook - 2001 Remaster (03:47)/Omnibus - 2001 Remaster (03:20)/That Wave - 2001 Remaster (03:34)/Then She Appeared - 2001 Remaster (03:51)/War Dance - 2001 Remaster (03:22)/Wrapped In Grey - 2001 Remaster (03:46)/The Ugly Underneath - 2001 Remaster (03:50)/Bungalow - 2001 Remaster (02:49)/Books Are Burning - 2001 Remaster (04:54,https://i.scdn.co/image/ab67616d00001e0203aeeaa42d4b1a6a61a86107
2qT62DYO8Ajb276vUJmvhz,6sLuXZdrb1cmsAnfrmgbrU,Black Sea,Album,1980-09-12,Respectable Street - 2001 Remaster (03:37)/Generals And Majors - 2001 Remaster (04:04)/Living Through Another Cuba - 2001 Remaster (04:44)/Love At First Sight - 2001 Remaster (03:07)/Rocket From A Bottle - 2001 Remaster (03:30)/No Language In Our Lungs - 2001 Remaster (04:53)/Towers Of London - 2001 Remaster (05:24)/Paper And Iron (Notes And Coins) - 2001 Remaster (04:17)/Burning With Optimism's Flames - 2001 Remaster (04:15)/Sgt. Rock (Is Going To Help Me) - 2001 Remaster (03:56)/Travels In Nihilon - 2001 Remaster (07:04)/Smokeless Zone - 2001 Remaster (03:50)/Don't Lose Your Temper - 2001 Remaster (02:32)/The Somnabulist - 2001 Remaster (04:38,https://i.scdn.co/image/ab67616d00001e02e5c2686822fec8b0116ccd0b
2qT62DYO8Ajb276vUJmvhz,4HWzj6tf8nXvH7GzXAl1ld,Go 2,Album,1978-10-06,Meccanik Dancing (Oh We Go!) - 2001 Remaster (02:35)/Battery Brides (Andy Paints Brian) - 2001 Remaster (04:36)/Buzzcity Talking - 2001 Remaster (02:41)/Crowded Room - 2001 Remaster (02:53)/The Rhythm - 2001 Remaster (03:00)/Red - 2001 Remaster (03:02)/Beatown - 2001 Remaster (04:36)/Life Is Good In The Greenhouse - 2001 Remaster (04:40)/Jumping In Gomorrah - 2001 Remaster (02:04)/My Weapon - 2001 Remaster (02:20)/Super-Tuff - 2001 Remaster (04:27)/I Am The Audience - 2001 Remaster (03:48)/Are You Receiving Me? - 2001 Remaster (03:05,https://i.scdn.co/image/ab67616d00001e02641625bbe09bbdee5eb5c915
2qT62DYO8Ajb276vUJmvhz,4S6y2iTYbGONSlNJHYyrVl,Drums And Wires,Album,1979-08-17,Making Plans For Nigel (04:13)/Helicopter - 2001 Digital Remaster (03:54)/Day In Day Out - 2001 Digital Remaster (03:08)/When You're Near Me I Have Difficulty - 2001 Digital Remaster (03:22)/Ten Feet Tall - 2001 Digital Remaster (03:16)/Roads Girdle The Globe - 2001 Digital Remaster (04:50)/Reel By Reel - 2001 Digital Remaster (03:47)/Millions - 2001 Digital Remaster (05:39)/That Is The Way - 2001 Digital Remaster (02:56)/Outside World - 2001 Digital Remaster (02:41)/Scissor Man - 2001 Digital Remaster (04:00)/Complicated Game - 2001 Digital Remaster (05:04)/Life Begins At The Hop - Remastered 2001 (03:49)/Chain Of Command - 2001 Digital Remaster (02:33)/Limelight - 2001 Digital Remaster (02:26,https://i.scdn.co/image/ab67616d00001e0224110c456fe319f691e1a320
2qT62DYO8Ajb276vUJmvhz,6L887NSKMvNxSdNWz68IDV,"Live Boots (Emerald City, Cherry Hill, NJ, 4/17/1981)",Album,2026-06-19,"Real by Reel - Live at Emerald City, 1981 (03:49)/Life Begins at the Hop - Live at Emerald City, 1981 (03:51)/When You're Near Me I Have Difficulty - Live at Emerald City, 1981 (04:13)/Respectable Street - Live at Emerald City, 1981 (03:43)/Sgt. Rock (Is Going to Help Me) - Live at Emerald City, 1981 (03:56)/No Language in Our Lungs - Live at Emerald City, 1981 (04:52)/Ball and Chain - Live at Emerald City, 1981 (04:02)/Paper and Iron - Live at Emerald City, 1981 (04:32)/Love at First Sight - Live at Emerald City, 1981 (03:09)/Roads Girdle the Globe - Live at Emerald City, 1981 (04:26)/Scissor Man - Live at Emerald City, 1981 (06:14)/Towers of London - Live at Emerald City, 1981 (05:50)/Burning With Optimism's Flames - Live at Emerald City, 1981 (04:20)/Making Plans for Nigel - Live at Emerald City, 1981 (04:40)/Living Through Another Cuba - Live at Emerald City, 1981 (05:12)/Generals and Majors - Live at Emerald City, 1981 (04:30)/This is Pop - Live at Emerald City, 1981 (02:23)/Helicopter - Live at Emerald City, 1981 (03:35)/Statue of Liberty - Live at Emerald City, 1981 (02:42)/Outside World - Live at Emerald City, 1981 (03:23",https://i.scdn.co/image/ab67616d00001e020136886343509cae1d001fa7
2qT62DYO8Ajb276vUJmvhz,65Al3RSB7zeQeYcinysMxJ,White Music,Album,1978-01-20,Radios In Motion - 2001 Remaster (02:54)/Cross Wires - 2001 Remaster (02:06)/This Is Pop? - 2001 Remaster (02:41)/Do What You Do - 2001 Remaster (01:16)/Statue Of Liberty - 2001 Remaster (02:55)/All Along The Watchtower - 2001 Remaster (05:43)/Into The Atom Age - 2001 Remaster (02:32)/I'll Set Myself On Fire - 2001 Remaster (03:04)/I'm Bugged - 2001 Remaster (03:59)/New Town Animal In A Furnished Cage - 2001 Remaster (01:53)/Spinning Top - 2001 Remaster (02:40)/Neon Shuffle - 2001 Remaster (04:37)/Science Friction - 2001 Remaster (03:13)/She's So Square - 2001 Remaster (03:06)/Dance Band - 2001 Remaster (02:41)/Hang On To The Night - 2001 Remaster (02:09)/Heatwave - 2001 Remaster (02:12)/Traffic Light Rock - 2001 Remaster (01:40)/Instant Tunes - 2001 Remaster (02:34,https://i.scdn.co/image/ab67616d00001e020cc511137fc539a8b9f971c9
2qT62DYO8Ajb276vUJmvhz,5Jpxb9N0W4N8s0ITNzd1eG,"Wasp Star (Apple Venus, Vol. 2)",Album,2000-05-23,Playground (04:16)/Stupidly Happy (04:13)/In Another Life (03:35)/My Brown Guitar (03:51)/Boarded Up (03:22)/I'm The Man Who Murdered Love (03:44)/We're All Light (04:39)/Standing In For Joe (03:42)/Wounded Horse (04:11)/You And The Clouds Will Still Be Beautiful (04:18)/Church Of Women (05:02)/The Wheel And The Maypole (06:01,https://i.scdn.co/image/ab67616d00001e020cfac93328d9dc4fa57d8626
02frazNrWgZCxUEf4UTfHt,1gFxD1QvxsUkafEuIeJ0LW,The Pawn Hearts Sessions,Album,1972-01-01,Theme One - Remastered 2021 (02:56)/W - Remastered 2021 (04:27)/Squid/Octopus - Remastered 2021 (15:24)/W - First Version / Remastered 2021 (05:01)/Angle Of Incidents - Remastered 2021 (04:47)/Ponker's Theme - Remastered 2021 (01:26)/Dimunitions - Remastered 2021 (06:00)/Theme One - Original Mix (03:14)/ManErg - BBC Radio One John Peel Concert / 1971 (11:14)/W - BBC Radio One John Peel Concert / 1971 (05:50)/Killer - BBC Radio One John Peel Concert / 1971 (07:56)/Refugees - BBC Radio One John Peel Session / 1971 (06:17,https://i.scdn.co/image/ab67616d00001e0215658a502332e30d47f25810
02frazNrWgZCxUEf4UTfHt,0kmpQ28yR2OJqnUxhjfRLU,World Record,Album,1976-01-01,When She Comes (08:02)/A Place To Survive (10:04)/Masks (06:56)/Meurglys III (The Songwriters Guild) (20:51)/Wondering (06:34,https://i.scdn.co/image/ab67616d00001e025c909ab6ff829117b6a19361
6w6z8m4WXX7Tub4Rb6Lu7R,5c0NFeQON726s0zzipHA1d,Stand Up,Album,1969-08-01,A New Day Yesterday (04:08)/Jeffrey Goes to Leicester Square (02:12)/Bourée (03:45)/Back to the Family (03:53)/Look into the Sun (04:23)/Nothing Is Easy (04:24)/Fat Man (02:50)/We Used to Know (04:03)/Reasons for Waiting (04:07)/For a Thousand Mothers (04:21)/Living in the Past - 2001 Remaster (03:22)/Driving Song - 2001 Remaster (02:44)/Sweet Dream - 2001 Remaster (04:03)/17 - 2010 Remaster (06:10)/Living in the Past - Single Version; Mono; 2010 Remaster (03:25)/Bourée - Top Gear BBC Radio Session (04:01)/A New Day Yesterday - Top Gear BBC Radio Session (04:16)/Nothing Is Easy - Top Gear BBC Radio Session (05:07)/Fat Man - Top Gear BBC Radio Session (02:56)/Stand Up (US Radio Spot #1) - 2010 Remaster (01:03)/Stand Up (US Radio Spot #2) - 2010 Remaster (00:51)/Nothing Is Easy - Live at Carnegie Hall; 2010 Mix (05:42)/My God - Live at Carnegie Hall; 2010 Mix (12:42)/With You There to Help Me / By Kind Permission Of - Live at Carnegie Hall; 2010 Mix (13:34)/A Song for Jeffrey - Live at Carnegie Hall; 2010 Mix (05:25)/To Cry You a Song - Live at Carnegie Hall; 2010 Mix (06:04)/Sossity; You're a Woman / Reasons for Waiting / Sossity; You're a Woman - Live at Carnegie Hall; 2010 Mix (05:28)/Dharma for One - Live at Carnegie Hall; 2010 Mix (13:36)/We Used to Know - Live at Carnegie Hall; 2010 Mix (03:41)/Guitar Solo - Live at Carnegie Hall; 2010 Mix (08:24)/For a Thousand Mothers - Live at Carnegie Hall; 2010 Mix (04:42,https://i.scdn.co/image/ab67616d00001e0269a7ec0045a385bdf057c871
0EPf9vAXPdFV5Ezp1sMX8B,5Y50elNMGixIglZpMK2gzW,Fade To Grey (Orchestral),Single,2014-10-24,Fade To Grey - Orchestral Version (05:52)/Fade To Grey (03:53)/Fade To Grey - Extended Version (08:37)/Fade To Grey - Extended Instrumental (08:37)/Fade To Grey - The Feliks Arrival remix (06:35)/Fade To Grey - Orchestral Instrumental (05:52)/Fade To Grey - Orchestral Radio Version (03:45)/Fade To Grey - Orcapella (05:53)/Fade To Grey - Main Instrumental (03:53,https://i.scdn.co/image/ab67616d00001e028391cc923b06c317b057fd09
3iUjRVvYCsMfz7tuAQtBDI,5yozZL0OZd5GJH7gfyjYru,Same Old Story (2009 Remaster),Single,1986-09-15,Same Old Story - Extended Version (06:59)/3 - 2009 Remaster (04:01)/All in One Day - Instrumental (05:12)/Same Old Story - Single Mix (03:58,https://i.scdn.co/image/ab67616d00001e0291bea76fc4e7bdc280062166
3iUjRVvYCsMfz7tuAQtBDI,5QOfwhXOAIAPdN0UdeodJw,The Thin Wall (Steven Wilson Single Mix),Single,2022-09-02,The Thin Wall - Steven Wilson Single Mix (04:26,https://i.scdn.co/image/ab67616d00001e02982b6c30b98ec466e04a9446
1aX2dmV8XoHYCOQRxjPESG,0Jst3a86SKc0inDa2AKhXf,Hysteria,Album,1984-01-01,I'm Coming Back (04:12)/I Love You Too Much (03:27)/Rock Me Again And Again And Again And Again And Again And Again (03:35)/Louise (05:00)/The Lebanon (05:04)/Betrayed (04:06)/The Sign (03:49)/So Hurt (03:54)/Life On Your Own (04:08)/Don't You Know I Want You (03:10,https://i.scdn.co/image/ab67616d00001e02fc4f9aae392668de249f4ff8
12VaqyEhgwDRuFfEqbnrpz,1LQlpOjLrnNvsqg6tosrYD,Is This Desire?,Album,1998-01-01,Angelene (03:34)/The Sky Lit Up (01:52)/The Wind (04:01)/My Beautiful Leah (01:59)/A Perfect Day Elise (03:06)/Catherine (04:05)/Electric Light (03:04)/The Garden (04:12)/Joy (03:40)/The River (04:52)/No Girl So Sweet (02:45)/Is This Desire? (03:25,https://i.scdn.co/image/ab67616d00001e020927e8d8299223187f1d8d04
12VaqyEhgwDRuFfEqbnrpz,2JfiVMvVhdueC48EmskS7t,Let England Shake,Album,2011-01-01,Let England Shake (03:09)/The Last Living Rose (02:21)/The Glorious Land (03:34)/The Words That Maketh Murder (03:45)/All And Everyone (05:39)/On Battleship Hill (04:07)/England (03:11)/In The Dark Places (02:59)/Bitter Branches (02:29)/Hanging In The Wire (02:42)/Written On The Forehead (03:39)/The Colour Of The Earth (02:33,https://i.scdn.co/image/ab67616d00001e020682f13c108d0aa9fb3a7e7a
0yNLKJebCb8Aueb54LYya3,2OCcLfOyYhjOiWLBW0dIE2,Best Remixes,Compilation,2005-06-21,"Jetstream - Richard X Remix (07:42)/Krafty - DJ Dan Vocal Remix (08:18)/Crystal - John Creamer & Stephane K Main Remix (11:25)/Spooky - Out of Order Mix (06:20)/World (The Price of Love) - Perfecto Mix (07:28)/Ruined in a Day - Reunited in a Day Remix (06:14)/Regret - New Order Mix (05:12)/World in Motion - Carabinieri Mix (05:53)/Round & Round - Kevin Saunderson 12"" Mix (06:48)/Fine Time - Steve 'Silk' Hurley Remix (06:15)/Blue Monday ('88) - 12"" Version (07:07)/True Faith - The Morning Sun Extended Remix (09:01)/Bizarre Love Triangle - Extended Dance Mix (06:42)/State of the Nation (06:32)/The Perfect Kiss - Live version from Video (05:14)/Here to Stay - Felix Da Housecat, Thee Extended Glitz Mix (08:10",https://i.scdn.co/image/ab67616d00001e02543d4cf9140ea1d0c5fd204b
3qlU3Nyu3XXO2k9AUnTcy1,5lOLmpg0aaAI62dup4zFmH,Alla Fiera Dell'Est,Album,1976-01-01,Alla Fiera Dell'Est (05:22)/La Favola Degli Aironi (03:42)/Il Vecchio E La Farfalla (02:55)/Canzone Per Sarah (04:20)/La Serie Dei Numeri (04:29)/Il Dono Del Cervo (03:13)/Il Funerale (08:06)/L'Uomo E La Nuvola (03:45)/Sotto Il Tiglio (02:53)/Canzone Del Rimpianto (03:01,https://i.scdn.co/image/ab67616d00001e025dde888500c82dc641443878
4lianjyuR1tqf6oUX8kjrZ,3ZMIvjtdKwQ75xll79vWk4,Pollution,Album,1973-01-01,Il silenzio del rumore / 31 Dicembre 1999 - Ore 9 (03:08)/Areknames (05:07)/Beta (07:24)/Plancton (05:03)/Pollution / Ti sei mai chiesto quale funzione hai? (12:23,https://i.scdn.co/image/ab67616d00001e0265ad2036979d31a7e87814fe
2x9SpqnPi8rlE9pjHBwmSC,3AQgdwMNCiN7awXch5fAaG,Remain in Light (Deluxe Version),Album,1980-10-08,Born Under Punches (The Heat Goes On) - 2005 Remaster (05:49)/Crosseyed and Painless - 2005 Remaster (04:45)/The Great Curve - 2005 Remaster (06:27)/Once in a Lifetime - 2005 Remaster (04:19)/Houses in Motion - 2005 Remaster (04:33)/Seen and Not Seen - 2005 Remaster (03:24)/Listening Wind - 2005 Remaster (04:42)/The Overload - 2005 Remaster (06:02)/Fela's Riff - Unfinished Outtake (05:16)/Unison - Unfinished Outtake (04:46)/Double Groove - Unfinished Outtake (04:24)/Right Start - Unfinished Outtake (04:07,https://i.scdn.co/image/ab67616d00001e02e56fa8c916dc6ce419dcf557
7vPXrGlSGukcwpaPxUfKKR,0dAsUU19ezkLw7ZUMgdfc3,Assemblage,Album,1981,"Adolescent Sex (04:13)/State Line (04:45)/Communist China (02:45)/...Rhodesia (06:48)/Suburban Berlin (05:00)/Life in Tokyo (03:31)/European Son (03:39)/All Tomorrow's Parties - 7"" Version (04:14)/Quiet Life (04:51)/I Second That Emotion (03:45)/European Son - John Punter 12"" Mix (05:02)/I Second That Emotion - 12"" Version (05:17)/Life In Tokyo (Pt, 1) - 7"" Version (04:03)/Life in Tokyo - 12"" Extended Version (06:15",https://i.scdn.co/image/ab67616d00001e026970dadcd8cfcdf916a906a4
12VaqyEhgwDRuFfEqbnrpz,2fDJpBJhtloxzUENHlU9JB,Rid Of Me,Album,1993-01-01,Rid Of Me (04:28)/Missed (04:25)/Legs (03:40)/Rub 'Til It Bleeds (05:03)/Hook (03:56)/Man-Size Sextet (02:16)/Highway '61 Revisited (02:57)/50ft Queenie (02:23)/Yuri-G (03:28)/Man-Size (03:16)/Dry (03:23)/Me-Jane (02:42)/Snake (01:35)/Ecstasy (04:27,https://i.scdn.co/image/ab67616d00001e025950e19534bed4e25b6048f1
12VaqyEhgwDRuFfEqbnrpz,2yMg8ronKfVDHngnlLNnl8,To Bring You My Love,Album,1995-01-01,To Bring You My Love (05:31)/Meet Ze Monsta (03:29)/Working For The Man (04:45)/C'mon Billy (02:47)/Teclo (04:56)/Long Snake Moan (05:15)/Down By The Water (03:14)/I Think I'm A Mother (04:00)/Send His Love To Me (04:20)/The Dancer (04:05,https://i.scdn.co/image/ab67616d00001e026ea4af8437d78b607f30c8f0
5KQMtyPE8DCQNUzoNqlEsE,2McSfMOhsYBkGNA47IjtnG,Telekon,Album,1980-09-05,This Wreckage (05:26)/The Aircrash Bureau (05:41)/Telekon (04:29)/Remind Me to Smile (04:03)/Sleep by Windows (04:58)/We Are Glass (04:47)/I'm an Agent (04:19)/I Dream of Wires (05:10)/Remember I Was Vapour (05:11)/Please Push No More (05:39)/The Joy Circuit (05:12)/I Die: You Die (03:47)/A Game Called Echo (05:07)/Photograph (02:27)/Down in the Park - Piano Version (04:15)/Trois Gymnopedies (First Movement) (02:44,https://i.scdn.co/image/ab67616d00001e02fb967a5967bacabc3e9f36fd
5KQMtyPE8DCQNUzoNqlEsE,1AbColVwAzX9BY56BPC0Rl,"I, Assassin",Album,1982,"White Boys and Heroes (06:23)/War Songs (05:05)/A Dream of Siam (06:13)/Music for Chameleons (06:06)/This Is My House (04:52)/I, Assassin (05:26)/The 1930's Rust (03:55)/We Take Mystery (To Bed) (06:10)/War Games (03:55)/Glitter and Ash (04:42)/The Image Is (05:55)/This House Is Cold (05:27)/Noise Noise (03:49)/We Take Mystery (To Bed) - Early Version (05:58)/Bridge? What Bridge? (04:22",https://i.scdn.co/image/ab67616d00001e02b0d54d1ae53e1bcf43a2c1f2
4RuYtHjAKBufQRqBUMiOfK,0Ft1jEOyGY74ZgHb1FYO4U,Darwin!,Album,1972-04-28,L'evoluzione - Live (13:59)/La conquista della posizione eretta (08:42)/Danza dei grandi rettili (03:42)/Cento mani e cento occhi (05:22)/750.000 anni fa... l'amore? (05:38)/Miserere alla storia (05:58)/Ed ora io domando tempo al tempo ed egli mi risponde...non ne ho! (03:29,https://i.scdn.co/image/ab67616d00001e02dc889db5dba45e86f1fbfc6c
4lianjyuR1tqf6oUX8kjrZ,1Bw3bHsQ9Xwlalhp4NjX1n,Mondi Lontanissimi (2008 Remastered Edition),Album,1985,Via Lattea - Remastered 2008 (04:52)/Risveglio Di Primavera - 2008 Remaster (03:32)/No Time No Space - Remastered (03:27)/Personal Computer - 2008 Remaster (02:41)/Temporary Road - 2008 Remaster (02:49)/Il Re Del Mondo - 1985 Version / 2008 Remaster (03:27)/Chan-Son Egocentrique - Remastered (04:13)/I Treni Di Tozeur - Remastered (03:09)/L'Animale - Remastered (03:19,https://i.scdn.co/image/ab67616d00001e02ffc0e1407e9dd9a938716ee7
3iUjRVvYCsMfz7tuAQtBDI,2QDolqCMmtvKMT3EEQKFAv,The Very Best of Ultravox,Compilation,2009-04-06,Sleepwalk - 2008 Remaster (03:12)/Passing Strangers - 2008 Remaster (03:50)/Vienna - 2009 Remaster (04:39)/All Stood Still - 2008 Remaster (04:25)/The Thin Wall - Single Version (04:26)/The Voice - Single Version (04:23)/Reap the Wild Wind - 2009 Remaster (03:49)/Hymn - Single Version (04:25)/Visions in Blue - Single Version (04:13)/We Came to Dance - Single Version (04:08)/One Small Day - Single Version (04:35)/Dancing with Tears in My Eyes - Single Version (04:09)/Lament - Single Version (04:18)/White China - 2009 Remaster (03:53)/Love's Great Adventure - 2009 Remaster (03:06)/Same Old Story - Single Mix (03:58)/All Fall Down - 2009 Remaster (05:09)/All in One Day - 2009 Remaster (04:20,https://i.scdn.co/image/ab67616d00001e02322e2040d4731fc72b50b18e
0yNLKJebCb8Aueb54LYya3,0fn2SPJjYECJG3BNvNOd9f,Low-Life,Album,1985-05-13,Love Vigilantes - 2022 Digital Master (04:19)/The Perfect Kiss - 2022 Digital Master (04:49)/This Time of Night - 2022 Digital Master (04:44)/Sunrise - 2022 Digital Master (06:00)/Elegia - 2022 Digital Master (04:56)/Sooner Than You Think - 2022 Digital Master (05:11)/Sub-culture - 2022 Digital Master (04:58)/Face Up - 2022 Digital Master (05:06,https://i.scdn.co/image/ab67616d00001e02f9378d8a13788f0132703a9d
5kwbFaRKf9HCFGrJPacZ7s,7rVmN6Ts1yg6JPtfSV3Z2r,Legend Of A Mind - The Underground Anthology,Compilation,2002-01-01,"Legend Of A Mind (06:37)/Screams In The Ears (03:22)/Suite No. 1 (05:35)/Part 1 [Introspection] (04:03)/I Can't Keep From Crying Sometimes (05:22)/Austin Osmanspare (02:55)/The Song Of The Pusillanimous (or Don't worry, James, your socks are hanging in the coal cellar with Thomas) (05:06)/Voodoo Forest (03:43)/Nymphenburger (06:15)/Once Upon A Hill (10:29)/No More White Horses (08:34)/Hello Hello - Single Version (03:12)/Freelance Fiend (03:09)/Nutmeg, Bitter Suite (03:10)/The Witch (02:31)/Still As Stone (02:47)/Maybe Someday (06:19)/Chauffeur (05:16)/Tomorrow Morning Brings (02:38)/The Unknown Years (06:56)/Free To Be Stoned (07:43)/Cemetery Junction: Parts 1 & 2 (08:30)/Roundabout (06:06)/Question (05:45)/Love Like A Man (07:37)/Jig-A-Jig (03:44)/Golf Girl (05:00)/Boulders On My Grave (03:28)/Theme Song/En Route/Theme Song (reprise) (08:05)/Hellbound Train (09:11)/Stranded (05:54)/The Rise And Dear Demise Of The Funky Nomadic Tribes (07:07)/Seafull (06:30)/C'thlu Thlu (06:11)/Whiskey In The Jar (05:43)/Lady Fantasy (12:59)/Nights In Armour (03:52)/Propositions - Live (07:52)/Air Born (05:01)/The Envoy (06:27",https://i.scdn.co/image/ab67616d00001e02be7204133b43de313afeed1a
5JeJHWfm2ZxNd09hrIf7Zb,12XE52MlgP8Gr7VAdNSPlU,Retrospektïw 1-2-3 (2021 remastered),Album,1981-06-09,Theusz hamtaahk - 2021 remastered (36:05)/Mekanïk destruktïw kömmandöh - 2021 remastered (40:06)/Retrovision - 2021 remastered (18:13)/Hhaï - 2021 remastered (13:25)/La dawotsin - 2021 remastered (04:12,https://i.scdn.co/image/ab67616d00001e028141a9eb883099dc76967054
0yNLKJebCb8Aueb54LYya3,0PSWY4XyjTWppfBb0tBtqu,Brotherhood (Collector's Edition),Album,1986-09-29,"Paradise (03:52)/Weirdo (03:52)/As It Is When It Was (03:44)/Broken Promise (03:48)/Way of Life (04:06)/Bizarre Love Triangle (04:23)/All Day Long (05:11)/Angel Dust (03:43)/Every Little Counts (04:28)/State of the Nation (06:36)/Bizarre Love Triangle - Shep Pettibone 12"" Remix (06:45)/1963 - 12"" Version (05:37)/True Faith - Shep Pettibone 12"" Remix (09:03)/Touched by the Hand of God - 12"" Version (07:06)/Blue Monday '88 - 12"" Version (07:10)/Evil Dust (03:44)/True Faith - Eschreamer Dub (07:51)/Blue Monday '88 Dub - 12"" Version (07:20",https://i.scdn.co/image/ab67616d00001e02530a2c5dd17d2ddf8edc2978
5JeJHWfm2ZxNd09hrIf7Zb,1hWwZZvGF4CGT9AnSAPXlR,Mekanik destruktiw kommandoh (2017 Remastered Version),Album,1973-03-15,Hortz fur dëhn stëkëhn west - 2017 Remastered Version (09:34)/Ïma sürï dondaï - 2017 Remastered Version (04:28)/Kobaïa ïs dë hündïn - 2017 Remastered Version (03:34)/Da zeuhl wortz mekanïk - 2017 Remastered Version (07:47)/Nëbëhr gudahtt - 2017 Remastered Version (06:01)/Mëkanïk kömmandöh - 2017 Remastered Version (04:08)/Kreühn köhrmahn ïss dë hündïn - 2017 Remastered Version (03:15,https://i.scdn.co/image/ab67616d00001e0229f6074595251e0f82df9bf0
0lZoBs4Pzo7R89JM9lxwoT,0jBIq5EY9zRBZJuCE9iuM1,Seven and the Ragged Tiger (Deluxe Edition),Album,1983-11-21,"The Reflex - 2010 Remaster (05:29)/New Moon on Monday - 2010 Remaster (04:16)/(I'm Looking For) Cracks in the Pavement - 2010 Remaster (03:39)/I Take the Dice - 2010 Remaster (03:17)/Of Crime and Passion - 2010 Remaster (03:51)/Union of the Snake - 2010 Remaster (04:19)/Shadows on Your Side - 2010 Remaster (04:03)/Tiger Tiger - 2010 Remaster (03:20)/The Seventh Stranger - 2010 Remaster (05:24)/Is There Something I Should Know? - 2010 Remaster (04:11)/Faith in This Colour - 2010 Remaster (04:06)/Faith in This Colour - Alternate Slow Mix; 2010 Remaster (04:10)/Secret Oktober - 2010 Remaster (02:49)/Tiger Tiger - Ian Little Remix; 2010 Remaster (03:31)/The Reflex - Single Version; 2010 Remaster (04:27)/Make Me Smile (Come Up and See Me) - Live; 2010 Remaster (05:00)/New Religion - Live at the L.A. Forum, Los Angeles, CA, 9/2/1984; 2010 Remaster (05:48)/The Reflex - Live at the L.A. Forum, Los Angeles, CA, 9/2/1984; 2010 Remaster (06:03)/Is There Something I Should Know? - Monster Mix; 2010 Remaster (06:43)/Union of the Snake - The Monkey Mix; 2010 Remaster (06:29)/New Moon on Monday - Dance Mix; 2010 Remaster (06:06)/The Reflex - Dance Mix; 2010 Remaster (06:36",https://i.scdn.co/image/ab67616d00001e02b66a8f4f3f57f2cc43c88775
0oSGxfWSnnOXhD2fKuz2Gy,4NwG11AsDJluT732lSjMrV,Let's Dance (2018 Remaster),Album,1983-04-14,Modern Love - 2018 Remaster (04:48)/China Girl - 2018 Remaster (05:33)/Let's Dance - 2018 Remaster (07:37)/Without You - 2018 Remaster (03:09)/Ricochet - 2018 Remaster (05:13)/Criminal World - 2018 Remaster (04:25)/Cat People (Putting Out Fire) - 2018 Remaster (05:09)/Shake It - 2018 Remaster (03:52,https://i.scdn.co/image/ab67616d00001e02db0917ddd4139153bc1d1a1a
762310PdDnwsDxAQxzQkfX,570tDDsJUBimO3v70LJWFw,A Broken Frame (Deluxe),Album,1982-09-27,Leave in Silence (04:49)/My Secret Garden (04:46)/Monument (03:14)/Nothing to Fear (04:16)/See You (04:34)/Satellite (04:42)/The Meaning of Love (03:06)/A Photograph of You (03:04)/Shouldn't Have Done That (03:12)/The Sun and the Rainfall (05:05)/My Secret Garden - Live in Hammersmith (07:29)/See You - Live in Hammersmith (04:10)/Satellite - Live in Hammersmith (04:24)/Nothing to Fear - Live in Hammersmith (04:26)/The Meaning of Love - Live in Hammersmith (03:12)/A Photograph of You - Live in Hammersmith (03:30)/Now This Is Fun (03:25)/Oberkorn (It's a Small Town) (04:09)/Excerpt from: My Secret Garden (03:16,https://i.scdn.co/image/ab67616d00001e025fcdafb582a7cd669692bc5d
