album_id,album_name,artist_id,album_type,album_date,album_tracks,album_pic
0fn2SPJjYECJG3BNvNOd9f,Low-Life,0yNLKJebCb8Aueb54LYya3,Album,1985-05-13,Love Vigilantes - 2022 Digital Master (04:19)/The Perfect Kiss - 2022 Digital Master (04:49)/This Time of Night - 2022 Digital Master (04:44)/Sunrise - 2022 Digital Master (06:00)/Elegia - 2022 Digital Master (04:56)/Sooner Than You Think - 2022 Digital Master (05:11)/Sub-culture - 2022 Digital Master (04:58)/Face Up - 2022 Digital Master (05:06,https://i.scdn.co/image/ab67616d00001e02f9378d8a13788f0132703a9d
3JRgE1OqN7A8wrYqFxDfJO,A Love Supreme (Monophonic Edition),2hGh5VOeeqimQFxqXvfCUf,Album,1965-01,"A Love Supreme, Pt. I - Acknowledgement - Monophonic Mix (07:43)/A Love Supreme, Pt. II - Resolution - Monophonic Mix (07:19)/A Love Supreme, Pt. III - Pursuance - Monophonic Mix (10:42)/A Love Supreme, Pt. IV - Psalm - Monophonic Mix (07:04",https://i.scdn.co/image/ab67616d00001e0268b9eda08788d5cec1dc2540
2neFxutkHmjJ8jVAXcXynI,From The Lion's Mouth,4hzCcF4Leos2sKnz79nwhz,Album,1981,Winning (04:18)/Sense of Purpose (03:52)/Contact the Fact (04:21)/Skeletons (03:27)/Judgement (05:03)/Fatal Flaw (04:36)/Possession (03:25)/The Fire (02:52)/Silent Air (04:14)/New Dark Age (10:46,https://i.scdn.co/image/ab67616d00001e02c04363f8d625c744d98d57dd
6vtR5awftB25quBXs42aA3,Tango (1991 - Remaster),449mAbddAC2PAgNM3TLyc5,Album,1983,Vacanze Romane - 1991 Remaster (04:12)/Palestina - 1991 Remaster (04:16)/Elettrochoc - 1991 Remaster (04:49)/Intellighenzia - 1991 Remaster (04:45)/Il Video Sono Io - 1991 Remaster (03:54)/Scacco Un Po' Matto - 1991 Remaster (05:16)/Tango Nel Fango - 1991 Remaster (03:26)/I Bambini Di Poi - 1991 Remaster (05:11,https://i.scdn.co/image/ab67616d00001e02bbc3786cff2fc6ee416e433b
0hBWhJEmVyNPG2Jq71CJXz,"Stories From The City, Stories From The Sea",12VaqyEhgwDRuFfEqbnrpz,Album,2000-01-01,Big Exit (03:51)/Good Fortune (03:20)/A Place Called Home (03:42)/One Line (03:13)/Beautiful Feeling (03:59)/The Whores Hustle And The Hustlers Whore (03:57)/This Mess We're In (03:55)/You Said Something (03:18)/Kamikaze (02:23)/This Is Love (03:46)/Horses In My Dreams (05:36)/We Float (06:07,https://i.scdn.co/image/ab67616d00001e0209e4ac9a68d9ea5ef0ad9b05
4pLVvQiysxBwbUuSB3ceQv,Hats,1GWV70Reko15eV2nHCm0bM,Album,1989,Over the Hillside (05:04)/The Downtown Lights (06:31)/Let's Go Out Tonight (05:21)/Headlights on the Parade (06:17)/From a Late Night Train (03:59)/Seven A.M. (05:06)/Saturday Night (06:27,https://i.scdn.co/image/ab67616d00001e02328d49d4e1f728797f371aaf
6iHuSGy6pq4tNGFV3ZVPtl,Substance,0yNLKJebCb8Aueb54LYya3,Album,1987-08-17,"Ceremony (04:23)/Everythings Gone Green (05:30)/Temptation (06:59)/Blue Monday (07:29)/Confusion (04:43)/Thieves like Us - 12"" Extended (06:36)/The Perfect Kiss - Substance Edit (08:02)/Sub-culture - Substance Edit (04:48)/Shellshock - John Robie Remix; Substance Edit (06:28)/State of the Nation (06:32)/Bizarre Love Triangle - Extended Dance Mix (06:44)/True Faith (05:55)/In a Lonely Place (06:16)/Procession (04:27)/Cries and Whispers (03:25)/Hurt - Substance Edit (06:58)/The Beach (07:19)/Confused - Instrumental (07:38)/Lonesome Tonight (05:11)/Murder (03:55)/Thieves like Us - Instrumental (06:57)/Kiss of Death (07:02)/Shame of the Nation (07:54)/1963 (05:35",https://i.scdn.co/image/ab67616d00001e02408739ba1ad5bccbfeda5ae1
4S6y2iTYbGONSlNJHYyrVl,Drums And Wires,2qT62DYO8Ajb276vUJmvhz,Album,1979-08-17,Making Plans For Nigel (04:13)/Helicopter - 2001 Digital Remaster (03:54)/Day In Day Out - 2001 Digital Remaster (03:08)/When You're Near Me I Have Difficulty - 2001 Digital Remaster (03:22)/Ten Feet Tall - 2001 Digital Remaster (03:16)/Roads Girdle The Globe - 2001 Digital Remaster (04:50)/Reel By Reel - 2001 Digital Remaster (03:47)/Millions - 2001 Digital Remaster (05:39)/That Is The Way - 2001 Digital Remaster (02:56)/Outside World - 2001 Digital Remaster (02:41)/Scissor Man - 2001 Digital Remaster (04:00)/Complicated Game - 2001 Digital Remaster (05:04)/Life Begins At The Hop - Remastered 2001 (03:49)/Chain Of Command - 2001 Digital Remaster (02:33)/Limelight - 2001 Digital Remaster (02:26,https://i.scdn.co/image/ab67616d00001e0224110c456fe319f691e1a320
5ha55jb1DQKy33CpmREvFq,Adventure,0S7Zur2g8YhqlzqtlYStli,Album,1978-04,Glory - 2003 Remaster (03:11)/Days - 2003 Remaster (03:14)/Foxhole - 2003 Remaster (04:48)/Careful - 2003 Remaster (03:17)/Carried Away - 2003 Remaster (05:12)/The Fire - 2003 Remaster (05:55)/Ain't That Nothin' - 2003 Remaster (04:52)/The Dream's Dream - 2003 Remaster (06:36)/Adventure (05:35)/Ain't That Nothin' - Single Version; 2003 Remaster (03:52)/Glory - Early Version (03:36)/Ain't That Nothin' (Hidden Track) - Run-Through (09:47,https://i.scdn.co/image/ab67616d00001e02bab52055e904f0d8a91c8c72
2ODAEaYlqS88SU4ZZu1bI6,Singles (2016 Remaster),0yNLKJebCb8Aueb54LYya3,Compilation,2005-09-30,"Ceremony - Version 1; 2016 Remaster (04:38)/Procession - 2015 Remaster (04:30)/Everythings Gone Green - 7"" Version; 2015 Remaster (04:19)/Temptation - 7"" Version; 2015 Remaster (05:24)/Blue Monday - 2016 Remaster (07:30)/Confusion - UK 7"" Promo Edit; 2015 Remaster (04:09)/Thieves like Us - 7"" Promo Edit; 2015 Remaster (03:56)/The Perfect Kiss - 7"" Edit; 2015 Remaster (04:25)/Sub-culture - 7"" Edit; 2015 Remaster (03:26)/Shellshock - 7"" Edit; 2015 Remaster (04:24)/State of the Nation - 7"" Edit; 2015 Remaster (03:31)/Bizarre Love Triangle - 7"" Remix Edit; 2015 Remaster (03:45)/True Faith - 2015 Remaster (04:12)/Touched by the Hand of God - 7"" Edit; 2015 Remaster (03:43)/Blue Monday '88 - 2015 Remaster (04:11)/Fine Time - 7"" Version; 2015 Remaster (03:10)/Round & Round - 7"" Version; 2015 Remaster (04:00)/Run 2 - 7"" Remix Edit; 2015 Remaster (03:38)/World in Motion - 2015 Remaster (04:32)/Regret - 2015 Remaster (04:08)/Ruined in a Day - Radio Edit; 2015 Remaster (03:59)/World (The Price of Love) - Radio Edit; 2015 Remaster (03:42)/Spooky - 2015 Remaster (04:43)/Nineteen63 - Arthur Baker Radio Remix; 2015 Remaster (04:03)/Crystal - Radio Edit; 2015 Remaster (04:19)/60 Miles an Hour - Radio Edit; 2015 Remaster (03:48)/Here to Stay - Radio Edit; 2015 Remaster (03:56)/Krafty - Single Edit; 2015 Remaster (03:46)/Jetstream - Radio Edit; 2015 Remaster (03:45)/Waiting for the Sirens' Call - Rich Costey Radio Version; 2015 Remaster (03:51)/Turn - Stephen Street Edit; 2015 Remaster (04:12)/I'll Stay with You - 2015 Remaster (04:23",https://i.scdn.co/image/ab67616d00001e02f142205e336ec0af3e1a4eb0
4sLCQxMRfn3gAHrBNZtbTH,Speaking in Tongues (Deluxe Version),2x9SpqnPi8rlE9pjHBwmSC,Album,1983-05-31,Burning Down the House - 2005 Remaster (04:01)/Making Flippy Floppy - 2005 Remaster (05:54)/Girlfriend Is Better - 2005 Remaster (05:43)/Slippery People - 2005 Remaster (05:06)/I Get Wild / Wild Gravity - 2005 Remaster (05:16)/Swamp - 2005 Remaster (05:13)/Moon Rocks - 2005 Remaster (05:45)/Pull up the Roots - 2005 Remaster (05:09)/This Must Be the Place (Naive Melody) - 2005 Remaster (04:56)/Two Note Swivel - Unfinished Outtake (05:48)/Burning Down the House - Alternate Version (05:09,https://i.scdn.co/image/ab67616d00001e02e35e2e2a4bfa8a30a78fc532
57UuXCYkx1wZW7gfl8hvjB,Vienna (Remastered Definitive Edition),3iUjRVvYCsMfz7tuAQtBDI,Album,1980-10-15,"Astradyne - 2008 Remaster (07:08)/New Europeans - 2008 Remaster (04:04)/Private Lives - 2008 Remaster (04:08)/Passing Strangers - 2008 Remaster (03:50)/Sleepwalk - 2008 Remaster (03:12)/Mr. X - 2008 Remaster (06:35)/Western Promise - 2008 Remaster (05:18)/Vienna - 2008 Remaster (04:56)/All Stood Still - 2008 Remaster (04:25)/Sleepwalk - Early Version (03:23)/Waiting - 2008 Remsater (03:52)/Face to Face - Live at St. Albans, Hertfordshire, 16 Aug 1980 (06:04)/King's Lead Hat - Live at The Lyceum, London, 17 Aug 1980 (04:07)/Passionate Reply - 2008 Remaster (04:45)/Herr X - 2008 Remaster (05:52)/All Stood Still - 12"" Version (05:06)/Alles Klar - 2008 Remaster (04:56)/Keep Talking - Cassette Recording During Rehearsals (06:22)/Sleepwalk - Soundcheck, The Lyceum 17/8/80 (03:43)/All Stood Still - Soundcheck, The Lyceum 17/8/80 (04:35",https://i.scdn.co/image/ab67616d00001e0298e8be3d7268c4dbb9168426
07mQiGWrgaM1tQMXVzYqnz,Soul Mining,7cKtqv9cYVlOwnuCFH95ce,Album,1983-02-01,I've Been Waitin' For Tomorrow (All Of My Life) (05:43)/This Is the Day (04:56)/The Sinking Feeling (03:40)/Uncertain Smile (06:50)/The Twilight Hour (05:54)/Soul Mining (04:47)/Giant (09:34)/Perfect (05:42,https://i.scdn.co/image/ab67616d00001e02b8e4b45ed817dfb25ddf1a14
4brJ6hWYqPj1sccgk390dC,Porcupine (Expanded; 2004 Remaster),0fgYKF9Avljex0L9Wt5b8Z,Album,1983-02-04,The Cutter (03:52)/Back of Love (03:13)/My White Devil (04:40)/Clay (04:16)/Porcupine (06:00)/Heads Will Roll (03:33)/Ripeness (04:50)/Higher Hell (05:01)/Gods Will Be Gods (05:25)/In Bluer Skies (04:32)/Fuel (04:05)/The Cutter - Alternative Version (04:06)/My White Devil - Alternative Version (05:02)/Porcupine - Alternative Version (04:02)/Ripeness - Alternative Version (04:42)/Gods Will Be Gods - Alternative Version (05:30)/Never Stop - Discotheque (04:46,https://i.scdn.co/image/ab67616d00001e0245edc8619870211a90daa4a7
7tc1nTdBA717D74uJ07VRn,Reproduction,1aX2dmV8XoHYCOQRxjPESG,Album,1979,Almost Medieval - 2003 Digital Remaster (04:43)/Circus Of Death - 2003 Digital Remaster (03:55)/The Path Of Least Resistance - 2003 Digital Remaster (03:33)/Blind Youth - 2003 Remaster (03:25)/The Word Before Last - 2003 Digital Remaster (04:04)/Empire State Human - Remastered 2003 (03:17)/Morale.../ You've Lost That Lovin' Feelin' - 2003 Digital Remaster (09:39)/Austerity / Girl One (Medley) - 2003 Digital Remaster (06:44)/Zero As A Limit - 2003 Digital Remaster (04:13)/Introducing - 2003 Digital Remaster (03:19)/The Dignity Of Labour (Part 1) - 2003 Digital Remaster (04:22)/The Dignity Of Labour (Part 2) - 2003 Digital Remaster (02:53)/The Dignity Of Labour (Part 3) - 2003 Digital Remaster (03:56)/The Dignity Of Labour (Part 4) - 2003 Digital Remaster (03:52)/Flexi Disc - 2003 Digital Remaster (04:11)/Being Boiled - Fast Version / 2003 Digital Remaster (03:54)/Circus Of Death - Fast Version; 2003 Digital Remaster (04:38,https://i.scdn.co/image/ab67616d00001e027511ec056471575a140cda18
1BWfs7Opg9QqIt3LYOZ3A2,Holy Wars,4zn0m3hBUQVl6Nf36Sb0A6,Album,1985-01-01,The Waltz (05:11)/St John (04:33)/Bonjour Tristesse (05:28)/Hugging the Earth (04:02)/In a Manner of Speaking (03:30)/Some Guys (04:58)/Holy Wars (06:44)/Watching the Blood Flow (05:11)/Egypt - Holy Wars Version (04:57)/Soma (05:42,https://i.scdn.co/image/ab67616d00001e02245371c630ed2c0d05139c4b
6LwOwReGwTWu0O2ubnFRzq,Mirror Moves,0O0lrN34wrcuBenkqlEDZe,Album,1984-03-01,The Ghost In You (04:17)/Here Come Cowboys (03:57)/Heaven (03:27)/Heartbeat (05:18)/My Time (04:26)/Like A Stranger (04:01)/Alice's House (03:54)/Only A Game (04:12)/Highwire Days (04:03,https://i.scdn.co/image/ab67616d00001e0225c0d8ea645dcfec05c3b425
6sLuXZdrb1cmsAnfrmgbrU,Black Sea,2qT62DYO8Ajb276vUJmvhz,Album,1980-09-12,Respectable Street - 2001 Remaster (03:37)/Generals And Majors - 2001 Remaster (04:04)/Living Through Another Cuba - 2001 Remaster (04:44)/Love At First Sight - 2001 Remaster (03:07)/Rocket From A Bottle - 2001 Remaster (03:30)/No Language In Our Lungs - 2001 Remaster (04:53)/Towers Of London - 2001 Remaster (05:24)/Paper And Iron (Notes And Coins) - 2001 Remaster (04:17)/Burning With Optimism's Flames - 2001 Remaster (04:15)/Sgt. Rock (Is Going To Help Me) - 2001 Remaster (03:56)/Travels In Nihilon - 2001 Remaster (07:04)/Smokeless Zone - 2001 Remaster (03:50)/Don't Lose Your Temper - 2001 Remaster (02:32)/The Somnabulist - 2001 Remaster (04:38,https://i.scdn.co/image/ab67616d00001e02e5c2686822fec8b0116ccd0b
0PSWY4XyjTWppfBb0tBtqu,Brotherhood (Collector's Edition),0yNLKJebCb8Aueb54LYya3,Album,1986-09-29,"Paradise (03:52)/Weirdo (03:52)/As It Is When It Was (03:44)/Broken Promise (03:48)/Way of Life (04:06)/Bizarre Love Triangle (04:23)/All Day Long (05:11)/Angel Dust (03:43)/Every Little Counts (04:28)/State of the Nation (06:36)/Bizarre Love Triangle - Shep Pettibone 12"" Remix (06:45)/1963 - 12"" Version (05:37)/True Faith - Shep Pettibone 12"" Remix (09:03)/Touched by the Hand of God - 12"" Version (07:06)/Blue Monday '88 - 12"" Version (07:10)/Evil Dust (03:44)/True Faith - Eschreamer Dub (07:51)/Blue Monday '88 Dub - 12"" Version (07:20",https://i.scdn.co/image/ab67616d00001e02530a2c5dd17d2ddf8edc2978
5nq1w3zUfLehOXUV1NG0Wt,Savage (Songs from a Broken World),5KQMtyPE8DCQNUzoNqlEsE,Album,2017-09-15,Ghost Nation (04:56)/Bed of Thorns (05:24)/My Name Is Ruin (06:17)/The End of Things (05:01)/And It All Began with You (06:21)/When the World Comes Apart (05:27)/Mercy (05:35)/What God Intended (05:25)/Pray for the Pain You Serve (05:26)/Broken (05:58,https://i.scdn.co/image/ab67616d00001e028e4976eb54384be396072e1e
3sIFpEctox1XOs3FEkqrgr,The Hurting,4bthk9UfsYUYdcFyqxmSUU,Compilation,1983-03-07,The Hurting (04:16)/Mad World (03:35)/Pale Shelter - 2nd Single Version (04:33)/Ideas As Opiates (03:45)/Memories Fade (05:03)/Suffer The Children (03:50)/Watch Me Bleed (04:15)/Change (04:14)/The Prisoner (02:55)/Start Of The Breakdown (04:58)/Pale Shelter - Long Version (07:06)/The Way You Are - Extended (07:40)/Mad World - World Remix (03:41)/Change - Extended Version (06:00,https://i.scdn.co/image/ab67616d00001e0245546ed4af1a0d4c58a8ff50
6ls958BLJbeFT3OqAYTvQB,Low-Life,0yNLKJebCb8Aueb54LYya3,Album,1985-05-13,Love Vigilantes - 2015 Remaster (04:19)/The Perfect Kiss - 2015 Remaster (04:49)/This Time of Night - 2015 Remaster (04:44)/Sunrise - 2015 Remaster (06:00)/Elegia - 2015 Remaster (04:56)/Sooner Than You Think - 2015 Remaster (05:12)/Sub-culture - 2015 Remaster (04:57)/Face Up - 2015 Remaster (05:07,https://i.scdn.co/image/ab67616d00001e02d3495c4785236068ebc7fdc8
47fRf3JwriMUPPzFjdvNS6,Please: Further Listening 1984 - 1986 (2018 Remaster),2ycnb8Er79LoH2AsR5ldjh,Album,1986-03-24,"Two Divided by Zero - 2018 Remaster (03:34)/West End Girls - 2018 Remaster (04:45)/Opportunities (Let's Make Lots of Money) - 2018 Remaster (03:43)/Love Comes Quickly - 2018 Remaster (04:19)/Suburbia - 2018 Remaster (05:07)/Opportunities (Let's Make Lots of Money) - Reprise; 2018 Remaster (00:33)/Tonight Is Forever - 2018 Remaster (04:30)/Violence - 2018 Remaster (04:29)/I Want a Lover - 2018 Remaster (04:05)/Later Tonight - 2018 Remaster (02:49)/Why Don't We Live Together? - 2018 Remaster (04:50)/A Man Could Get Arrested - 12"" B-Side; 2018 Remaster (04:10)/Opportunities (Let's Make Lots of Money) - Full Length 7"" Mix; 2018 Remaster (04:37)/In the Night - 2018 Remaster (04:50)/Opportunities (Let's Make Lots of Money) - 12"" Mix; 2018 Remaster (07:00)/Why Don't We Live Together? - Original New York Mix; 2018 Remaster (05:14)/West End Girls - Dance Mix; 2018 Remaster (06:39)/A Man Could Get Arrested - 7"" B-Side; 2018 Remaster (04:51)/Love Comes Quickly - Dance Mix; 2018 Remaster (06:50)/That's My Impression - Disco Mix; 2018 Remaster (05:19)/Was That What It Was? - 2018 Remaster (05:17)/Suburbia (The Full Horror) - 2018 Remaster (08:58)/Jack the Lad - 2018 Remaster (04:32)/Paninaro - Italian Remix; 2018 Remaster (08:39",https://i.scdn.co/image/ab67616d00001e023540f5cb8e1e7a54125f84db
4AZLte5qWw6ximP9JswLZm,All Of This And Nothing,0O0lrN34wrcuBenkqlEDZe,Album,1988-01-01,President Gas (05:15)/All That Money Wants (03:45)/Imitation Of Christ - Studio (05:28)/Sister Europe (05:39)/Love My Way (03:31)/No Easy Street (04:03)/Highwire Days (04:01)/She Is Mine (03:52)/Dumb Waiters (05:05)/Pretty in Pink (03:58)/The Ghost in You (04:17)/Heaven (03:27)/Heartbreak Beat (05:09)/All Of This And Nothing (06:25,https://i.scdn.co/image/ab67616d00001e0246f55fdae9acbb9506dab79e
0Tg76MY2wNK4j37iCb6qyH,Violator (Deluxe),762310PdDnwsDxAQxzQkfX,Album,1990-03-19,World In My Eyes (04:26)/Sweetest Perfection (04:43)/Personal Jesus (04:55)/Halo (04:30)/Waiting for the Night (06:07)/Enjoy the Silence (06:12)/Policy of Truth (04:55)/Blue Dress (05:38)/Clean (05:33)/Dangerous (04:21)/Memphisto (04:08)/Sibeling (03:17)/Kaleid - 7'' Version (04:17)/Happiest Girl - Jack Mix (04:57)/Sea of Sin - Tonal Mix (04:44,https://i.scdn.co/image/ab67616d00001e02234bbbad4dce31cd2950af3e
3dJ67tWrv9EaTD5PBkNBVV,Forever Now,0O0lrN34wrcuBenkqlEDZe,Album,1982,"Forever Now (05:35)/Love My Way (03:33)/Goodbye (03:56)/Only You And I (04:25)/Sleep Comes Down (03:51)/President Gas (05:19)/Run and Run (03:48)/Danger (02:37)/No Easy Street (04:06)/Yes I Do (Merry-Go-Round) (03:54)/Alice's House - Early Version (04:17)/Aeroplane - Non LP B Side (03:25)/I Don't Want To Be Your Shadow - Non LP B Side (03:50)/Mary Go Round (03:52)/President Gas - Live, Non LP B Side (05:15)/No Easy Street - Live (05:37",https://i.scdn.co/image/ab67616d00001e020faf6c6f66c3ba57e7dbf33b
5xFlkqLDx3wbgqtvrez1n0,The Pleasure Principle,5KQMtyPE8DCQNUzoNqlEsE,Album,1979-09-07,"Airlane (03:18)/Metal (03:32)/Complex (03:12)/Films (04:09)/M.E. (05:37)/Tracks (02:51)/Observer (02:53)/Conversation (07:36)/Cars (03:58)/Engineers (04:01)/Random (03:49)/Oceans (03:03)/Asylum (02:31)/Me, I Disconnect from You - Live (03:06)/Bombers - '79 Live Original Mix (05:33)/Remember I Was Vapour - Live (04:46)/On Broadway - Live (04:48",https://i.scdn.co/image/ab67616d00001e020b3bc5a3aa41c71b256e0e22
3ENyxanpxXbZdf5LGlm8OQ,Echo & The Bunnymen (Expanded; 2008 Remaster),0fgYKF9Avljex0L9Wt5b8Z,Album,1987-07-06,The Game (03:51)/Over You (04:02)/Bedbugs and Ballyhoo (03:29)/All in Your Mind (04:33)/Bombers Bay (04:24)/Lips Like Sugar (04:51)/Lost and Found (03:37)/New Direction (04:48)/Blue Blue Ocean (05:09)/Satellite (03:04)/All My Life (04:10)/Jimmy Brown - Early Version of Bring on the Dancing Horses (04:04)/Hole in the Holy (04:42)/Soul Kitchen (03:54)/The Game - Acoustic Demo (03:57)/Bedbugs and Ballyhoo - Original Single Version (03:38)/Over Your Shoulder (04:07)/Bring on the Dancing Horses - Extended Mix (05:50,https://i.scdn.co/image/ab67616d00001e027c650c0957db5d89645f82a2
0Ev5WLJKbqwakkJlgGDcgo,Into the Gap (Deluxe Edition),5jVeqi3PNaTOajfvBa4uFn,Album,1984-01-01,"Doctor! Doctor! (04:39)/You Take Me Up (04:26)/Day After Day (03:50)/Sister of Mercy (05:09)/No Peace for the Wicked (04:06)/The Gap (04:46)/Hold Me Now (04:46)/Storm on the Sea (05:32)/Who Can Stop the Rain (05:16)/Leopard Ray (03:22)/Doctor! Doctor! (Extended Version) (07:52)/Panic Station (Day After Day) (04:46)/Down Tools (04:25)/Hold Me Now (12"" Version) (09:47)/Funeral Dance (No Peace for the Wicked) (03:14)/Compass Points (The Gap) (05:01)/Still Water (Storm on the Sea) (Edit) (03:51)/You Take Me Up (Machines Take Me Over) (12"" Version) (07:25)/Sister of Mercy (Extended Version) (09:26)/Let Loving Start (12"" Version) (08:55)/You Take Me Up (High Plains Mixer, U.S 12"" Remix) (08:29)/Nurse Shark (Instrumental) (04:08)/Passion Planet (03:45)/You Take Me Up (Instrumental) (06:20)/Out of the Gap (Megamix) (08:57",https://i.scdn.co/image/ab67616d00001e020da5f73bd718a4e1a525f65d
02tfQwJSOLP77oCd9U8bqm,Rio (Collector's Edition),0lZoBs4Pzo7R89JM9lxwoT,Album,1982-05-10,Rio - 2009 Remaster (05:37)/My Own Way - 2009 Remaster (04:50)/Lonely in Your Nightmare - 2009 Remaster (03:51)/Hungry Like the Wolf - 2009 Remaster (03:40)/Hold Back the Rain - 2009 Remaster (04:00)/New Religion - 2009 Remaster (05:32)/Last Chance on the Stairway - 2009 Remaster (04:20)/Save a Prayer - 2009 Remaster (05:33)/The Chauffeur - 2009 Remaster (05:21)/Rio - US Remix; 2009 Remaster (05:25)/My Own Way - Carnival Remix; 2009 Remaster (04:29)/Lonely in Your Nightmare - US Remix; 2009 Remaster (04:52)/Hungry Like the Wolf - US Remix; 2009 Remaster (04:03)/Hold Back the Rain - US Remix; 2009 Remaster (06:30)/Last Chance on the Stairway - Manchester Square Demo (05:04)/My Own Way - Manchester Square Demo (04:38)/New Religion - Manchester Square Demo (05:33)/Like an Angel - Manchester Square Demo (05:02)/My Own Way - Single Version; 2009 Remaster (03:40)/Like an Angel - 2009 Remaster (04:43)/Careless Memories - Live (04:14)/The Chauffeur (Blue Silver) - Early Version; 2009 Remaster (03:53)/My Own Way - Night Version; 2009 Remaster (06:33)/Hungry Like the Wolf - Night Version; 2009 Remaster (05:11)/Rio - Night Version; 2009 Remaster (06:40)/New Religion - Carnival Remix; 2009 Remaster (05:14)/Hold Back the Rain - Carnival Remix; 2009 Remaster (07:01)/My Own Way - Instrumental; 2009 Remaster (06:35)/Hold Back the Rain - Alternate Remix; 2009 Remaster (06:41,https://i.scdn.co/image/ab67616d00001e0216c75e2dd2654d7d03f2c556
52koatNHePHRWEmmkP0z2Z,White Feathers,0f3kLT4wvi2mFHlHJgV8Hl,Album,1983,White Feathers (03:31)/Too Shy (03:41)/Lies & Promises (02:54)/Magician Man (03:41)/Kajagoogoo - Instrumental (03:12)/Ooh to Be Ah (03:35)/Ergonomics (03:13)/Hang on Now (03:23)/This Car Is Fast (03:32)/Frayo (04:18)/Too Shy - Instrumental Mix (04:02)/Take Another View (04:34)/Interview Rooms (03:25)/Animal Instincts (02:41)/Introduction (05:11)/Too Shy - Midnight Mix (05:45)/Ooh to Be Ah - The Construction Mix (06:34)/Hang on Now - Extended Version (06:20,https://i.scdn.co/image/ab67616d00001e021bdd59914b85c46bb04ff5a9
6jxqTcePlQDTeSzeYkLV2T,The Ocean Blue,4v9TwSGVrHPLX0APn1z0XU,Album,1989,"Between Something and Nothing (04:02)/Vanity Fair (04:37)/Drifting, Falling (03:53)/Circus Animals (03:56)/Frigid Winter Days (03:21)/Just Let Me Know (03:28)/Love Song (03:22)/Ask Me Jon (03:12)/Awaking to a Dream (04:10)/Office of a Busy Man (03:46)/Myron (03:28)/Familiar Face - A (04:32",https://i.scdn.co/image/ab67616d00001e02c2539a1fcb74e9b1741cf44b
74jn28Kr29iyh8eZXSvnwi,Here Come The Warm Jets,7MSUfLeTdDEoZiJPDSBXgi,Album,1973,Needles In The Camel's Eye - 2004 Digital Remaster (03:11)/The Paw Paw Negro Blowtorch - 2004 Digital Remaster (03:04)/Baby's On Fire - Remastered 2004 (05:19)/Cindy Tells Me - 2004 Digital Remaster (03:25)/Driving Me Backwards - Remastered 2004 (05:12)/On Some Faraway Beach - 2004 Digital Remaster (04:36)/Blank Frank - 2004 Digital Remaster (03:37)/Dead Finks Don't Talk - 2004 Digital Remaster (04:19)/Some Of Them Are Old - 2004 Digital Remaster (05:11)/Here Come The Warm Jets - 2004 Digital Remaster (04:04,https://i.scdn.co/image/ab67616d00001e02da85b0f131c23ccf6b631aad
01ba1h5mYuToGCPRn8DcKJ,Patriots (40th Anniversary Deluxe Edition / Remastered 2020),4lianjyuR1tqf6oUX8kjrZ,Album,1980,Up Patriots To Arms - Remastered 2020 (05:04)/Venezia-Istanbul - Remastered 2020 (04:36)/Le Aquile - Remastered 2020 (04:10)/Prospettiva Nevski - Remastered 2020 (04:00)/Arabian Song - Remastered 2020 (03:40)/Frammenti - Remastered 2020 (03:56)/Passaggi A Livello - Remastered 2020 (03:40)/Up Patriots To Arms - Spanish Version / Remastered 2020 (04:36)/Perspectiva Nevski - Remastered 2020 (03:26)/Up Patriots To Arms - English Version / Remastered 2020 (05:22,https://i.scdn.co/image/ab67616d00001e02f0b76fd76c3d5777f1d6ec72
0L7ggz4vMdACCCnGV2lioZ,Anthology 4,3WrFJ7ztbogyGnTHbHJFl2,Album,2025-11-21,"I Saw Her Standing There (Take 2) (03:06)/Money (That's What I Want) [RM7 Undubbed] (02:48)/This Boy (Takes 12 And 13) (03:18)/Tell Me Why (Takes 4 And 5) (03:07)/If I Fell (Take 11) (02:38)/Matchbox (Take 1) (02:09)/Every Little Thing (Takes 6 And 7) (03:28)/I Need You (Take 1) (02:36)/I've Just Seen A Face (Take 3) (02:26)/In My Life (Take 1) (02:40)/Nowhere Man (First Version - Take 2) (02:24)/Got To Get You Into My Life (Second Version - Unnumbered Mix) (02:35)/Love You To (Take 7) (02:56)/Strawberry Fields Forever (Take 26) (03:20)/She's Leaving Home (Take 1 - Instrumental) (03:50)/Baby, You're A Rich Man (Takes 11 And 12) (06:06)/All You Need Is Love (Rehearsal For BBC Broadcast) (06:11)/The Fool On The Hill (Take 5 - Instrumental) (04:42)/I Am The Walrus (Take 19 - Strings, Brass, Clarinet Overdub) (04:56)/Hey Bulldog (Take 4 - Instrumental) (03:14)/Good Night (Take 10 With A Guitar Part From Take 5) (02:31)/While My Guitar Gently Weeps (Third Version - Take 27) (03:18)/(You're So Square) Baby I Don’t Care [Studio Jam] (00:43)/Helter Skelter (Second Version - Take 17) (03:38)/I Will (Take 29) (00:26)/Can You Take Me Back? (Take 1) (02:22)/Julia (Two Rehearsals) (04:26)/Get Back (Take 8) (03:51)/Octopus’s Garden (Rehearsal) (01:49)/Don’t Let Me Down (First Rooftop Performance) (03:27)/You Never Give Me Your Money (Take 36) (05:17)/Here Comes The Sun (Take 9) (03:41)/Something (Take 39 - Strings Only Instrumental) (02:35)/Free As A Bird (2025 Mix) (04:27)/Real Love (2025 Mix) (03:34)/Now And Then (04:09",https://i.scdn.co/image/ab67616d00001e0231fec16a9147a10a7e3a539c
71R4tl3qYgZVvdlwE7Fxs6,Tin Drum,7vPXrGlSGukcwpaPxUfKKR,Album,1981,The Art of Parties - 2003 - Remaster (04:12)/Talking Drum - 2003 Digital Remaster (03:35)/Ghosts - 2003 Digital Remaster (04:36)/Canton - 2003 Digital Remaster (05:35)/Still Life In Mobile Homes - 2003 Digital Remaster (05:35)/Visions Of China - 2003 Digital Remaster (03:39)/Sons Of Pioneers - 2003 Digital Remaster (07:09)/Cantonese Boy - Remastered (03:51)/The Art Of Parties - Remastered (06:47)/Life Without Buildings - Remaster 2003 (06:48)/The Art Of Parties - Live / Remaster 2003 (05:36)/Ghosts - 2003 Mix (04:02,https://i.scdn.co/image/ab67616d00001e02080f467f460683dac92f70c2
627QUn41cFWnH4pPO96Sfk,Systems Of Romance,3iUjRVvYCsMfz7tuAQtBDI,Album,1978-01-01,Slow Motion (03:29)/I Can’t Stay Long (04:16)/Someone Else's Clothes (04:25)/Blue Light (03:09)/Some Of Them (02:30)/Quiet Men (04:08)/Dislocation (02:55)/Maximum Acceleration (03:54)/When You Walk Through Me (04:15)/Just For A Moment (03:10,https://i.scdn.co/image/ab67616d00001e029e46e9828131a07fd86aa1fa
4YXo7p7aubyVIbNLoVlBp9,Spirit of Eden,7Fo8TAyGJr4VmhE68QamMf,Album,1988,The Rainbow - 1997 Remaster (09:09)/Eden - 1997 Remaster (06:34)/Desire - 1997 Remaster (06:57)/Inheritance - 1997 Remaster (05:23)/I Believe in You - 1997 Remaster (06:10)/Wealth - 1997 Remaster (06:43,https://i.scdn.co/image/ab67616d00001e026a3ec25c01f5b9c9022a3473
468ZwCchVtzEbt9BHmXopb,Meddle,0k17h0D3J5VfsdmQ1iZtE9,Album,1971-11-11,One of These Days (05:55)/A Pillow of Winds (05:13)/Fearless (06:07)/San Tropez (03:42)/Seamus (02:14)/Echoes (23:33,https://i.scdn.co/image/ab67616d00001e029eee212bba82bed8da96a8f7
5rZ0rFsFBgi7bY446rR8ox,The Singles,4l8xPGtl6DHR2uvunqrl8r,Album,1972,Soul Desert (03:52)/She Brings the Rain (04:07)/Spoon (03:06)/Shikako MaruTen (03:18)/Turtles Have Short Legs (03:25)/Halleluwah - Edit (03:38)/Vitamin C (03:33)/I'm so Green (03:05)/Mushroom (04:01)/Moonshake (03:02)/Future Days - Edit (03:24)/Dizzy Dizzy - Edit (03:30)/Splash - Edit (04:04)/Hunters and Collectors - Edit (03:23)/Vernal Equinox - Edit (03:11)/I Want More (03:32)/....And More (03:20)/Silent Night (03:13)/Cascade Waltz (03:37)/Don't Say No - Edit (03:19)/Return (03:06)/Can Can (03:11)/Hoolah Hoolah - Edit (03:28,https://i.scdn.co/image/ab67616d00001e02f1eb13c30add693c7157f78a
1uXol4dKqzMsUiqvHpwhZh,Close to the Edge (Super Deluxe Edition),7AC976RDJzL2asmZuz7qil,Album,1972-09-08,"Close to the Edge: i. The Solid Time of Change, ii. Total Mass Retain, iii. I Get up I Get Down, iv. Seasons of Man - 2025 Remaster (18:43)/And You and I: i. Cord of Life, ii. Eclipse, iii. The Preacher the Teacher, iv. Apocalypse - 2025 Remaster (10:12)/Siberian Khatru - 2025 Remaster (08:57)/Close to the Edge: i. The Solid Time of Change, ii. Total Mass Retain, iii. I Get up I Get Down, iv. Seasons of Man - 2025 Steven Wilson Remix (18:42)/And You and I: i. Cord of Life, ii. Eclipse, iii. The Preacher the Teacher, iv. Apocalypse - 2025 Steven Wilson Remix (10:10)/Siberian Khatru - 2025 Steven Wilson Remix (09:11)/Close to the Edge: i. The Solid Time of Change, ii. Total Mass Retain, iii. I Get up I Get Down, iv. Seasons of Man (2025 Steven Wilson Remix) - Instrumental (18:42)/And You and I: i. Cord of Life, ii. Eclipse, iii. The Preacher the Teacher, iv. Apocalypse - Instrumental (10:10)/Siberian Khatru (2025 Steven Wilson Remix) - Instrumental (09:11)/America (Single Version) - 2025 Remaster (04:09)/Total Mass Retain (Single Version) - 2025 Remaster (03:18)/And You And I (Promo Radio Edit) - 2025 Remaster (03:26)/Siberia (Studio Run-Through of Siberian Khatru) - 2025 Remaster (09:18)/Close to the Edge: i. The Solid Time of Change, ii. Total Mass Retain, iii. I Get Up I Get Down, iv. Seasons of Man (Rough Mix) - 2025 Remaster (17:43)/And You and I: i. Cord of Life, ii. Eclipse, iii. The Preacher the Teacher, iv. Apocalypse (Alternate Version) - 2025 Remaster (10:16)/America - Dry Mix (10:30)/Siberian Khatru - 2025 Steven Wilson Edit (04:59)/Cord of Life - Steven Wilson Edit (02:38)/Total Mass Retain - Steven Wilson Edit (04:13)/Siberian Khatru - Live at The Rainbow, London, England, 12/16/1972 (09:01)/I've Seen All Good People: a. Your Move, b. All Good People - Live at The Rainbow, London, England, 12/16/1972 (07:08)/Heart of the Sunrise - Live at The Rainbow, London, England, 12/16/1972 (11:11)/And You and I: i. Cord of Life, ii. Eclipse, iii. The Preacher the Teacher, iv. Apocalypse - Live at The Rainbow, London, England, 12/16/1972 (09:28)/Close to the Edge: i. The Solid Time of Change, ii. Total Mass Retain, iii. I Get Up I Get Down, iv. Seasons of Man - Live at The Rainbow, London, England, 12/16/1972 (17:19)/Excerpts From The Six Wives of Henry VIII - Live at The Rainbow, London, England, 12/16/1972 (06:31)/Roundabout - Live at The Rainbow, London, England, 12/16/1972 (08:08)/Yours is No Disgrace - Live at The Rainbow, London, England, 12/16/1972 (11:36)/Starship Trooper: a. Life Seeker, b. Disillusion, c. Würm - Live at The Rainbow, London, England, 12/16/1972 (09:53",https://i.scdn.co/image/ab67616d00001e02593f4d2b1bcf28ac44459ddf
1XA1L26tFXDVTYqYtnFFnv,Islands,7M1FPw29m5FbicYzS2xdpi,Album,1971-12-03,Formentera Lady (10:17)/Sailor's Tale (07:29)/The Letters (04:28)/Ladies of the Road (05:34)/Prelude - Song Of The Gulls (04:15)/Islands (11:56)/Studio Sessions (10:52)/Ladies of the Road (Robert Fripp/David Singleton Remix) (05:43,https://i.scdn.co/image/ab67616d00001e02e6dd02aa5f2f1b67badd885c
6Dm9F6WuFAbYrevLFAfyfZ,Anima latina,2caOYPej26UoQOyFnzXW3G,Album,1974,Abbracciala abbracciali abbracciati (07:05)/Due mondi (05:12)/Anonimo (07:03)/Gli uomini celesti (05:06)/Gli uomini celesti - Ripresa (00:52)/Due mondi - Ripresa (01:09)/Anima latina (06:37)/Il salame (03:38)/La nuova America (02:49)/Macchina del tempo (06:59)/Separazione naturale (01:30,https://i.scdn.co/image/ab67616d00001e0245b25ec74ca64e2bb08525b9
4xwx0x7k6c5VuThz5qVqmV,The Velvet Underground & Nico 45th Anniversary,1nJvji2KIlWSseXRSlNYsC,Album,1967-03-12,Sunday Morning (02:55)/I'm Waiting For The Man (04:39)/Femme Fatale (02:39)/Venus In Furs (05:12)/Run Run Run (04:22)/All Tomorrow's Parties (05:59)/Heroin (07:13)/There She Goes Again (02:41)/I'll Be Your Mirror (02:14)/The Black Angel's Death Song (03:12)/European Son (07:47,https://i.scdn.co/image/ab67616d00001e0298260c528e6eec9dd431c1d7
3y67YB3vSbaopIg1VoAO1n,Foxtrot (2007 Stereo Mix),3CkvROUTQ6nRi9yQOcsB50,Album,1972-10-06,Watcher of the Skies - 2007 Stereo Mix (07:23)/Time Table - 2007 Stereo Mix (04:46)/Get 'Em Out by Friday - 2007 Stereo Mix (08:35)/Can-Utility and the Coastliners - 2007 Stereo Mix (05:44)/Horizons - 2007 Stereo Mix (01:41)/Supper's Ready - 2007 Stereo Mix (23:05,https://i.scdn.co/image/ab67616d00001e0269337b6f76bd7943acdcd192
0WYYrC9My9rYWigac003hw,Hot Rats,6ra4GIOgCZQZMOaUECftGN,Album,1969-10-10,Peaches En Regalia (03:38)/Willie The Pimp (09:23)/Son Of Mr. Green Genes (08:57)/Little Umbrellas (03:08)/The Gumbo Variations (12:54)/It Must Be A Camel (05:17,https://i.scdn.co/image/ab67616d00001e02ee314008c5ae6e98904ebfe0
6gKMWnGptVs6yT2MgCxw29,For Your Pleasure,3fhOTtm0LBJ3Ojn4hIljLo,Album,1973-03-01,Do The Strand (04:03)/Beauty Queen (04:41)/Strictly Confidential (03:48)/Editions Of You (03:51)/In Every Dream Home A Heartache (05:29)/The Bogus Man (09:20)/Grey Lagoons (04:13)/For Your Pleasure (06:51,https://i.scdn.co/image/ab67616d00001e02707a76900ebe2c7f5fad3615
2Se4ZylF9NkFGD92yv1aZC,The Piper at the Gates of Dawn,0k17h0D3J5VfsdmQ1iZtE9,Album,1967-08-05,Astronomy Domine (04:11)/Lucifer Sam (03:07)/Matilda Mother (03:08)/Flaming (02:45)/Pow R. Toc H. (04:26)/Take Up Thy Stethoscope and Walk (03:05)/Interstellar Overdrive (09:40)/The Gnome (02:14)/Chapter 24 (03:42)/The Scarecrow (02:11)/Bike (03:22,https://i.scdn.co/image/ab67616d00001e028ea452b06164855e4d164235
6lU1MDxi3TqhKnYNQm555u,Before And After Science,7MSUfLeTdDEoZiJPDSBXgi,Album,1977-11-01,No One Receiving - 2004 Digital Remaster (03:52)/Backwater - 2004 Digital Remaster (03:43)/Kurt's Rejoinder - 2004 Digital Remaster (02:55)/Energy Fools The Magician - 2004 Digital Remaster (02:04)/King's Lead Hat - 2004 Digital Remaster (03:56)/Here He Comes - 2004 Digital Remaster (05:38)/Julie With - 2004 Digital Remaster (06:19)/By This River - 2004 Digital Remaster (03:03)/Through Hollow Lands - 2004 Digital Remaster (03:56)/Spider And I - 2004 Digital Remaster (04:10,https://i.scdn.co/image/ab67616d00001e025bd1d1082e969cc25312e0b2
2dfny28poOXsb8HxYGbRYf,Mirage (2023 Remastered & Expanded Edition),3Uz6jx81OY2J5K8Z4wmy2P,Album,2023-10-20,Freefall - Remastered 2023 (05:54)/Supertwister - Remastered 2023 (03:22)/Nimrodel / The Procession / The White Rider - Remastered 2023 (09:17)/Earthrise - Remastered 2023 (06:41)/Lady Fantasy: Encounter / Smiles For You / Lady Fantasy - Remastered 2023 (12:48)/Earthrise - Decca Studios Demo Session / 15th July 1973 (07:15)/The Traveller - Decca Studios Demo Session / 15th July 1973 (09:26)/Supertwister - Decca Studios Demo Session / 15th July 1973 (03:06)/The White Rider - Decca Studios Demo Session / 15th July 1973 (08:36)/Lady Fantasy - Decca Studios Demo Session / 15th July 1973 (13:41)/Lady Fantasy - Basing Street Studios Original Mix / Remastered 2023 (13:01)/Autumn (04:41)/Freefall - NEW Remixed 2023 (05:52)/Supertwister - NEW Remixed 2023 (03:20)/Nimrodel / The Procession / The White Rider - NEW Remixed 2023 (09:22)/Earthrise - NEW Remixed 2023 (06:39)/Lady Fantasy - NEW Remixed 2023 (12:55,https://i.scdn.co/image/ab67616d00001e02d154fb02b202c608d2255b86
2lm0ytMRpYQPcv11JFASDl,The Red And The Black,1GkiKu2FJFSBrXSL8wKFzy,Album,1981,"Things Fall Apart (05:02)/Slink (04:22)/The New Adventure (05:06)/Magic Hymie (04:51)/Fast Karma / No Questions (03:59)/Worlds in Collision (05:09)/The Red Nights - Instrumental (04:01)/No More Reruns (04:27)/No Warning, No Alarm (03:35",https://i.scdn.co/image/ab67616d00001e020727a4a0a63ef8d5f9a3f52f
0KBdfMTMxi0oD1oVqApTjr,Closer,432R46LaYsJZV2Gmc4jUV5,Album,1980-07-18,Atrocity Exhibition - 2020 Digital Master (06:06)/Isolation - 2020 Digital Master (02:53)/Passover - 2020 Digital Master (04:46)/Colony - 2020 Digital Master (03:55)/A Means to an End - 2020 Digital Master (04:09)/Heart and Soul - 2020 Digital Master (05:51)/Twenty Four Hours - 2020 Digital Master (04:26)/The Eternal - 2020 Digital Master (06:07)/Decades - 2020 Digital Master (06:11,https://i.scdn.co/image/ab67616d00001e022a6822eba903a21913896ab1
2QDolqCMmtvKMT3EEQKFAv,The Very Best of Ultravox,3iUjRVvYCsMfz7tuAQtBDI,Compilation,2009-04-06,Sleepwalk - 2008 Remaster (03:12)/Passing Strangers - 2008 Remaster (03:50)/Vienna - 2009 Remaster (04:39)/All Stood Still - 2008 Remaster (04:25)/The Thin Wall - Single Version (04:26)/The Voice - Single Version (04:23)/Reap the Wild Wind - 2009 Remaster (03:49)/Hymn - Single Version (04:25)/Visions in Blue - Single Version (04:13)/We Came to Dance - Single Version (04:08)/One Small Day - Single Version (04:35)/Dancing with Tears in My Eyes - Single Version (04:09)/Lament - Single Version (04:18)/White China - 2009 Remaster (03:53)/Love's Great Adventure - 2009 Remaster (03:06)/Same Old Story - Single Mix (03:58)/All Fall Down - 2009 Remaster (05:09)/All in One Day - 2009 Remaster (04:20,https://i.scdn.co/image/ab67616d00001e02322e2040d4731fc72b50b18e
1ve9AXU2FPr7CZTRg3AboS,The Soft Machine (Remastered And Expanded),5A0MH7JfEBEMySevsmauds,Album,1968,"Hope For Happiness (04:22)/Joy Of A Toy (02:49)/Hope For Happiness - Reprise (01:37)/Why Am I So Short? (01:37)/So Boot If At All (07:24)/A Certain Kind (04:13)/Save Yourself (02:25)/Priscilla (01:03)/Lullabye Letter (04:42)/We Did It Again (03:46)/Plus Belle Qu'une Poubelle (01:00)/Why Are We Sleeping? (05:31)/Box 25 / 4 Lid (00:47)/Love Makes Sweet Music - Bonus Track (02:29)/Feelin', Reelin', Squealin' - Bonus Track (02:51",https://i.scdn.co/image/ab67616d00001e02d0dd45b91440063fcb38a977
1xD39gZT3MZhZoES1pjx0v,Under the Flag,5IRIVOsIjIch3u8UfWdnBd,Album,1982-09-01,Under the Flag I (03:09)/Scapegoat (02:53)/Love Parasite (05:29)/Plainsong (03:53)/Wheels of Fortune (04:55)/Life on the Line (03:57)/The Sheep Look Up (03:37)/Cipher (05:39)/For Whom the Bells Toll (05:16)/Under the Flag II (02:53,https://i.scdn.co/image/ab67616d00001e02e7a59227a8f21de951d0393e
42hCHiMtfs7mfBTVX3V6k7,Computer World (2009 Remaster),0dmPX6ovclgOy8WWJaFEUU,Album,1981,Computer World - 2009 Remaster (05:06)/Pocket Calculator - 2009 Remaster (04:56)/Numbers - 2009 Remaster (03:20)/Computer World 2 - 2009 Remaster (03:24)/Computer Love - 2009 Remaster (07:19)/Home Computer - 2009 Remaster (06:20)/It's More Fun to Compute - 2009 Remaster (04:16,https://i.scdn.co/image/ab67616d00001e02a939b4d5a12ac8c669910768
78Xlw5fdOje2XsmliMAAqH,Don't You Want Me,1aX2dmV8XoHYCOQRxjPESG,Single,2009-01-01,Don't You Want Me (03:58)/Seconds - Remaster 2002 (04:58,https://i.scdn.co/image/ab67616d00001e028521e6b66726ca03b2b73172
12kbRL9t2VzUkFcESvku9U,Remote Control,7zfhej6FnVXN9LIXs6dcoK,Album,1979-01-01,Turn Me On (04:09)/TV Is King (03:08)/Prime Time (03:18)/I Want It All Now (04:23)/No Way Out (03:22)/Getoverture (03:23)/No Mercy (03:26)/Only The Strong Survive (03:52)/Be Mine Tonight (03:30)/Love's A Mystery (I Don't Understand) (03:28)/Telecide (05:41,https://i.scdn.co/image/ab67616d00001e0216e46296074341f9d298da89
3pjUG6P3uqhNDFqICGSsyD,Ensemble Modern Plays Frank Zappa: Greggery Peccary & Other Persuasions,6ra4GIOgCZQZMOaUECftGN,Album,2003-10-31,Moggio (02:43)/What Will Rumi Do? (01:35)/Night School (04:49)/Revised Music For Low Budget Orchestra (07:37)/The Beltway Bandits (03:36)/A Pig With Wings (04:24)/Put A Motor In Yourself (05:20)/Peaches En Regalia (03:07)/Naval Aviation In Art? (02:28)/The Adventures Of Greggery Peccary (21:16)/The Dental Hygiene Dilemma (03:33,https://i.scdn.co/image/ab67616d00001e0282d562597eaf61fbc2a39a2c
3ZirKFZ0s8jbw2eX8dD4dR,The Tubes,7zfhej6FnVXN9LIXs6dcoK,Album,1975-01-01,Up From The Deep (04:28)/Haloes (04:53)/Space Baby (04:25)/Malagueña Salerosa (03:53)/Mondo Bondage (04:34)/What Do You Want From Life (04:01)/Boy Crazy (04:09)/White Punks On Dope (06:49,https://i.scdn.co/image/ab67616d00001e022a4925d5fac3c29e4b3210cd
6QSnitPoyu8x79z1VxtrmV,Jeopardy,4hzCcF4Leos2sKnz79nwhz,Album,1980,I Can't Escape Myself (03:55)/Heartland (03:34)/Hour of Need (03:03)/Words Fail Me (02:59)/Missiles (05:28)/Heyday (03:03)/Jeopardy (03:38)/Night Versus Day (03:16)/Resistance (02:48)/Unwritten Law (03:40)/Desire (03:35,https://i.scdn.co/image/ab67616d00001e02150c0a25d47b380256e1d471
5jkwdY6jS1Hzi8epr6HW7h,Ghost In The Machine (Remastered 2003),5NGO30tJxFlKixkPSgXcFE,Album,1981-10-02,Spirits In The Material World (02:59)/Every Little Thing She Does Is Magic (04:20)/Invisible Sun (03:44)/Hungry For You (02:52)/Demolition Man (05:57)/Too Much Information (03:42)/Re-Humanise Yourself (03:10)/One World (Not Three) (04:46)/Omegaman (02:47)/Secret Journey (03:33)/Darkness (03:13,https://i.scdn.co/image/ab67616d00001e02b7879980ef2ea7ac1cc29316
23enz9nXJhH1BR1Rm5CzDJ,Zenyatta Mondatta (Remastered 2003),5NGO30tJxFlKixkPSgXcFE,Album,1980-10-03,"Don't Stand So Close To Me (04:02)/Driven To Tears (03:20)/When The World Is Running Down, You Make The Best Of What's Still Around (03:36)/Canary In A Coalmine (02:26)/Voices Inside My Head (03:53)/Bombs Away (03:07)/De Do Do Do, De Da Da Da (04:07)/Behind My Camel (02:53)/Man In A Suitcase (02:18)/Shadows In The Rain (05:02)/The Other Way Of Stopping (03:22",https://i.scdn.co/image/ab67616d00001e02fb1bc65edf4717e75fbc70ab
5WJlsOx7Dn0JwnBKowO7xx,Season of Glass,2s4tjL6W3qrblOe0raIzwJ,Album,2026-07-17,"Goodbye Sadness (03:50)/Mindweaver (04:23)/Even When You're Far Away (05:21)/Nobody Sees Me Like You Do (03:33)/Turn of the Wheel (02:43)/Dogtown (03:23)/Silver Horse (03:03)/I Don't Know Why (04:18)/Extension 33 (02:45)/No, No, No (02:44)/Will You Touch Me (02:37)/She Gets Down On Her Knees (04:15)/Toyboat (03:32)/Mother of the Universe (04:31)/Walking on Thin Ice (07:00)/I Don’t Know Why (demo) (02:12)/Dogtown (alternate version) (03:42",https://i.scdn.co/image/ab67616d00001e02b0371e8b98fc6b9a0317b8f4
5PvkD4XryLL9oC4NFItYIM,True Stories,2x9SpqnPi8rlE9pjHBwmSC,Album,1986-10-07,Love for Sale - 2005 Remaster (04:31)/Puzzlin' Evidence - 2005 Remaster (05:24)/Hey Now - 2005 Remaster (03:42)/Papa Legba - 2005 Remaster (05:55)/Wild Wild Life - 2005 Remaster (03:40)/Radio Head - 2005 Remaster (03:32)/Dream Operator - 2005 Remaster (04:38)/People Like Us - 2005 Remaster (04:28)/City of Dreams - 2005 Remaster (05:09)/Wild Wild Life - Extended Mix; 2005 Remaster (05:36)/Papa Legba - Pop Staples Vocal Version (06:01)/Radio Head - Tito Larriva Vocal Version (03:50,https://i.scdn.co/image/ab67616d00001e02851ebc64ba218563cbc1fa99
5ueP8JeD2SeNSYzX7ybnPc,Rage in Eden,3iUjRVvYCsMfz7tuAQtBDI,Album,1981-09-11,"The Voice - 2008 Remaster (06:01)/We Stand Alone - 2008 Remaster (05:39)/Rage in Eden - 2008 Remaster (04:12)/I Remember (Death in the Afternoon) - 2008 Remaster (04:57)/The Thin Wall - 2008 Remaster (05:41)/Stranger Within - 2008 Remaster (07:28)/Accent on Youth - 2008 Remaster (04:44)/The Ascent - 2008 Remaster (02:19)/Your Name (Has Slipped My Mind) - 2008 Remaster (04:32)/I Never Wanted to Begin - 2008 Remaster (03:33)/Paths and Angles - 2008 Remaster (04:22)/I Never Wanted to Begin - Extended Version (06:19)/Private Lives - Live at Crystal Palace, 13 June 1981 (04:51)/All Stood Still - Live at Crystal Palace, 13 June 1981 (04:22)/I Remember (Death in the Afternoon) - Live at Hammersmith Odeon, 1981 (05:47)/Stranger Within - Live at Hammersmith Odeon, 1981 (08:02)/Rage in Eden - Live at Hammersmith Odeon, 1981 (04:26)/Accent on Youth - Live at Hammersmith Odeon, 1981 (04:45)/The Ascent - Live at Hammersmith Odeon, 1981 (02:27)/Your Name (Has Slipped My Mind Again) - Live at Hammersmith Odeon, 1981 (04:45)/Stranger Within - Work in Progress Mix (07:11)/The Thin Wall - Work in Progress Mix (05:16",https://i.scdn.co/image/ab67616d00001e02b0ff7d3cbc5f8cb6dd639ed5
6cjugjFHB3T1alJxAffyxQ,The Best of New Order,0yNLKJebCb8Aueb54LYya3,Compilation,1994-01-01,True Faith '94 (05:35)/Bizarre Love Triangle '94 (03:54)/1963 (03:47)/Regret (04:08)/Fine Time (03:09)/The Perfect Kiss (04:48)/Shellshock (04:24)/Thieves like Us (03:57)/Vanishing Point (05:17)/Run 2 (04:30)/Round & Round '94 (04:01)/World (Price of Love) (03:39)/Ruined in a Day - Radio Edit (04:00)/Touched by the Hand of God (03:45)/Blue Monday '88 (04:04)/World in Motion (04:30,https://i.scdn.co/image/ab67616d00001e0285e36c64e60da20606d89897
6v1vndOiIQS6MQr6JZZxhD,Fleurs 3,4lianjyuR1tqf6oUX8kjrZ,Album,2002-08-30,Perduto amore (03:17)/Impressioni di settembre (03:40)/Se mai (03:06)/Ritornerai (03:25)/Col tempo sai (03:34)/Insieme a te non ci sto piu' (03:12)/Il cielo in una stanza (03:11)/Le tue radici (03:20)/Se tu sapessi (03:17)/Sigillata con un bacio (Sealed with a Kiss) - Italian Version (03:20)/Come un sigillo (03:03)/Beim schlafengehen (02:56,https://i.scdn.co/image/ab67616d00001e0291d399da44361266a5702667
3QD7rcprpyoMnSHnX2UDhE,Il Vuoto,4lianjyuR1tqf6oUX8kjrZ,Album,2007-01-01,Il Vuoto (03:34)/I Giorni Della Monotonia (03:16)/Aspettando L'Estate (03:33)/Niente E' Come Sembra (03:35)/Tiepido Aprile (03:15)/The Game Is Over (04:36)/Era L'Inizio Della Primavera (03:03)/Io Chi Sono? (03:33)/Stati Di Gioia (04:49)/Il Vuoto - Heavy Mental Mix (04:32)/Come Away Death (02:22,https://i.scdn.co/image/ab67616d00001e020e951cdb9ac640d379def05a
0b33cACjsSPVBchGgsFGMu,Universi paralleli di Franco Battiato,4lianjyuR1tqf6oUX8kjrZ,Compilation,2018-09-28,Atlantide - Live 2003 (03:10)/Strani Giorni - Live 2003 (03:44)/Shock In My Town - Live 2003 (03:56)/E ti vengo a cercare - Live 2003 (03:46)/La cura - Live 2003 (04:07)/Mesopotamia - Live 2003 (04:21)/Lode All'Inviolato - Live 2003 (03:10)/Stranizza D'Amuri - Live 2003 (02:13)/La stagione dell'amore - Live 2003 (02:50)/Povera Patria - Live 2003 (03:46)/Medley Last Summer Dance - Live 2003 (08:23)/L'animale - Live 2003 (02:54)/L'era del cinghiale bianco - Live 2003 (03:02)/Cuccuruccuccu - Live 2003 (04:11)/Centro di gravità permanente - Live 2003 (04:15)/Auto Da Fè - live (03:56)/Voglio vederti danzare - live (03:27)/Insieme a te non ci sto piu' (03:12)/Perduto amore (03:17)/Il cielo in una stanza (03:11)/Se mai (03:06)/Ritornerai (03:25)/Col tempo sai (03:34)/Impressioni di settembre (03:40)/Le tue radici (03:20)/Hey Joe (03:34)/Se tu sapessi (03:17)/Sigillata con un bacio (Sealed with a Kiss) - Italian Version (03:20)/Come un sigillo (03:04)/Beim schlafengehen (02:54)/La Mer (03:00)/Prologo (02:26)/Running Against The Grain (03:42)/Bist Du Bei Mir (04:19)/La quiete dopo un addio (03:54)/Personalità Empirica (03:34)/Il cammino interminabile (03:44)/Lontananze D'Azzurro (03:29)/Sarcofagia (03:42)/Scherzo in minore (03:21)/Il Potere Del Canto (04:03)/Tra sesso e castità (03:25)/Le aquile non volano a stormi (03:26)/Ermeneutica (03:34)/Fortezza Bastiani (03:20)/Odore di polvere da sparo (03:28)/I'm that (03:32)/Conforto alla vita (03:22)/23 coppie di cromosomi (03:33)/Apparenza e realtà (03:38,https://i.scdn.co/image/ab67616d00001e021773a7b8623a39d8da4ed9e6
7CdGW9JRoTbqk2v5imOHQd,Come Un Cammello In Una Grondaia (2008 Remastered Edition),4lianjyuR1tqf6oUX8kjrZ,Album,1991,Povera Patria - Remastered (03:45)/Le Sacre Sinfonie Del Tempo - 2008 Remaster (03:45)/Come Un Cammello In Una Grondaia - 2008 Remaster (03:31)/L'Ombra Della Luce - Remastered (04:53)/Schmerzen - 2008 Remaster (02:50)/Plaisir D'Amour - 2008 Remaster (03:56)/Gestillte Sensucht - 2008 Remaster (05:48)/Oh Sweet Were The Hours - 2008 Remaster (03:38,https://i.scdn.co/image/ab67616d00001e02a39cf10475fe0aae4d30dae8
5v9MxUngO1GZ5rtxLtWokm,Torneremo Ancora,4lianjyuR1tqf6oUX8kjrZ,Album,2019-10-18,Torneremo ancora (03:37)/Come un cammello in una grondaia (03:26)/Le sacre sinfonie del tempo (03:41)/Lode all'inviolato (03:07)/L'animale (03:05)/Tiepido aprile (03:14)/Povera patria (03:53)/Te lo leggo negli occhi (03:05)/Perduto amor (02:28)/Prospettiva Nevsky (03:22)/La cura (04:04)/I treni di Tozeur (02:59)/E ti vengo a cercare (03:48)/Le nostre anime (04:06)/L'era del cinghiale bianco - Live (03:26,https://i.scdn.co/image/ab67616d00001e02f9d0ea5a63d6a1403dd13706
3tZmzx3Og386HMV4vp4Dli,Caffé De La Paix (2008 Remastered Edition),4lianjyuR1tqf6oUX8kjrZ,Album,1993,Caffè De La Paix - 2008 Remaster (04:26)/Fogh In Nakhal - 2008 Remaster (03:33)/Atlantide - 2008 Remaster (03:58)/Sui Giardini Della Preesistenza - 2008 Remaster (03:48)/Delenda Carthago - 2008 Remaster (03:59)/Ricerca Sul Terzo - 2008 Remaster (03:59)/Lode All'Inviolato - 2008 Remaster (03:53)/Haiku - 2008 Remaster (03:49,https://i.scdn.co/image/ab67616d00001e028c707393dba48b53f935fd9e
4RD4REp6RE2kVZ96Uf1TgB,Giubbe Rosse (Deluxe 30th Anniversary Live & Remastered Edition / Remastered 2020),4lianjyuR1tqf6oUX8kjrZ,Album,1989,Giubbe Rosse - Remastered 2020 (04:14)/Alexander Platz - Live 1988 / Remastered 2020 (03:23)/Lettera Al Governatore Della Libia - Live 1988 / Remastered 2020 (03:26)/Mesopotamia - Live 1988 / Remastered 2020 (04:23)/L'Era Del Cinghiale Bianco - Live 1988 / Remastered 2020 (03:37)/Un'Altra Vita - Live 1988 / Remastered 2020 (03:00)/Voglio Vederti Danzare - Live 1988 / Remastered 2020 (03:24)/Oceano Di Silenzio - Live 1988 / Remastered 2020 (04:25)/Sequenze E Frequenze - Live 1988 / Remastered 2020 (07:05)/Aria Di Rivoluzione - Live 1988 / Remastered 2020 (03:34)/No U Turn - Live 1988 / Remastered 2020 (04:24)/Summer On A Solitary Beach - Live 1988 / Remastered 2020 (03:30)/Cuccurucucù - Live 1988 / Remastered 2020 (02:58)/Centro Di Gravità Permanente - Live 1988 / Remastered 2020 (03:53)/Gli Uccelli - Live 1988 / Remastered 2020 (04:43)/E Ti Vengo A Cercare - Live 1988 / Remastered 2020 (03:57)/Casaca Roja - Remastered 2020 / Bonus Track (04:16)/Alexander Platz - Spanish Version / Live 1988 / Remastered 2020 / Bonus Track (03:19)/Carta Al Gobernator De Libia - Live 1988 / Remastered 2020 / Bonus Track (03:17,https://i.scdn.co/image/ab67616d00001e02554a20c25a51b6d57c2d489d
0xM84XzqFGTDsFjPgCrXh9,Islands,0f3kLT4wvi2mFHlHJgV8Hl,Album,1984,The Lion's Mouth (03:36)/Big Apple (04:09)/The Power to Forgive (04:46)/Melting the Ice Away (05:18)/Turn Your Back on Me (04:01)/Islands (04:51)/On a Plane (04:13)/Part of Me Is You (03:57)/The Loop (04:42)/Turn Your Back on Me - Thompson & Barbiero US Mix (03:57)/The Pump Rooms of Bath (02:32)/The Garden - Instrumental (02:51)/Monochromatic - Live (04:10)/Big Apple - Metro Mix (06:05)/The Lion's Mouth - Beast Mix (05:39)/Turn Your Back on Me - Extended Mix (05:05,https://i.scdn.co/image/ab67616d00001e02a2fde6bbd3344d56986006fb
3j601V2oigPTHypgq3wwCu,The Anvil,0EPf9vAXPdFV5Ezp1sMX8B,Album,1982-01-01,The Damned Don't Cry (04:44)/Anvil Night Club School (04:39)/Move Up (04:25)/Night Train (04:30)/The Horseman (04:41)/Look What They've Done (04:49)/Again We Love (04:44)/Wild Life (04:25)/Whispers (05:35,https://i.scdn.co/image/ab67616d00001e02e8d785af0799f22000d8e4fb
152Hw6E0tNz3EQNq9c1CDf,It's My Life,7Fo8TAyGJr4VmhE68QamMf,Album,1984,Dum Dum Girl - 1997 Remaster (03:50)/Such a Shame - 1997 Remaster (05:35)/Renee - 1997 Remaster (06:22)/It's My Life - 1997 Remaster (03:52)/Tomorrow Started - 1997 Remaster (05:58)/The Last Time - 1997 Remaster (04:23)/Call in the Night Boy - 1997 Remaster (03:47)/Does Caroline Know? - 1997 Remaster (04:30)/It's You - 1997 Remaster (04:42,https://i.scdn.co/image/ab67616d00001e02ed7b5f97f354c216f80d61da
4ksJGDgtixAqJ390XWv0Ua,Popular Favorites 1976 - 1992 / Sand in the Vaseline,2x9SpqnPi8rlE9pjHBwmSC,Compilation,1992-10-13,Sugar on My Tongue (02:36)/I Want to Live (03:23)/Love → Building on Fire (02:57)/I Wish You Wouldn't Say That (02:36)/Psycho Killer (04:20)/Don't Worry About the Government (03:01)/No Compassion (04:49)/Warning Sign (03:54)/The Big Country (05:32)/Take Me to the River (05:03)/Heaven (04:00)/Memories Can't Wait (03:30)/I Zimbra (03:08)/Once in a Lifetime (04:18)/Crosseyed and Painless (04:47)/Burning Down the House (04:03)/Swamp (05:16)/This Must Be the Place (Naive Melody) (04:55)/Life During Wartime - Live (05:51)/Girlfriend Is Better - Live (05:06)/And She Was (03:39)/Stay up Late (03:43)/Road to Nowhere (04:19)/Wild Wild Life (03:39)/Love for Sale (04:31)/City of Dreams (05:09)/Mr. Jones (04:20)/Blind (05:00)/(Nothing But) Flowers (05:34)/Sax and Violins (05:18)/Gangster of Love (04:29)/Lifetime Piling Up (03:53)/Popsicle (05:19,https://i.scdn.co/image/ab67616d00001e02f704c874cd053dbac89591b3
3jXcYtp7cvl9lLvA5x8mwE,Fascination,1aX2dmV8XoHYCOQRxjPESG,Single,2023-07-07,(Keep Feeling) Fascination (03:45)/Total Panic (03:32)/(Keep Feeling) Fascination - Extended Version (04:59)/(Keep Feeling) Fascination - Improvisation (06:14)/I Love You Too Much - Fascination! Version (03:20,https://i.scdn.co/image/ab67616d00001e0250fdb78ffc9a1063dcd6a82c
6PyR3pcLILu7KgE7axImpq,Don't You Want Me (Purple Disco Machine Remix),1aX2dmV8XoHYCOQRxjPESG,Single,2021-11-19,Don't You Want Me - Purple Disco Machine Remix (03:30)/Don't You Want Me - Purple Disco Machine Extended Mix (07:47,https://i.scdn.co/image/ab67616d00001e021f9a54767a0437a3c97c000e
6QIdMmZpDxqo2TuJYkwRMN,Pili Pili,5SzgUF6HG0rix7dOgVzAFF,Album,1984-01-01,Pili Pili (15:44)/Smiling Lingala (04:30)/Kalungu Talks (06:32)/Virgin Jungle (06:34)/Afro Timento (05:42)/Ilé (07:16)/My Gongoma (06:27)/Kinshasa Im Boté (08:34)/Kiba (07:40,https://i.scdn.co/image/ab67616d00001e0270f44f99dd9ba7a8c46c33e9
2bbrlC2IqDdjL7DZ6qMX5h,Jakko,0UqkXR1QtAnzQnIbd0aqsW,Album,1987-03-01,Jakko Jakko (06:32)/Vite Ayi (05:52)/Fusion de Souvenirs (05:28)/Sugu Mugu Jakakai (05:10)/Vodoun Amon (04:32)/The Break Tapper (03:27)/Ambandru (02:53)/Djamo Djamo (04:10)/I Nan Djole (03:17,https://i.scdn.co/image/ab67616d00001e023ee5eed02db148043f8f062a
7uMOq45PDzQUNKVfmxjvtg,Post Scriptum,5SzgUF6HG0rix7dOgVzAFF,Album,2003-12-22,Marabout (06:56)/Exaltation (01:57)/Whitewash (05:48)/Live is not a Video (04:41)/Hippo Hips (04:19)/Hotel Babo (04:46)/Forbidden Drums (04:30)/The Headpeeper (03:12)/The Break Tapper (03:27)/Pili Pili (15:44)/Les Demoiselles D'Avignon (03:59)/N'Dairaby (07:13)/Post Scriptum (08:20)/The Past Calls (05:20)/Future Footsteps (07:05)/Marabout (06:57)/N'unga (07:41)/The isitimela Groove (03:52)/M'Bali Jo (10:35)/Soubacha (08:59)/Blue Pain (05:18,https://i.scdn.co/image/ab67616d00001e02f8cf939f75c61ee6f25d1d7c
48e5bZFgvlWlVN8KVdaNON,Quartet (2009 Remaster),3iUjRVvYCsMfz7tuAQtBDI,Album,1982-10-15,Reap the Wild Wind - 2009 Remaster (03:49)/Serenade - 2009 Remaster (05:05)/Mine for Life - 2009 Remaster (04:46)/Hymn - 2009 Remaster (05:49)/Visions in Blue - 2009 Remaster (04:40)/When the Scream Subsides - 2009 Remaster (04:16)/We Came to Dance - 2009 Remaster (04:13)/Cut and Run - 2009 Remaster (04:17)/The Song (We Go) - 2009 Remaster (03:59,https://i.scdn.co/image/ab67616d00001e02bae24e6f34c8064adfc31545
15BhyErNMCS96rXaeAkMre,Lament (2009 Remaster),3iUjRVvYCsMfz7tuAQtBDI,Album,1984-04-06,"White China - 2009 Remaster (03:53)/One Small Day - 2009 Remaster (04:33)/Dancing with Tears in My Eyes - 2009 Remaster (04:40)/Lament - 2009 Remaster (04:41)/Man of Two Worlds - 2009 Remaster (04:28)/Heart of the Country - Instrumental (05:06)/When the Time Comes (I'll Cry...) - 2009 Remaster (04:57)/A Friend I Call Desire - 2009 Remaster (05:11)/One Small Day - Special Remix (07:51)/Easterly - 2009 Remaster (03:48)/Lament - Extended Mix (08:02)/One Small Day - Special Remix Extra (08:31)/Dancing with Tears in My Eyes - Special Remix (10:02)/Building - 2009 Remaster (03:11)/White China - Special Mix (08:23)/Heart of the Country - Instrumental (04:24)/One Small Day - Final Mix (07:45)/A Friend I Call Desire - Work in Progress Mix (05:39)/Lament - Work in Progress Mix (04:53)/Love's Great Adventure - Extended Version (05:40)/White China - Live at the Hammersmith Odeon, June 1984 (03:46)/Man of Two Worlds - Instrumental (04:31)/Heart of the Country - Special Remix (11:05",https://i.scdn.co/image/ab67616d00001e02c32a9b9f52a37875d00bbc51
38dDUvG4WftuwpWB4RJaLY,Dare: Singles & Remixes,1aX2dmV8XoHYCOQRxjPESG,Album,2023-06-09,"Hard Times / Love Action - Single Version / Remastered 2021 (10:13)/Hard Times - B-Side / Remastered 2021 (04:54)/Tom Baker - B-Side / Remastered 2021 (04:00)/Boys And Girls - B-Side / Remastered 2021 (03:13)/Dancevision - B-Side / Remastered 2021 (02:20)/Non-Stop - B-Side / Remastered 2021 (04:18)/The Sound Of The Crowd (Add Your Voice) - B-Side / Remastered 2021 (04:12)/Hard Times / Love Action - B-Side Instrumental / Remastered 2021 (11:07)/Love Action (I Believe In Love) - Edit / Remastered 2021 (03:52)/The Sound Of The Crowd - Extended / Remastered 2021 (06:28)/Don't You Want Me - Extended Dance Mix / Remastered 2021 (07:32)/Open Your Heart / Non-Stop - 12"" Single Version / Remastered 2021 (08:15)/Open Your Heart / Non-Stop - Instrumental / Remastered 2021 (08:41)/Darkness - A Very British Synthesizer Group / Remastered 2021 (04:16)/Do Or Die - Methods Of Dance / Remastered 2021 (06:35)/I Am The Law - A Very British Synthesizer Group / Remastered 2021 (04:15",https://i.scdn.co/image/ab67616d00001e02d821d4ebc99f1d2e199f2172
2JfiVMvVhdueC48EmskS7t,Let England Shake,12VaqyEhgwDRuFfEqbnrpz,Album,2011-01-01,Let England Shake (03:09)/The Last Living Rose (02:21)/The Glorious Land (03:34)/The Words That Maketh Murder (03:45)/All And Everyone (05:39)/On Battleship Hill (04:07)/England (03:11)/In The Dark Places (02:59)/Bitter Branches (02:29)/Hanging In The Wire (02:42)/Written On The Forehead (03:39)/The Colour Of The Earth (02:33,https://i.scdn.co/image/ab67616d00001e020682f13c108d0aa9fb3a7e7a
1nkKDM0EfKvJNKHsMFSvSS,Casual Gods,1GkiKu2FJFSBrXSL8wKFzy,Album,1987-12-15,Rev It Up (04:11)/Song Of Angels (03:37)/Man With A Gun (04:40)/Let It Come Down (04:54)/Cherokee Chief (04:43)/A Perfect Lie (04:29)/Are You Running? (03:55)/Breakdown In The Passing Lane (04:36)/A.K.A. Love (04:24)/We're Always Talking (04:55)/Bobby (04:05)/Bobby - Aboriginal Mix (06:59,https://i.scdn.co/image/ab67616d00001e022e589ed1c39ba9af5d2366ee
3qmzvmqd3rh0df0zIn5reT,Remixed,2x9SpqnPi8rlE9pjHBwmSC,Compilation,1999-08-02,The Lady Don't Mind - Extended Mix (06:50)/Television Man - Extended Mix (08:02)/And She Was - Extended Mix (04:56)/Wild Wild Life - Long E.T. Mix (05:29)/Love for Sale - Extended Mix (06:08)/Hey Now - Milwaukee Mix (07:14)/Radio Head - Extended Mix (04:29)/Blind - Extended Mix (07:40)/(Nothing But) Flowers - Lillywhite Mix (07:33)/Ruby Dear - Bush Mix (03:25)/Blind - Deaf Dub & Blind Mix (06:36)/Love for Sale - Love Dub (03:09,https://i.scdn.co/image/ab67616d00001e02abb4b37e9d33f3feaad4dcfb
0siipFlB8UzK9tFfCUHQfi,The Mellow Sound Of John Coltrane,2hGh5VOeeqimQFxqXvfCUf,Compilation,2009-01-01,Theme For Ernie (04:57)/Violets For Your Furs (06:15)/You Leave Me Breathless - Rudy Van Gelder Remaster (07:23)/Stardust - Edit (08:24)/Trane's Slo Blues (06:05)/While My Lady Sleeps (04:39)/Velvet Scene (04:51)/Lush Life - Rudy Van Gelder Remaster 1958 (14:00)/Time After Time (07:43)/I See Your Face Before Me - RVG Remaster (09:59,https://i.scdn.co/image/ab67616d00001e024cc7939f147a23e8c7760439
6HQo3byKYGsHxOqofRmgCh,Technique,0yNLKJebCb8Aueb54LYya3,Album,1989-01-30,Fine Time - 2015 Remaster (04:44)/All the Way - 2015 Remaster (03:24)/Love Less - 2015 Remaster (03:04)/Round & Round - 2015 Remaster (04:31)/Guilty Partner - 2015 Remaster (04:46)/Run - 2015 Remaster (04:31)/Mr Disco - 2015 Remaster (04:21)/Vanishing Point - 2015 Remaster (05:17)/Dream Attack - 2015 Remaster (05:18,https://i.scdn.co/image/ab67616d00001e025ac2c6a71a5882025e438424
1Bw3bHsQ9Xwlalhp4NjX1n,Mondi Lontanissimi (2008 Remastered Edition),4lianjyuR1tqf6oUX8kjrZ,Album,1985,Via Lattea - Remastered 2008 (04:52)/Risveglio Di Primavera - 2008 Remaster (03:32)/No Time No Space - Remastered (03:27)/Personal Computer - 2008 Remaster (02:41)/Temporary Road - 2008 Remaster (02:49)/Il Re Del Mondo - 1985 Version / 2008 Remaster (03:27)/Chan-Son Egocentrique - Remastered (04:13)/I Treni Di Tozeur - Remastered (03:09)/L'Animale - Remastered (03:19,https://i.scdn.co/image/ab67616d00001e02ffc0e1407e9dd9a938716ee7
1Kn7Ds2UpJTdpBj7oweUh7,Fleurs,4lianjyuR1tqf6oUX8kjrZ,Album,1999-01-01,"La Canzone Dell Amore Perduto (03:25)/Ruby Tuesday (03:36)/J'Entends Siffler Le Train (03:09)/Aria Di Neve (02:52)/Ed Io Tra Di Voi (02:54)/Te Lo Leggo Negli Occhi (03:03)/La Canzone Dei Vecchi Amanti (03:25)/Era De Maggio (03:26)/Che Cosa Resta (03:26)/Amore Che Vieni, Amore Che Val (02:27)/Medievale (02:37)/Invito Al Viaggio (07:26",https://i.scdn.co/image/ab67616d00001e0250d73c3af790971dc61ba9aa
5mhHyVk0zf9jvqvx9w77c5,Gommalacca,4lianjyuR1tqf6oUX8kjrZ,Album,1998-01-01,Shock In My Town (04:22)/Auto Da Fe' (03:59)/Casta Diva (03:37)/Il Ballo Del Potere (04:25)/La Preda (03:42)/Il Mantello E La Spiga (03:57)/E Stato Molto Bello (03:47)/Quello Che Fu (04:29)/Vite Parallele (03:23)/E. Shakleton (08:34,https://i.scdn.co/image/ab67616d00001e020ecf26d1fd4acb6c448e1245
3ZMIvjtdKwQ75xll79vWk4,Pollution,4lianjyuR1tqf6oUX8kjrZ,Album,1973-01-01,Il silenzio del rumore / 31 Dicembre 1999 - Ore 9 (03:08)/Areknames (05:07)/Beta (07:24)/Plancton (05:03)/Pollution / Ti sei mai chiesto quale funzione hai? (12:23,https://i.scdn.co/image/ab67616d00001e0265ad2036979d31a7e87814fe
46NHXn2wLVqo2xK9AaoOYb,Waka/Jawaka,6ra4GIOgCZQZMOaUECftGN,Album,1972-07-05,Big Swifty (17:23)/Your Mouth (03:12)/It Just Might Be A One-Shot Deal (04:16)/Waka/Jawaka (11:17,https://i.scdn.co/image/ab67616d00001e0253749b8007ca414a6bf4d2f6
4YK7qYQ9I62koYRiN0II6v,Orizzonti Perduti (2008 Remastered Edition),4lianjyuR1tqf6oUX8kjrZ,Album,1983,La Stagione Dell'Amore - Remastered 2008 (03:49)/Tramonto Occidentale - 2008 Remaster (03:15)/Zone Depresse - 2008 Remaster (03:33)/Un'Altra Vita - Remastered (03:45)/Mal D'Africa - 2008 Remaster (03:56)/La Musica È Stanca - 2008 Remaster (03:55)/Gente In Progresso - 2008 Remaster (03:33)/Campane Tibetane - 2008 Remaster (03:23,https://i.scdn.co/image/ab67616d00001e025eb1165c5e8c210613ab8631
4sWf0wkRfi49tW4NLxdLj2,Fisiognomica (2008 Remastered Edition),4lianjyuR1tqf6oUX8kjrZ,Album,1988,Fisiognomica - 2008 Remaster (04:32)/E Ti Vengo A Cercare - Remastered 2008 (03:52)/Veni L'Autunnu - 2008 Remaster (03:27)/Secondo Imbrunire - 2008 Remaster (03:17)/Nomadi - Remastered (04:25)/Zai Saman - 2008 Remaster (03:52)/Il Mito Dell'Amore - 2008 Remaster (03:28)/L'Oceano Di Silenzio - 2008 Remaster (04:20,https://i.scdn.co/image/ab67616d00001e025b3665e0b6e6b41fa6044c75
6vUUBFECAo0oLUWfjqmXtZ,Live In Japan 2002,1MD5pgVzlusqGyuSTcTxvu,Album,2002-05-21,The Sea of Memory (06:44)/Bandiera Bianca (04:01)/La Carrozza Di Hans - Live In Japan 2002 (06:51)/Rain Birth (Intro To The River) - Live In Japan 2002 (01:25)/River Of Life - Live In Japan 2002 (07:22)/Photos Of Ghosts - Live In Japan 2002 (07:41)/Peninsula - Live In Japan 2002 (05:10)/Out Of The Roundabout - Live In Japan 2002 (07:29)/La Rivoluzione - Live In Japan 2002 (04:06)/Suonare Suonare - Live In Japan 2002 (05:49)/Promenade The Puzzle - Live In Japan 2002 (07:19)/Tokyo Piano Solo - Live In Japan 2002 (02:13)/Dove...Quando (Part 2) - Live In Japan 2002 (01:46)/Dove...Quando - Live In Japan 2002 (04:21)/Il Banchetto - Live In Japan 2002 (03:07)/Dolcissima Maria - Live In Japan 2002 (04:15)/Maestro Della Voce - Live In Japan 2002 (08:18)/Si Può Fare - Live In Japan 2002 (12:07)/Mr. 9 Till 5 - Live In Japan 2002 (05:10)/Scary Light - Live In Japan 2002 (03:00)/Tokyo Electric Guitar Jam - Live In Japan 2002 (05:23)/Tokyo Violin Jam (Part 1) - Live In Japan 2002 (05:00)/Rossini's William Tell Overture - Live In Japan 2002 (00:56)/Tokyo Violin Jam (Part 2) - Live In Japan 2002 (02:43)/Impressioni Di Settembre - Live In Japan 2002 (05:30)/E' Festa (Celebration) (Live in Japan 2002 - DVD) - Live In Japan 2002 (05:46)/La Luna Nuova (Four Holes In The Ground) - Live In Japan 2002 (09:50,https://i.scdn.co/image/ab67616d00001e0216660bdee4d8da89c5f6a2c3
1NeJ0QqKv002iYDiOCaUOA,Per Un Amico,1MD5pgVzlusqGyuSTcTxvu,Album,1972,Appena un po' (07:43)/Generale (04:18)/Per un amico (05:23)/Il banchetto (08:39)/Geranio (08:04,https://i.scdn.co/image/ab67616d00001e025fd82bdfb64208932d8b7bf7
6NiJ8vCXUZoeqUIyhUDNZX,Uomo Di Pezza,45Utoxop3UFq0Qg9YFLhx0,Album,1972-01-01,Una Dolcezza Nuova (05:28)/Gioco Di Bimba (02:54)/La Porta Chiusa (07:30)/Breve Immagine (02:43)/Figure Di Cartone (03:49)/Aspettando L Alba (04:43)/Alienazione (04:44,https://i.scdn.co/image/ab67616d00001e027a91ff106b8756c8ad5e7d8f
1n6mujGDmusUYHfuFtZZvJ,"H To He, Who Am The Only One (Deluxe)",02frazNrWgZCxUEf4UTfHt,Album,1970-12-05,"Killer - Remastered 2021 (08:18)/House With No Door - Remastered 2021 (06:31)/The Emperor In His War Room - Remastered 2021 (08:13)/Lost - Remastered 2021 (11:11)/Pioneers Over C - Remastered 2021 (12:40)/Killer - First Version (08:18)/The Emperor In His War Room - First Version (08:14)/Killer - Live BBC Radio One ""Top Gear Session"" / 1970 (07:31)/Lost - Live BBC Radio One ""Top Gear Session"" / 1970 (11:32)/Killer - New Stereo Mix 2021 (08:22)/House With No Door - New Stereo Mix 2021 (06:33)/The Emperor In His War Room - New Stereo Mix 2021 (08:14)/Lost - New Stereo Mix 2021 (11:24)/Pioneers Over C - New Stereo Mix 2021 (12:44",https://i.scdn.co/image/ab67616d00001e02fda0f0767cd77b621ad43902
7xjDegZP677Ot0FAd5CJHr,Half Mute / Scream With a View,4zn0m3hBUQVl6Nf36Sb0A6,Album,1980-09-01,Nazca (03:10)/59 to 1 (04:00)/Fifth Column (02:57)/Tritone (02:50)/Loneliness (03:00)/James Whale (02:44)/What Use (04:03)/Volo Vivace (02:50)/7 Years (03:12)/Km / Seeding the Clouds (11:43)/Nervous Guy (05:11)/Where Interest Lie (04:07)/(Special Treatment for the) Family Man (05:10)/Midnite Stroll (03:20,https://i.scdn.co/image/ab67616d00001e02510628832de2f1306963e4bf
4EMrVuBXbVoksyn4dPnj5T,Polyrock,2rCSwbDl4RkeGoH8NZYmXO,Album,1980,Romantic Me (03:09)/Green for Go (03:40)/This Song (02:15)/Go West (03:21)/Your Dragging Feet (04:58)/No Love Lost (02:55)/Body Me (02:40)/Sound Alarm (03:02)/Bucket Rider (02:54)/Shut Your Face (02:13)/#7 (02:56,https://i.scdn.co/image/ab67616d00001e02854ca594b613d08312ba5f64
5UjwQ3co1TWY9458ojqjAj,True Colours,0Upmz8QvuLAkKAfRlJYWTL,Album,1980-06-25,I Got You (03:29)/Shark Attack (02:57)/What's The Matter With You (03:07)/Double Happy (03:26)/I Wouldn't Dream Of It (03:21)/I Hope I Never (04:35)/Nobody Takes Me Seriously (03:28)/Missing Person (03:36)/Poor Boy (03:26)/How Can I Resist Her (03:30)/The Choral Sea (04:39,https://i.scdn.co/image/ab67616d00001e02b465d43924a1b17ebec394c3
33qkK1brpt6t8unIpeM2Oy,Unknown Pleasures (Collector's Edition),432R46LaYsJZV2Gmc4jUV5,Album,1979-06-01,"Disorder - 2007 Remaster (03:29)/Day of the Lords - 2007 Remaster (04:47)/Candidate - 2007 Remaster (03:07)/Insight - 2007 Remaster (04:26)/New Dawn Fades - 2007 Remaster (04:51)/She's Lost Control - 2007 Remaster (03:57)/Shadowplay - 2007 Remaster (03:53)/Wilderness - 2007 Remaster (02:40)/Interzone - 2007 Remaster (02:17)/I Remember Nothing - 2007 Remaster (05:55)/Dead Souls - The Factory, Manchester Live 11 April 1980 (04:25)/The Only Mistake - The Factory, Manchester Live 11 April 1980 (04:12)/Insight - The Factory, Manchester Live 11 April 1980 (03:52)/Candidate - The Factory, Manchester Live 11 April 1980 (02:07)/Wilderness - The Factory, Manchester Live 11 April 1980 (02:31)/She's Lost Control - The Factory, Manchester Live 11 April 1980 (03:47)/Shadowplay - The Factory, Manchester Live 11 April 1980 (03:34)/Disorder - The Factory, Manchester Live 11 April 1980 (03:28)/Interzone - The Factory, Manchester Live 11 April 1980 (02:05)/Atrocity Exhibition - The Factory, Manchester Live 11 April 1980 (06:14)/Novelty - The Factory, Manchester Live 11 April 1980 (04:28)/Transmission - The Factory, Manchester Live 11 April 1980 (03:49",https://i.scdn.co/image/ab67616d00001e0216eb1e685e6bd37ab3228de6
1JvXxLsm0PxlGH4LXzqMGq,Remain in Light,2x9SpqnPi8rlE9pjHBwmSC,Album,1980-10-08,Born Under Punches (The Heat Goes On) (05:48)/Crosseyed and Painless (04:45)/The Great Curve (06:27)/Once in a Lifetime (04:19)/Houses in Motion (04:33)/Seen and Not Seen (03:24)/Listening Wind (04:43)/The Overload (06:00,https://i.scdn.co/image/ab67616d00001e02e49a405217bda217816f7bf5
3AQgdwMNCiN7awXch5fAaG,Remain in Light (Deluxe Version),2x9SpqnPi8rlE9pjHBwmSC,Album,1980-10-08,Born Under Punches (The Heat Goes On) - 2005 Remaster (05:49)/Crosseyed and Painless - 2005 Remaster (04:45)/The Great Curve - 2005 Remaster (06:27)/Once in a Lifetime - 2005 Remaster (04:19)/Houses in Motion - 2005 Remaster (04:33)/Seen and Not Seen - 2005 Remaster (03:24)/Listening Wind - 2005 Remaster (04:42)/The Overload - 2005 Remaster (06:02)/Fela's Riff - Unfinished Outtake (05:16)/Unison - Unfinished Outtake (04:46)/Double Groove - Unfinished Outtake (04:24)/Right Start - Unfinished Outtake (04:07,https://i.scdn.co/image/ab67616d00001e02e56fa8c916dc6ce419dcf557
4YLKvXEwd8vCNpZ7MN36YS,Arbeit Macht Frei,6o2PxnpsrQ352kwYlEwjvR,Album,1973,"Luglio, agosto, settembre (nero) (04:23)/Arbeit macht frei (07:57)/Consapevolezza (05:59)/Le labbra del tempo (05:52)/240 chilometri da Smirne (05:07)/L'abbattimento dello Zeppelin (06:48",https://i.scdn.co/image/ab67616d00001e02e93626e6937daacafb8f03d3
5GuP6isw4DZpsTaucdWkC5,The Least We Can Do Is Wave To Each Other,02frazNrWgZCxUEf4UTfHt,Album,1970,Darkness (11/11) [2005 - Remaster] (07:30)/Refugees - Remastered (06:25)/White Hammer - 2005 Digital Remaster (08:18)/Whatever Would Robert Have Said? - 2005 Digital Remaster (06:09)/Out Of My Book - 2005 Digital Remaster (04:06)/After The Flood - 2005 Digital Remaster (11:36)/The Boat Of Millions Of Years - Remastered 2005 (03:54)/Refugees - Single Version / Remastered 2005 (05:18,https://i.scdn.co/image/ab67616d00001e026931cd9c7b1f94ca74a0ec9a
7bJytEOVzTT0TIYfL18hU9,Third,5A0MH7JfEBEMySevsmauds,Album,1970-08-26,Facelift - Live (18:45)/Slightly All The Time (18:11)/Moon In June (19:07)/Out-Bloody-Rageous (19:13,https://i.scdn.co/image/ab67616d00001e02c25d45a133ffc63dd4743b97
1VHLlFuKZYLVhnLanVzJxF,Trilogy,0nCiidE5GgDrc5kWN3NZgZ,Album,1972-07-06,"The Endless Enigma, Pt. 1 (06:42)/Fugue (01:57)/The Endless Enigma, Pt. 2 (02:03)/From the Beginning (04:16)/The Sheriff (03:22)/Hoedown (03:47)/Trilogy (08:54)/Living Sin (03:13)/Abaddon's Bolero (08:10",https://i.scdn.co/image/ab67616d00001e020134e07cf27d2cb5a1eaddcc
4vvx8uOeJE7YR4tORVtYV4,Lizard,7M1FPw29m5FbicYzS2xdpi,Album,1970-12-11,Cirkus (including Entry of the Chameleons) (06:26)/Indoor Games (05:37)/Happy Family (04:22)/Lady of the Dancing Water (02:47)/Lizard (Prince Rupert Awakes/Bolero/The Battle of Glass Tears/Big Top) (23:19)/Studio Sessions: Cirkus (Runthrough)/Lady of the Dancing Water (alt. take) (10:04)/Bolero (remix from Frame By Frame) (06:45,https://i.scdn.co/image/ab67616d00001e028f4652132e153badd7017df4
58HHtTfwSBN2GUa3l1ZbP3,Exposure,5HKpBHDxIDNdtmEAGXGntl,Album,1979-04,"Preface - First Edition: Original 1979 Release (01:15)/You Burn Me Up I'm A Cigarette - First Edition: Original 1979 Release (02:23)/Breathless - First Edition: Original 1979 Release (04:45)/Disengage - First Edition: Original 1979 Release (02:46)/North Star - First Edition: Original 1979 Release (03:06)/Chicago - First Edition: Original 1979 Release (02:12)/NY3 - First Edition: Original 1979 Release (02:24)/Mary - First Edition: Original 1979 Release (02:08)/Exposure - First Edition: Original 1979 Release (04:26)/Hāaden Two - First Edition: Original 1979 Release (02:53)/Urban Landscape - First Edition: Original 1979 Release (02:34)/I May Not Have Had Enough Of Me But I've Had Enough Of You - First Edition: Original 1979 Release (03:44)/First Inaugural Address To The I.A.C.E. Sherborne House - First Edition: Original 1979 Release (00:04)/Water Music I - First Edition: Original 1979 Release (01:27)/Here Comes The Flood - First Edition: Original 1979 Release (04:07)/Water Music II - First Edition: Original 1979 Release (04:28)/Postscript - First Edition: Original 1979 Release (00:37)/Preface - Third Edition (01:15)/You Burn Me Up I'm A Cigarette - Third Edition (02:24)/Breathless - Third Edition (04:42)/Disengage II - Third Edition (02:43)/North Star - Third Edition (03:12)/Chicago - Third Edition (02:17)/New York, New York, New York - Third Edition (02:17)/Mary - Third Edition (02:08)/Exposure - Third Edition (04:25)/Hāaden Two - Third Edition (01:57)/Urban Landscape - Third Edition (02:34)/I May Not Have Had Enough Of Me, But I've Had Enough Of You - Third Edition (03:37)/First Inaugural Address To The I.A.C.E. Sherborne House - Third Edition (00:07)/Water Music I - Third Edition (01:18)/Here Comes The Flood - Third Edition (03:55)/Water Music II - Third Edition (03:53)/Postscript - Third Edition (00:55)/Exposure - Alternative Take (04:28)/Mary - Alternative Take (02:06)/Disengage - Alternative Take (02:49)/Chicago - Alternative Take (02:02)/NY3 - Alternative Take (02:15",https://i.scdn.co/image/ab67616d00001e028e384e44b8d8cb873d88246e
6vUUBFECAo0oLUWfjqmXtZ,Live In Japan 2002,69JBLod15WPsmZioUkwA4r,Album,2002-05-21,The Sea of Memory (06:44)/Bandiera Bianca (04:01)/La Carrozza Di Hans - Live In Japan 2002 (06:51)/Rain Birth (Intro To The River) - Live In Japan 2002 (01:25)/River Of Life - Live In Japan 2002 (07:22)/Photos Of Ghosts - Live In Japan 2002 (07:41)/Peninsula - Live In Japan 2002 (05:10)/Out Of The Roundabout - Live In Japan 2002 (07:29)/La Rivoluzione - Live In Japan 2002 (04:06)/Suonare Suonare - Live In Japan 2002 (05:49)/Promenade The Puzzle - Live In Japan 2002 (07:19)/Tokyo Piano Solo - Live In Japan 2002 (02:13)/Dove...Quando (Part 2) - Live In Japan 2002 (01:46)/Dove...Quando - Live In Japan 2002 (04:21)/Il Banchetto - Live In Japan 2002 (03:07)/Dolcissima Maria - Live In Japan 2002 (04:15)/Maestro Della Voce - Live In Japan 2002 (08:18)/Si Può Fare - Live In Japan 2002 (12:07)/Mr. 9 Till 5 - Live In Japan 2002 (05:10)/Scary Light - Live In Japan 2002 (03:00)/Tokyo Electric Guitar Jam - Live In Japan 2002 (05:23)/Tokyo Violin Jam (Part 1) - Live In Japan 2002 (05:00)/Rossini's William Tell Overture - Live In Japan 2002 (00:56)/Tokyo Violin Jam (Part 2) - Live In Japan 2002 (02:43)/Impressioni Di Settembre - Live In Japan 2002 (05:30)/E' Festa (Celebration) (Live in Japan 2002 - DVD) - Live In Japan 2002 (05:46)/La Luna Nuova (Four Holes In The Ground) - Live In Japan 2002 (09:50,https://i.scdn.co/image/ab67616d00001e0216660bdee4d8da89c5f6a2c3
7fV9DyVx8pbNJJhvJDYCIn,Clic,4lianjyuR1tqf6oUX8kjrZ,Album,1974-11-23,I cancelli della memoria (06:11)/No U Turn (04:53)/Il Mercato Degli Dei (04:30)/Rien ne va plus - Andante (02:44)/Propiedad Prohibida (05:22)/Nel Cantiere Di Un'Infanzia (04:33)/Ethika Fon Ethica (03:52,https://i.scdn.co/image/ab67616d00001e022769a7b500f6db3d48ecede9
4ABoepBMa9pG5ZRqWicwgW,Aqualung,6w6z8m4WXX7Tub4Rb6Lu7R,Album,1971-03-19,"Aqualung - Steven Wilson Stereo Remix (06:35)/Cross-Eyed Mary - Steven Wilson Stereo Remix (04:09)/Cheap Day Return - Steven Wilson Stereo Remix (01:21)/Mother Goose - Steven Wilson Stereo Remix (03:52)/Wond'ring Aloud - Steven Wilson Stereo Remix (01:53)/Up To Me - 2011 Steven Wilson Remix (03:14)/My God - Steven Wilson Stereo Remix (07:11)/Hymn 43 - 2011 Steven Wilson Remix (03:17)/Slipstream - Steven Wilson Stereo Remix (01:12)/Locomotive Breath - Steven Wilson Stereo Remix (04:41)/Wind-Up - Steven Wilson Stereo Remix (06:00)/Lick Your Fingers Clean - Steven Wilson Stereo Remix (02:49)/Just Trying To Be - 2011 Steven Wilson Remix (01:37)/My God - Early Version; Steven Wilson Stereo Remix (09:42)/Wond'ring Aloud - Studio Recording, 13/12/1970; Steven Wilson Stereo Remix (01:51)/Wind-Up - Early Version; Steven Wilson Stereo Remix (05:21)/Slipstream - Take 2; Steven Wilson Stereo Remix (00:54)/Up the 'Pool - Early Version; Steven Wilson Stereo Remix (01:12)/Wond'ring Aloud, Again - Full Morgan Version; Steven Wilson Stereo Remix (07:07)/Life Is A Long Song - 2011 Steven Wilson Remix (03:19)/Up The 'Pool - 2011 Steven Wilson Remix (03:12)/Dr. Bogenbroom - 2011 Remaster (03:00)/From Later - 2011 Remaster (02:08)/Nursie - 2011 Remaster (01:37)/US FM Radio Spot (#1) (00:52",https://i.scdn.co/image/ab67616d00001e024eeebca2181c60fe4c0a5aaa
4ttC4XUinZXn3GMIQNrjFZ,Starless And Bible Black,7M1FPw29m5FbicYzS2xdpi,Album,1974-03-29,"The Great Deceiver (04:01)/Lament (04:05)/We'll Let You Know (03:39)/The Night Watch (04:41)/Trio (05:38)/The Mincer (04:08)/Starless And Bible Black (09:10)/Fracture (11:13)/The Law Of Maximum Distress (including ""The Mincer"") (12:49)/Dr. Diamond (Live 23 june, 1973) (04:02)/Guts On My Side (Live audience recording 19 March, 1973) (04:30",https://i.scdn.co/image/ab67616d00001e02ebb799f3ca90f59bd04f6a72
4eJ3LJl4sHKs3nd8CZ9hq5,Three of a Perfect Pair,7M1FPw29m5FbicYzS2xdpi,Album,1984-03-26,"Three of a Perfect Pair (04:10)/Model Man (03:49)/Sleepless (05:24)/Man With An Open Heart (03:05)/Nuages (That Which Passes, Passes Like Clouds) (04:47)/Industry (07:04)/Dig Me (03:17)/No Warning (03:29)/Larks' Tongues In Aspic, Pt. III (06:05)/The King Crimson Barber Shop (01:37)/Industrial Zone A (01:44)/Industrial Zone B (04:33)/Sleepless (Tony Levin Mix) (07:28)/Sleepless (Bob Clearmountain Mix) (05:24)/Sleepless (Francois Kevorkian dance mix) (06:18",https://i.scdn.co/image/ab67616d00001e0279307974cc73f51fb5b6a173
6gp8D4NmYCcBz55J0s4QXH,Beat,7M1FPw29m5FbicYzS2xdpi,Album,1982-06-18,Neal And Jack And Me (04:22)/Heartbeat (03:54)/Sartori in Tangier (03:34)/Waiting Man (04:27)/Neurotica (04:48)/Two Hands (03:23)/The Howler (04:12)/Requiem (06:42)/Absent Lovers (04:14)/Neurotica/The Howler (Live in Philadelphia) (10:15,https://i.scdn.co/image/ab67616d00001e0213f0fbd1d0cc07d80df11a51
20dTbQRkxuOTkf3SFyaT2m,Discipline,7M1FPw29m5FbicYzS2xdpi,Album,1981-09-22,Elephant Talk (04:42)/Frame By Frame (05:07)/Matte Kudasai (03:49)/Indiscipline (04:33)/Thela Hun Ginjeet (06:26)/The Sheltering Sky (08:22)/Discipline (05:13)/Matte Kudasai (alternate version) (03:52)/The Terrifying Tale of Thela Hun Ginjeet (08:03)/Studio Sessions (11:05,https://i.scdn.co/image/ab67616d00001e02ff2d2448a42a43c281b6f556
5Dja2ASXd7MOM628iwYdtA,Little Creatures,2x9SpqnPi8rlE9pjHBwmSC,Album,1985-07-10,And She Was - 2005 Remaster (03:39)/Give Me Back My Name - 2005 Remaster (03:22)/Creatures of Love - 2005 Remaster (04:15)/The Lady Don't Mind - 2005 Remaster (03:58)/Perfect World - 2005 Remaster (04:27)/Stay up Late - 2005 Remaster (03:43)/Walk It Down - 2005 Remaster (04:44)/Television Man - 2005 Remaster (06:10)/Road to Nowhere - 2005 Remaster (04:20)/Road to Nowhere - Early Version (04:39)/And She Was - Early Version (03:39)/Television Man - Extended Mix (07:52,https://i.scdn.co/image/ab67616d00001e02948dc970e1e9fbeb8959f7f9
0r7o2FeARRr23EZ0TJ0a8S,Talking Heads '77,2x9SpqnPi8rlE9pjHBwmSC,Album,1977-09-16,"Uh-Oh, Love Comes to Town (02:49)/New Feeling (03:09)/Tentative Decisions (03:08)/Happy Day (03:55)/Who Is It? (01:44)/No Compassion (04:50)/The Book I Read (04:10)/Don't Worry About the Government (03:00)/First Week / Last Week...Carefree (03:21)/Psycho Killer (04:20)/Pulled Up (04:28",https://i.scdn.co/image/ab67616d00001e02b74dc29f68a36438421a9f1d
4VRRvBdZNnQGAmNN2fHhVh,The Yellow Shark,6ra4GIOgCZQZMOaUECftGN,Album,1993-11-02,"Intro (01:43)/Dog Breath Variations (02:07)/Uncle Meat (03:24)/Outrage At Valdez (03:27)/Times Beach II (07:30)/III Revised (01:45)/The Girl In The Magnesium Dress (04:33)/Be-Bop Tango (03:43)/Ruth Is Sleeping (05:56)/None Of The Above (02:16)/Pentagon Afternoon (02:27)/Questi Cazzi Di Piccione (03:02)/Times Beach III (04:25)/Food Gathering In Post-Industrial America, 1992 (02:47)/Welcome To The United States (06:42)/Pound For A Brown (02:12)/Exercise #4 (01:36)/Get Whitey (07:00)/G-Spot Tornado (05:17",https://i.scdn.co/image/ab67616d00001e02936abe708e3921389e7e8ec0
6GFPi1qjT1aZGiIZho28z7,Jazz From Hell,6ra4GIOgCZQZMOaUECftGN,Album,1986-11,Night School (04:50)/The Beltway Bandits (03:26)/While You Were Art II (07:17)/Jazz From Hell (03:00)/G-Spot Tornado (03:17)/Damp Ankles (03:45)/St. Etienne (06:26)/Massaggio Galore (02:35,https://i.scdn.co/image/ab67616d00001e025638a057dc412d04798a8755
2KjQDjHb6EeDmAscOhlaTp,Un Amico,1MD5pgVzlusqGyuSTcTxvu,Album,2014-11-18,Rain Birth (01:46)/Appena Un Po' (07:04)/Mr.9 Till 5 (Generale) (04:51)/Per Un Amico (06:25)/Il Banchetto (05:21)/Geranio (07:17,https://i.scdn.co/image/ab67616d00001e0276ce5ec8506c8ee344d8ddf4
2WTDHjiVNCHY3ju9kmGNOY,The Name of This Band Is Talking Heads (Expanded 2004 Remaster),2x9SpqnPi8rlE9pjHBwmSC,Album,1982-03-24,"New Feeling - Live at WCOZ, Massachusetts; 2004 Remaster (03:09)/A Clean Break (Let's Work) - Live at WCOZ, Massachusetts; 2004 Remaster (05:05)/Don't Worry About the Government - Live at WCOZ, Massachusetts; 2004 Remaster (03:03)/Pulled Up - Live at WCOZ, Massachusetts; 2004 Remaster (04:04)/Psycho Killer - Live at WCOZ, Massachusetts); 2004 Remaster (05:31)/Who Is It? - Live at WCOZ, Massachusetts (01:44)/The Book I Read - Live at WCOZ, Massachusetts (04:22)/The Big Country - Live at WXRT, Chicago (05:09)/I'm Not in Love - Live at KSAN, San Francisco (04:57)/The Girls Want to Be with the Girls - Live at The Agora, Cleveland, Ohio (03:44)/Electricity (Drugs) - Live at The Agora, Cleveland, Ohio; 2004 Remaster (03:28)/Found a Job - Live at The Agora, Cleveland, Ohio; 2004 Remaster (05:35)/Mind - Live at WBCN, Massachusetts (04:55)/Artists Only - Live at Capitol Theater, New Jersey; 2004 Remaster (03:49)/Stay Hungry - Live at Sun Plaza Tokyo (04:05)/Air - Live at Capitol Theater New Jersey; 2004 Remaster (04:01)/Love → Building on Fire - Live at Capitol Theater, New Jersey; 2004 Remaster (03:46)/Memories (Can't Wait) - Live at Capitol Theater, New Jersey; 2004 Remaster (03:44)/Heaven - Live at Emerald City, New Jersey (04:31)/Psycho Killer - Live at Sun Plaza Tokyo (05:33)/Warning Sign - Live at Sun Plaza Tokyo (05:39)/Stay Hungry - Live at Capitol Theater, New Jersey (03:56)/Cities - Live at Emerald City, New Jersey; 2004 Remaster (05:00)/I Zimbra - Live at Emerald City, New Jersey; 2004 Remaster (03:30)/Drugs - Live at Emerald City, New Jersey; 2004 Remaster (04:41)/Once in a Lifetime - Live at Sun Plaza Tokyo (05:57)/Animals - Live at Sun Plaza Tokyo (04:05)/Houses in Motion - Live at Emerald City, New Jersey; 2004 Remaster (06:54)/Born Under Punches (The Heat Goes On) - Live at Sun Plaza Tokyo (08:24)/Crosseyed and Painless - Live at Emerald City, New Jersey; 2004 Remaster (05:58)/Life During Wartime - Live at Central Park; 2004 Remaster (04:54)/Take Me to the River - Live at Central Park; 2004 Remaster (06:33)/The Great Curve - Live at Central Park; 2004 Remaster (06:42",https://i.scdn.co/image/ab67616d00001e029960508d99ed0825d33e9ea8
3rPC5Y8e9S6dGGkWvRYPRD,TOTAL,0yNLKJebCb8Aueb54LYya3,Compilation,2011-06-03,"Transmission (03:38)/Love Will Tear Us Apart (03:26)/Isolation (02:54)/She's Lost Control (04:46)/Atmosphere (04:11)/Ceremony - 2011 Total Version (04:37)/Temptation (05:24)/Blue Monday - 2011 Total Version (07:29)/Thieves like Us - 2011 Total Version (03:56)/The Perfect Kiss - 2011 Total Version (04:26)/Bizarre Love Triangle - 2011 Total Version; Shep Pettibone 7"" Remix (03:46)/True Faith - 2011 Total Version (04:12)/Fine Time - 2011 Total Version (03:10)/World in Motion - 2011 Total Version (04:32)/Regret - 2011 Total Version (04:10)/Crystal - 2011 Total Version (04:20)/Krafty - 2011 Total Version (03:47)/Hellbent - 2011 Total Version (04:29",https://i.scdn.co/image/ab67616d00001e027b2ed55c469487b2be37cac0
3rPC5Y8e9S6dGGkWvRYPRD,TOTAL,432R46LaYsJZV2Gmc4jUV5,Compilation,2011-06-03,"Transmission (03:38)/Love Will Tear Us Apart (03:26)/Isolation (02:54)/She's Lost Control (04:46)/Atmosphere (04:11)/Ceremony - 2011 Total Version (04:37)/Temptation (05:24)/Blue Monday - 2011 Total Version (07:29)/Thieves like Us - 2011 Total Version (03:56)/The Perfect Kiss - 2011 Total Version (04:26)/Bizarre Love Triangle - 2011 Total Version; Shep Pettibone 7"" Remix (03:46)/True Faith - 2011 Total Version (04:12)/Fine Time - 2011 Total Version (03:10)/World in Motion - 2011 Total Version (04:32)/Regret - 2011 Total Version (04:10)/Crystal - 2011 Total Version (04:20)/Krafty - 2011 Total Version (03:47)/Hellbent - 2011 Total Version (04:29",https://i.scdn.co/image/ab67616d00001e027b2ed55c469487b2be37cac0
2fDm6GpssR8S6uQnDE4MKM,English Settlement,2qT62DYO8Ajb276vUJmvhz,Album,1982-02-12,Runaways - 2001 Remaster (04:34)/Ball And Chain - 2001 Remaster (04:32)/Senses Working Overtime - Remastered 2001 (04:50)/Jason And The Argonauts - 2001 Remaster (06:07)/No Thugs In Our House - 2001 Remaster (05:09)/Yacht Dance - 2001 Remaster (03:56)/All Of A Sudden (It's Too Late) - 2001 Remaster (05:21)/Melt The Guns - 2001 Remaster (06:34)/Leisure - 2001 Remaster (05:02)/It's Nearly Africa - 2001 Remaster (03:55)/Knuckle Down - 2001 Remaster (04:28)/Fly On The Wall - 2001 Remaster (03:19)/Down In The Cockpit - 2001 Remaster (05:27)/English Roundabout - 2001 Remaster (03:59)/Snowman - 2001 Remaster (05:03,https://i.scdn.co/image/ab67616d00001e02eaa71fe9c71d643584107f0f
4OLsnJQPTX0S6lODXw1MqC,Fear of Music,2x9SpqnPi8rlE9pjHBwmSC,Album,1979-08-03,I Zimbra (03:08)/Mind (04:12)/Paper (02:39)/Cities (04:10)/Life During Wartime (03:41)/Memories Can't Wait (03:30)/Air (03:34)/Heaven (04:00)/Animals (03:30)/Electric Guitar (03:02)/Drugs (05:09,https://i.scdn.co/image/ab67616d00001e02874328096de13649dd64c790
39jsLMRmrTpfdq2vE4TCUe,More Songs About Buildings and Food,2x9SpqnPi8rlE9pjHBwmSC,Album,1978-07-14,Thank You for Sending Me an Angel (02:11)/With Our Love (03:31)/The Good Thing (03:03)/Warning Sign (03:54)/The Girl Wants to Be with the Girls (02:38)/Found a Job (04:59)/Artists Only (03:35)/I'm Not in Love (04:35)/Stay Hungry (02:40)/Take Me to the River (05:02)/The Big Country (05:30,https://i.scdn.co/image/ab67616d00001e0291237668384c4d646b30c05c
28X6zmcFUzFrR6dqh7N4Or,Original Remixes & Rarities,1aX2dmV8XoHYCOQRxjPESG,Compilation,2005-01-01,Being Boiled (04:18)/The Sound Of The Crowd (06:30)/Hard Times / Love Action (04:55)/Non-Stop (04:18)/Don't You Want Me - Special Extended Dance Mix (07:29)/Mirror Man - Extended Version (04:22)/You Remind Me Of Gold (03:38)/(Keep Feeling) Fascination (06:10)/Total Panic (03:29)/The Lebanon - 12'' Extended (05:53)/Life On Your Own - Extended (05:47)/Together In Electric Dreams - Extended/2003 Digital Remaster (06:23)/Human - Extended Version (05:05)/Heart Like A Wheel - Extended Mix (06:51,https://i.scdn.co/image/ab67616d00001e02ebf809d6ac281415b7e9585a
48SZZN11hILDNJ6qPdGUot,All The Best,1aX2dmV8XoHYCOQRxjPESG,Compilation,2012-01-01,Don't You Want Me (03:56)/Love Action (I Believe In Love) - Edit (03:50)/Mirror Man - Remastered 2012 (03:49)/I'm Coming Back (04:08)/Life Kills - 2003 Remaster (03:04)/Louise - Remastered (04:54)/Kiss The Future (04:13)/The Things That Dreams Are Made Of - 2012 Remaster (04:13)/Darkness - 2012 Remaster (03:57)/Open Your Heart - 2012 Remaster (03:54)/Money (03:52)/The Sign (03:46)/(Keep Feeling) Fascination - Remastered (03:43)/Marianne - 2003 Mix (03:15)/The Sound Of The Crowd - 2012 Remaster (03:55)/Human - Remastered 2003 (03:46)/Rock Me Again And Again And Again And Again And Again And Again (03:30)/The Touchables - 2003 Remaster (03:18)/You Remind Me Of Gold - 2012 Remaster (03:35)/The Real Thing (04:17)/The Lebanon - Remastered 2003 (03:42)/Get It Right This Time (04:12)/I Love You Too Much - 2012 Remaster (03:18)/Life On Your Own - Remastered 2003 (04:04)/Being Boiled - Fast Version / 2003 Digital Remaster (03:50)/I Don't Depend On You - 2003 Mix (04:32)/Seconds - Instrumental / Remix / 2002 Remaster (02:25)/Empire State Human - Remastered 2003 (03:12)/Don't You Know I Want You (03:07)/Together In Electric Dreams - Remastered 2003 (03:51)/Love Is All That Matters - Edit (04:05)/So Hurt (03:51)/Soundtrack To A Generation - Edit (03:59)/Heart Like A Wheel - Remastered 2003 (04:27)/I Need Your Loving (03:44)/I Am The Law - 2012 Remaster (04:08)/Love On The Run (03:52)/Do Or Die - 2012 Remaster (05:22)/Blind Youth - 2003 Remaster (03:16)/Only After Dark - 2003 Remaster (03:45,https://i.scdn.co/image/ab67616d00001e02b3b89f4ef546aa349b458cf5
78KHtR3cIS1akiOcg2POtr,Last Summer Dance - Live,4lianjyuR1tqf6oUX8kjrZ,Album,2003-10-24,Shackleton - Live 2003 (03:46)/Atlantide - Live 2003 (03:10)/Strani Giorni - Live 2003 (03:44)/Shock In My Town - Live 2003 (03:56)/Impressioni Di Settembre - Live 2003 (03:28)/L'Oceano di Silenzio - Live 2003 (03:59)/Delenda Carthago - Live 2003 (03:19)/E ti vengo a cercare - Live 2003 (03:46)/E' Stato Molto Bello - Live 2003 (03:32)/Il Mantello e La Spiga - Live 2003 (03:57)/Caffè De La Paix - Live 2003 (03:40)/La cura - Live 2003 (04:07)/Accetta il consiglio - Live 2003 (03:37)/L'incantesimo - Live 2003 (03:32)/Auto da Fé - Live 2003 (03:52)/Mesopotamia - Live 2003 (04:21)/Lode All'Inviolato - Live 2003 (03:10)/Magic Shop - Live 2003 (02:38)/Stranizza D'Amuri - Live 2003 (02:13)/La stagione dell'amore - Live 2003 (02:50)/Povera Patria - Live 2003 (03:46)/Medley Last Summer Dance - Live 2003 (08:23)/L'animale - Live 2003 (02:54)/L'era del cinghiale bianco - Live 2003 (03:02)/Cuccuruccuccu - Live 2003 (04:11)/Centro di gravità permanente - Live 2003 (04:19,https://i.scdn.co/image/ab67616d00001e025282eca272437207ee801258
57fbjGPdv6Ey7RkzOJQ46y,"Unprotected (Live at Lugo di Romagna, Padova, Genova 1994)",4lianjyuR1tqf6oUX8kjrZ,Album,1994-07-23,"Il Re Del Mondo - Live From The Arena Romana, Italy / 1994 (03:28)/La Stagione Dell' Amore - Live From The Arena Romana, Italy / 1994 (03:37)/Prospettiva Nevski - Live From The Arena Romana, Italy / 1994 (03:14)/I Treni Di Tozeur - Live From Pavaglione Estate, Italy / 1994 (03:13)/Strade Dell'Est - Live From Lugo Di Romagna, Italy / 1994 (02:34)/E Ti Vengo A Cercare - Live From Lugo Di Romagna, Italy / 1994 (03:56)/Mal D'Africa - Live From Teatro Dell'Archivolto, Genova / Italy, 1994 (02:59)/Secondo Imbrunire - Live From Teatro Dell'Archivolto, Genova / Italy, 1994 (02:52)/Lode All'Inviolato - Live From Teatro Dell'Archivolto, Genova / Italy, 1994 (03:14)/L'Ombra Della Luce - Live From Teatro Dell'Archivolto, Genova / Italy, 1994 (04:01)/L'Animale - Live From Teatro Dell'Archivolto, Genova / Italy , 1994 (03:05)/Stranizza D'Amuri - Live From Lugo Di Romagna, Italy / 1994 (02:24)/L'Era Del Cinghiale Bianco - Live From Teatro Dell'Archivolto, Genova / Italy, 1994 (03:27",https://i.scdn.co/image/ab67616d00001e02e32969e65a23c141cfefddbf
6AUIAGxee5KOCQeiZSZDrg,Fleurs (Remastered 2019),4lianjyuR1tqf6oUX8kjrZ,Album,1999,"La Canzone Dell'Amore Perduto - Remastered 2019 (03:25)/Ruby Tuesday - Remastered 2019 (03:36)/J'entends siffler le train - Remastered 2019 (03:09)/Aria Di Neve - Remastered 2019 (02:52)/Ed Io Tra Di Voi - Remastered 2019 (02:54)/Te Lo Leggo Negli Occhi - Remastered 2019 (03:04)/La Canzone Dei Vecchi Amanti - Remastered 2019 (03:25)/Era De Maggio - Remastered 2019 (03:26)/Che Cosa Resta - Remastered 2019 (03:27)/Amore Che Vieni, Amore Che Vai - Remastered 2019 (02:27)/Medievale - Remastered 2019 (02:37)/Invito Al Viaggio - Remastered 2019 (07:06",https://i.scdn.co/image/ab67616d00001e02b55425946e6204f7dc859b96
5W1KoMpZ8gCbnVxbQP13OW,Ábrete Sésamo,4lianjyuR1tqf6oUX8kjrZ,Album,2013-01-01,Un Irresistible Reclamo (03:34)/Mi Testamento (03:35)/Cuando Era Joven (03:44)/Estabas Conmigo (03:59)/Pasacalle (03:24)/El Polvo Del Rebaño (03:59)/Pliégate Junco (03:20)/Tráeme La Luz (03:43)/La Serpiente (03:36)/Ábrete Sésamo (03:34,https://i.scdn.co/image/ab67616d00001e02517651f08e8681f3a181195a
4m6VPHNL1niVyCbdDU3f80,Fly From Here - Complete Return Trip,7AC976RDJzL2asmZuz7qil,Album,2026-01-30,"Fly from Here: Overture (01:52)/Fly from Here, Pt. I: We Can Fly (05:04)/Fly from Here, Pt. II: Sad Night at the Airfield (05:25)/Fly from Here, Pt. III: Madman at the Screens (04:35)/Fly from Here, Pt. IV: Bumpy Ride (02:16)/Fly from Here, Pt. V: We Can Fly Reprise (02:18)/The Man You Always Wanted Me to Be (05:24)/Life on a Film Set (05:06)/Hour of Need (06:46)/Solitaire (03:30)/Don't Take No for an Answer (04:22)/Into the Storm (06:54)/Overture - Instrumental (01:52)/Pt. I: We Can Fly - Instrumental (05:04)/Pt. II: Sad Night At The Airfield - Instrumental (05:25)/Pt. III: Madman At The Screens - Instrumental (04:35)/Pt. IV: Bump Ride - Instrumental (02:16)/Pt. V: We Can Fly (Reprise) - Instrumental (02:18)/The Man You Always Wanted Me To Be - Instrumental (05:24)/Life On A Film Set - Instrumental (05:06)/Hour Of Need - Instrumental (06:46)/Solitaire - Instrumental (03:30)/Don't Take No For An Answer - Instrumental (04:22)/Into The Storm - Instrumental (06:54",https://i.scdn.co/image/ab67616d00001e02f63fa1c458f4119d0ed1ec7b
4irlewoGTUPndEinKcavLF,Godbluff,02frazNrWgZCxUEf4UTfHt,Album,1975,"The Undercover Man - 2005 Digital Remaster (07:32)/Scorched Earth - 2005 Digital Remaster (09:43)/Arrow - 2005 Digital Remaster (09:47)/The Sleepwalkers - 2005 Digital Remaster (10:41)/Forsaken Garden's - Live, 2005 Digital Remaster (07:58)/A Louse Is Not A Home - Live, 2005 Digital Remaster (12:47",https://i.scdn.co/image/ab67616d00001e024327d90040184b2462dced76
7busGzeS9qxPpqYI9BgHAK,Fish Out of Water,7G3uxJYCXXvkJJMORkc1rk,Album,1975-01-01,Hold Out Your Hand (04:13)/You By My Side (05:00)/Silently Falling (11:27)/Lucky Seven (06:54)/Safe (Canon Song) (15:13,https://i.scdn.co/image/ab67616d00001e024c10d9e9f4ddb306d70aa273
2U4JHXMiBxsKH4dnYEQg2g,Going for the One (Deluxe Edition),7AC976RDJzL2asmZuz7qil,Album,1977,Going for the One - 2003 Remaster (05:31)/Turn of the Century - 2003 Remaster (07:55)/Parallels - 2003 Remaster (05:53)/Wonderous Stories - 2003 Remaster (03:49)/Awaken - 2003 Remaster (15:31)/Montreux's Theme - 2003 Remaster (02:33)/Vevey (Revisited) - 2003 Remaster (04:42)/Amazing Grace - 2003 Remaster (02:31)/Going for the One - Rehearsal (05:07)/Parallels - Rehearsal (06:17)/Turn of the Century - Rehearsal (06:54)/Eastern Numbers - Early Version of Awaken (12:16,https://i.scdn.co/image/ab67616d00001e02fff6321a79c0ba5e4e7f5125
3UuS2eUXelR9MsI3gvEW9w,One Size Fits All,6ra4GIOgCZQZMOaUECftGN,Album,1975-06-25,"Inca Roads (08:45)/Can't Afford No Shoes (02:38)/Sofa No. 1 (02:38)/Po-Jama People (07:41)/Florentine Pogen (05:25)/Evelyn, A Modified Dog (01:04)/San Ber'dino (05:56)/Andy (06:02)/Sofa No. 2 (02:43",https://i.scdn.co/image/ab67616d00001e0224f44b70049a9025cac777e5
6ELt0QaMOwPGPzfdEXE839,Larks' Tongues In Aspic (Expanded & Remastered Original Album Mix),7M1FPw29m5FbicYzS2xdpi,Album,1973-03-23,Larks' Tongues In Aspic (Part I) (13:35)/Book Of Saturday (02:55)/Exiles (07:41)/Easy Money (07:54)/The Talking Drum (07:24)/Larks' Tongues In Aspic (Part II) (07:19)/Recording Session Extract (Part 1) [Bonus Track] (10:35)/Recording Session Extract (Part 2) [Bonus Track] (10:25,https://i.scdn.co/image/ab67616d00001e02aa9e5286056e17ff3d9b2881
1eaXejTN5Xy1AYQ9ry5Wpq,Anthology - A Very British Synthesizer Group (Deluxe),1aX2dmV8XoHYCOQRxjPESG,Compilation,2016-10-28,Being Boiled (03:50)/The Dignity Of Labour (Part 3) (03:51)/Empire State Human (03:13)/Only After Dark (03:47)/Nightclubbing (02:58)/Boys And Girls - 2003 Mix (03:13)/The Sound Of The Crowd - Instrumental (04:12)/Hard Times (04:54)/Love Action (I Believe In Love) - Edit (03:52)/Open Your Heart (03:57)/Don't You Want Me (03:58)/Mirror Man (03:50)/You Remind Me Of Gold (03:36)/(Keep Feeling) Fascination - Extended Version (04:59)/The Lebanon - 7'' Version (03:44)/Louise (04:07)/Life On Your Own - Single Version (04:12)/Human - Extended Version (05:06)/I Need Your Loving - DJ Edit (02:53)/Love Is All That Matters - DJ Edit (02:59)/Heart Like A Wheel - William Orbit Remix (04:52)/Soundtrack To A Generation - Edit (04:03)/Tell Me When - Edit / Remastered 2003 (04:09)/One Man In My Heart (04:05)/Filling Up With Heaven (04:20)/Stay With Me Tonight (04:02)/All I Ever Wanted - Radio Edit (03:32)/Night People - Radio Edit / 2016 Edit (03:02)/Never Let Me Go (04:56)/Sky - Radio Edit (03:12,https://i.scdn.co/image/ab67616d00001e020593eebff7a1a02d6b6a1228
09H76Y3uRhgJSu7u5f3e6f,Ultravox!,3iUjRVvYCsMfz7tuAQtBDI,Compilation,1977,"Saturday Night In The City Of The Dead (02:35)/Life At Rainbow's End (For All The Tax Exiles On Main Street) (03:44)/Slip Away (04:19)/I Want To Be A Machine (07:21)/Wide Boys (03:16)/Dangerous Rhythm (04:17)/The Lonely Hunter (03:42)/The Wild, The Beautiful & The Damned (05:48)/My Sex (03:02)/Slip Away - Live At The Rainbow Theatre, London, UK / 1977 (04:12)/Modern Love - Live At The Rainbow Theatre, London, UK / 1977 (02:31)/The Wild, The Beautiful & The Damned - Live At The Rainbow Theatre, London, UK / 1977 (05:18)/My Sex - Live (03:05",https://i.scdn.co/image/ab67616d00001e02ba76184490ab1ed201600264
7yLY5o9dhdTw1FsXJWRzNu,Lone Rhino,67ACRXvvMXGf3zGJMefM63,Album,1982-01-01,Big Electric Cat (04:53)/The Momur (03:45)/Stop It (02:46)/The Man In The Moon (03:46)/Naive Guitar (04:05)/Hot Sun (01:30)/The Lone Rhinoceros (03:58)/Swingline (03:26)/Adidas In Heat (02:44)/Animal Grace (03:59)/The Final Rhino (01:26,https://i.scdn.co/image/ab67616d00001e026ed45180795dbb531e6a7a78
3rWr9v5saPs29Pvu05extl,Memento Mori: Mexico City,762310PdDnwsDxAQxzQkfX,Album,2025-12-05,Intro - Live in Mexico City (02:17)/My Cosmos Is Mine - Live in Mexico City (04:59)/Wagging Tongue - Live in Mexico City (03:30)/Walking In My Shoes - Live in Mexico City (06:49)/It's No Good - Live in Mexico City (04:58)/Sister Of Night - Live in Mexico City (05:41)/In Your Room - Live in Mexico City (05:08)/Everything Counts - Live in Mexico City (06:49)/Precious - Live in Mexico City (05:00)/Speak To Me - Live in Mexico City (04:43)/Home - Live in Mexico City (05:56)/Soul With Me - Live in Mexico City (05:02)/Ghosts Again - Live in Mexico City (04:04)/I Feel You - Live in Mexico City (04:56)/A Pain That I'm Used To - Live in Mexico City (04:25)/World In My Eyes - Live in Mexico City (05:15)/Wrong - Live in Mexico City (04:07)/Stripped - Live in Mexico City (05:04)/John the Revelator - Live in Mexico City (03:48)/Enjoy The Silence - Live in Mexico City (07:44)/Waiting for the Night - Live in Mexico City (05:37)/Just Can't Get Enough - Live in Mexico City (06:17)/Never Let Me Down Again - Live in Mexico City (06:17)/Personal Jesus - Live in Mexico City (06:57)/Survive - from the Memento Mori Sessions (04:18)/Life 2.0 - from the Memento Mori Sessions (03:41)/Give Yourself To Me - from the Memento Mori Sessions (03:44)/In The End - from the Memento Mori Sessions (03:23,https://i.scdn.co/image/ab67616d00001e024fc9c4260743cbcf413e68fa
0c2eDi1S58XzaqxwOC1FMZ,"Violator | The 12"" Singles",762310PdDnwsDxAQxzQkfX,Single,2022-04-01,Personal Jesus - Holier Than Thou Approach (05:49)/Dangerous - Sensual Mix (05:25)/Personal Jesus - Acoustic (03:26)/Personal Jesus - Pump Mix (07:48)/Personal Jesus - Telephone Stomp Mix (05:34)/Dangerous - Hazchemix (05:38)/Enjoy the Silence (04:17)/Enjoy the Silence - Hands and Feet Mix (06:48)/Enjoy the Silence - Ecstatic Dub (05:49)/Sibeling (03:18)/Enjoy the Silence - Bass Line (07:41)/Enjoy the Silence - Harmonium (02:41)/Enjoy the Silence - Ricki Tik Tik Mix (05:33)/Memphisto (04:09)/Enjoy the Silence - The Quad: Final Mix (15:36)/Policy of Truth - Beat Box (06:32)/Policy of Truth - Capitol Mix (08:03)/Kaleid - When Worlds Mix (05:25)/Policy of Truth - Trancentral Mix (05:56)/Kaleid - Remix (04:37)/Policy of Truth - Pavlov's Dub (06:03)/World In My Eyes - Oil Tank Mix - Edit (07:31)/Happiest Girl - Kiss-A-Mix (06:16)/Sea of Sin - Sensoria (06:06)/World In My Eyes - Dub In My Eyes (06:57)/World In My Eyes - Mode to Joy (06:34)/Happiest Girl - The Pulsating Orbital Mix (06:27)/World In My Eyes - Mayhem Mode (04:58)/Happiest Girl - The Pulsating Orbital Vocal Mix (08:00,https://i.scdn.co/image/ab67616d00001e02972ac79d249efed1c7b2c8c1
6Emuji4zhaeR5DQEcAQSxY,Telesio,4lianjyuR1tqf6oUX8kjrZ,Album,2011-11-21,Prologo (02:26)/Inizio (01:48)/Ouverture (01:21)/Il sogno (03:00)/Elettronica arcobaleni (01:24)/Duplice intelletto (00:57)/Le stimmate (04:47)/Fine del sistema solare (02:15)/Corale (02:57)/Danza I (06:34)/Prologo secondo atto (01:16)/Abiuras (01:39)/Il freddo e il caldo (03:25)/Benedictus (02:24)/Un amore romano (03:41)/L'esistenza di Dio (02:05)/Scampanio (02:45)/Attende Domine (03:02)/Danza II (04:57)/Devota precisazione (00:18)/Coro (01:28,https://i.scdn.co/image/ab67616d00001e028027774e0be36b6b3a84ea00
6Ws5YQCEOfwmpTK01EALgv,L'Imboscata,4lianjyuR1tqf6oUX8kjrZ,Album,1996-01-01,Di Passaggio (03:38)/Strani Giorni (03:59)/La Cura (04:03)/...Ein Tag Aus Dem Leben Des Kleinen Johannes (03:48)/Amata Solitudine (04:05)/Splendide Previsioni (03:53)/Ecco Com'e Che Va Il Mondo (04:23)/Segunda - Feira (04:00)/Memoria Di Giulia (03:17)/Serial Killer (04:09,https://i.scdn.co/image/ab67616d00001e02d75b1d231a3f464eaa09071f
1HTpAHdE8esLx5trzLOaxQ,Una Vita Scellerata: Musiche Per Il Film,4lianjyuR1tqf6oUX8kjrZ,Album,1990-01-01,Titoli (03:44)/Primo Incontro (01:15)/Secondo Incontro (00:37)/Pal (00:57)/Borgo (01:09)/Scena D'Amore Studio (01:26)/La Figlia (03:02)/Incubo (01:28)/Isteria (02:03)/Lanzichenecchi (02:07)/Sparo (03:13)/Stallo (00:59)/Saccheggio (01:33)/Crocifissione (01:25)/Uccisione Fratello (03:04)/Bozzetto (01:21)/Lotta Nel Cortile (00:36)/Governatore Del Carcere (02:05)/Fuga Scale (01:10)/Fuga Corda (01:02)/Prigione Pozzo (01:11)/Graffiti Cristo (01:30)/Liberazione (00:46)/Cavalcata Bosco (01:32)/Apparizione Caterina (02:06)/Di Notte (00:57)/Strada Firenze (01:21)/Perseo (01:22)/Fusione (01:49,https://i.scdn.co/image/ab67616d00001e02d84927463b4996ddcecf6ba8
4v4CPvh7qDax72R4u2TXFc,Correnti Gravitazionali,4lianjyuR1tqf6oUX8kjrZ,Album,2022-02-04,Summer On A Solitary Beach (04:54)/Bandiera Bianca (04:42)/L'Era Del Cinghiale Bianco (03:20)/Up Patriots To Arms (04:22)/La Stagione Dell'Amore (03:43)/Centro Di Gravità Permanente (03:52)/Cuccurucucù (04:11)/Gli Uccelli (04:05)/Voglio Vederti Danzare (03:28)/La Cura (04:03)/Prospettiva Nevski (03:34)/Alexander Platz - Live (03:20)/L'Animale (02:55)/Povera Patria (03:43)/Ruby Tuesday (03:36)/Stranizza D'Amuri (03:28)/E Ti Vengo A Cercare (03:51)/No Time No Space (03:23)/Sentimiento Nuevo (04:09)/Shock In My Town (04:22)/La Canzone Dell'Amore Perduto (03:25)/Te Lo Leggo Negli Occhi (03:05)/La Canzone Dei Vecchi Amanti (03:25)/Inneres Auge (03:41)/Di Passaggio (03:38)/Strani Giorni (03:59,https://i.scdn.co/image/ab67616d00001e02e0660f60fb28b9f5ce51d169
2s4Imr2HMS9Dk5Jp5AooTu,I Dreamed of Electric Sheep,1MD5pgVzlusqGyuSTcTxvu,Album,2021-10-22,Worlds Beyond - English version (03:17)/Adrenaline Oasis - English version (04:55)/Let Go - English version (04:06)/City Life - English version (05:01)/If I Had Wings - English version (04:23)/Electric Sheep - English version (04:09)/Daily Heroes - English version (03:48)/Kindred Souls - English version (06:19)/Transhumance - English version (01:05)/Transhumance Jam - English version (03:39)/Mondi Paralleli - Italian version (03:17)/Umani Alieni - Italian version (04:55)/Ombre Amiche - Italian version (04:07)/La Grande Corsa - Italian version (05:01)/AtmoSpace - Italian version (04:23)/Pecore Elettriche - Italian version (04:09)/Mr. Non Lo So - Italian version (03:48)/Il Respiro del Tempo - Italian version (06:19)/Transumanza - Italian version (01:05)/Transumanza Jam - Italian version (03:39,https://i.scdn.co/image/ab67616d00001e02671bf5c5700fb911716230ec
3xGbStrCsniIAMHDk88aoH,"Roosevelt Stadium, Jersey City, NJ, 17 June 1976 (Live)",7AC976RDJzL2asmZuz7qil,Album,2026-07-17,"Apocalypse - Live at Roosevelt Stadium, Jersey City, NJ, 6/17/1976 (01:16)/Siberian Khatru - Live at Roosevelt Stadium, Jersey City, NJ, 6/17/1976 (09:14)/Sound Chaser - Live at Roosevelt Stadium, Jersey City, NJ, 6/17/1976 (11:03)/The Gates of Delirium - Live at Roosevelt Stadium, Jersey City, NJ, 6/17/1976 (22:11)/I've Seen All Good People - Live at Roosevelt Stadium, Jersey City, NJ, 6/17/1976 (07:02)/Long Distance Runaround - Live at Roosevelt Stadium, Jersey City, NJ, 6/17/1976 (02:02)/The Story of I (Excerpt) - Live at Roosevelt Stadium, Jersey City, NJ, 6/17/1976 (04:20)/Clap - Live at Roosevelt Stadium, Jersey City, NJ, 6/17/1976 (03:39)/Olias of Sunhillow (Excerpt) - Live at Roosevelt Stadium, Jersey City, NJ, 6/17/1976 (03:35)/Ritual - Live at Roosevelt Stadium, Jersey City, NJ, 6/17/1976 (26:06)/Heart of the Sunrise - Live at Roosevelt Stadium, Jersey City, NJ, 6/17/1976 (10:59)/Roundabout - Live at Roosevelt Stadium, Jersey City, NJ, 6/17/1976 (08:26)/I'm Down - Live at Roosevelt Stadium, Jersey City, NJ, 6/17/1976 (03:24",https://i.scdn.co/image/ab67616d00001e02cc2d7f7981b4373fb039aa0f
5fzq6dBmRtfrqpVNpuEbJB,The Yes Album (Super Deluxe Edition),7AC976RDJzL2asmZuz7qil,Album,1971-02-19,"Yours Is No Disgrace - 2023 Remaster (09:41)/Clap - 2023 Remaster (03:16)/Starship Trooper: Life Seeker / Disillusion / Würm - 2023 Remaster (09:33)/I've Seen All Good People: Your Move / All Good People - 2023 Remaster (06:56)/A Venture - 2023 Remaster (03:17)/Perpetual Change - 2023 Remaster (08:56)/Yours Is No Disgrace - Steven Wilson Remix (09:44)/Starship Trooper: Life Seeker / Disillusion / Würm - Steven Wilson Remix (09:33)/I've Seen All Good People: Your Move / All Good People - Steven Wilson Remix (07:00)/A Venture - Steven Wilson Remix (03:33)/Perpetual Change - Steven Wilson Remix (08:53)/Yours Is No Disgrace (Steven Wilson Remix) [Instrumental] (09:44)/Starship Trooper (Steven Wilson Remix) [Instrumental] (09:33)/I've Seen All Good People (Steven Wilson Remix) [Instrumental] (07:00)/A Venture (Steven Wilson Remix) [Instrumental] (03:33)/Perpetual Change (Steven Wilson Remix) [Instrumental] (08:53)/Your Move (Single Version) - 2023 Remaster (02:57)/Starship Trooper: Life Seeker (Single Version) - 2023 Remaster (03:26)/Clap (Studio Version) - 2023 Remaster (04:37)/A Venture (Extended Mix) - 2023 Remaster (04:44)/Yours Is No Disgrace (Mono Mix) - 2023 Remaster (09:37)/Clap (Mono Mix) - 2023 Remaster (03:13)/Starship Trooper: Life Seeker / Disillusion / Würm (Mono Mix) - 2023 Remaster (09:27)/I've Seen All Good People (Mono Mix) - 2023 Remaster (06:53)/A Venture (Mono Mix) - 2023 Remaster (03:19)/Perpetual Change (Mono Mix) - 2023 Remaster (08:51)/Starship Trooper: Life Seeker (Alternate Take) [Instrumental] - 2023 Remaster (03:23)/I've Seen All Good People: Your Move / All Good People (Early Take) - 2023 Remaster (03:51)/Yours Is No Disgrace - Alternate Mix (10:09)/I've Seen All Good People: Your Move / All Good People - Live at Konserthuset, Gothenburg, Sweden, 1/21/1971 (07:23)/Astral Traveller (Live at Konserthuset, Gothenburg, Sweden, 1/21/1971) (07:25)/Everydays (Live at Konserthuset, Gothenburg, Sweden, 1/21/1971) (11:08)/Yours Is No Disgrace (Live at The Yale Bowl, New Haven, CT, 7/24/1971) (10:55)/I've Seen All Good People: Your Move / All Good People (Live at The Yale Bowl, New Haven, CT, 7/24/1971) (08:10)/Clap/Classical Gas (Live at The Yale Bowl, New Haven, CT, 7/24/1971) (04:33)/Perpetual Change (Live at The Yale Bowl, New Haven, CT, 7/24/1971) (15:43",https://i.scdn.co/image/ab67616d00001e02a87828118f6c39a6e9257d3e
3UMZ86HUxicc6lMVv7bVzK,The Lebanon,1aX2dmV8XoHYCOQRxjPESG,Single,2023-08-04,The Lebanon - 7'' Version (03:44)/Thirteen (04:09)/The Lebanon - 12'' Extended (05:55)/The Lebanon - Instrumental (05:08,https://i.scdn.co/image/ab67616d00001e028f01fa1d90d45804dd79e20d
3XJ0aTzPJetIieldeVADht,Anthology - A Very British Synthesizer Group (Super Deluxe),1aX2dmV8XoHYCOQRxjPESG,Compilation,2016-11-18,"Being Boiled (03:50)/The Dignity Of Labour (Part 3) (03:51)/Empire State Human (03:13)/Only After Dark (03:47)/Nightclubbing (02:58)/Boys And Girls - 2003 Mix (03:13)/The Sound Of The Crowd - Instrumental (04:12)/Hard Times (04:54)/Love Action (I Believe In Love) - Edit (03:52)/Open Your Heart (03:57)/Don't You Want Me (03:58)/Mirror Man (03:50)/You Remind Me Of Gold (03:36)/(Keep Feeling) Fascination - Extended Version (04:59)/The Lebanon - 7'' Version (03:44)/Louise (04:07)/Life On Your Own - Single Version (04:12)/Human - Extended Version (05:06)/I Need Your Loving - DJ Edit (02:53)/Love Is All That Matters - DJ Edit (02:59)/Heart Like A Wheel - William Orbit Remix (04:52)/Soundtrack To A Generation - Edit (04:03)/Tell Me When - Edit / Remastered 2003 (04:09)/One Man In My Heart (04:05)/Filling Up With Heaven (04:20)/Stay With Me Tonight (04:02)/All I Ever Wanted - Radio Edit (03:32)/Night People - Radio Edit / 2016 Edit (03:02)/Never Let Me Go (04:56)/Sky - Radio Edit (03:12)/The Path Of Least Resistance - Early Version (03:23)/No Time - Early Version Of ""The Word Before Last"" (03:53)/Being Boiled - State Of The Art Mix (04:12)/Stylopops You Broke My Heart - Early Version Of ""Marianne"" (03:45)/I Am The Law - Early Version (04:16)/Darkness - Early Version (04:17)/Louise - Early Version (04:55)/The Real Thing - Early Version (04:00)/Love On The Run - Early Version (03:51)/A Doorway - Early Version (04:28)/FM - Early Version Of ""Soundtrack To A Generation"" (04:24)/Happening Woman - Early Version Of ""Filling Up With Heaven"" (03:25)/Give It Back - Early Version Of ""Houseful of Nothing"" (04:39)/New Start - Early Version Of ""All I Ever Wanted"" (04:06)/SH5 - Early Version Of ""Liar"" (05:41)/Biller 10 - Early Version Of ""Single Minded"" (03:51)/Jupiter 4c - Early Version Of ""Sky"" (05:57",https://i.scdn.co/image/ab67616d00001e02b1e87210e7eccbd75fdfc20f
7igf6n63YTkjloaIPCXstH,Sentieri Selvaggi Plays Franco Battiato,4lianjyuR1tqf6oUX8kjrZ,Album,2022-01-14,L'Egitto prima delle sabbie 1 (01:33)/L'Egitto prima delle sabbie 2 (01:22)/L'Egitto prima delle sabbie 3 (01:25)/L'Egitto prima delle sabbie 4 (01:33)/L'Egitto prima delle sabbie 5 (01:12)/L'Egitto prima delle sabbie 6 (01:08)/L'Egitto prima delle sabbie 7 (01:01)/L'Egitto prima delle sabbie 8 (01:12)/L'Egitto prima delle sabbie 9 (01:02)/L'Egitto prima delle sabbie 10 (02:42)/Sud Afternoon 1 (04:53)/Sud Afternoon 2 (01:40)/Sud Afternoon 3 (02:38)/Sud Afternoon 4 (02:54)/Sud Afternoon 5 (04:35)/Sud Afternoon 6 (01:31)/Sud Afternoon 7 (01:47,https://i.scdn.co/image/ab67616d00001e02f365eae784a7f4d6e4ab4d46
4l0xO28Y37MBBXQEcBIbXQ,Anthology 3,3WrFJ7ztbogyGnTHbHJFl2,Compilation,1996-10-28,"A Beginning (00:49)/Happiness Is A Warm Gun - Esher Demo With False Start (02:14)/Helter Skelter - Take 2 Edited (04:37)/Mean Mr. Mustard - Esher Demo (01:57)/Polythene Pam - Esher Demo (01:26)/Glass Onion - Esher Demo (01:51)/Junk - Esher Demo (02:24)/Piggies - Esher Demo (02:01)/Honey Pie - Esher Demo Edited (01:19)/Don't Pass Me By - Take 3 With Take 5 Vocal (02:42)/Ob-La-Di, Ob-La-Da - First Version - Take 5 (02:55)/Good Night - Rehearsal And Take 34 (02:38)/Cry Baby Cry - Take 1 (02:46)/Blackbird - Take 4 (02:18)/Sexy Sadie - Take 6 (04:06)/While My Guitar Gently Weeps - Acoustic Version - Take 1 (03:27)/Hey Jude - Take 2 (04:21)/Not Guilty - Take 102 Edited (03:22)/Mother Nature's Son - Take 2 (03:17)/Glass Onion - Mono Mix (02:08)/Rocky Raccoon - Take 8 (04:12)/What's The New Mary Jane - Take 4 (06:12)/Step Inside Love / Los Paranoias - Studio Jam (02:30)/I'm So Tired - Edit Of Takes 3, 6 And 9 (02:14)/I Will - Take 1 (01:55)/Why Don't We Do It In The Road? - Take 4 (02:15)/Julia - Take 2 (02:00)/I've Got A Feeling - Apple Studio (02:49)/She Came In Through The Bathroom Window - Apple Studio (03:36)/Dig A Pony - Apple Studio (04:18)/Two Of Us - Apple Studio (03:27)/For You Blue - Apple Studio (02:22)/Teddy Boy - Apple Studio (03:18)/Rip It Up / Shake, Rattle And Roll / Blue Suede Shoes - Medley - Apple Studio Jam (03:10)/The Long And Winding Road - Apple Studio (03:41)/Oh! Darling - Apple Studio (04:07)/All Things Must Pass - Demo (03:04)/Mailman, Bring Me No More Blues - Apple Studio Jam (01:56)/Get Back - Third Rooftop Performance (03:08)/Old Brown Shoe - Demo (03:02)/Octopus's Garden - Take 2 (02:49)/Maxwell's Silver Hammer - Take 5 (03:49)/Something - Demo (03:18)/Come Together - Take 1 (03:40)/Come And Get It - Demo - 1996 Remix (02:30)/Ain't She Sweet - Studio Jam (02:08)/Because - Vocals Mix (02:23)/Let It Be - Apple Studio (04:05)/I Me Mine - Take 16 (01:47)/The End - Remix With The Final Chord Of A Day In The Life (02:54",https://i.scdn.co/image/ab67616d00001e025c959691aa27e630477b6d92
3zA1d01hWRRchi5sGcb3VR,The Singles 81-85,762310PdDnwsDxAQxzQkfX,Compilation,1985-10-15,Dreaming of Me - Single Version (03:44)/New Life (03:44)/Just Can't Get Enough (03:41)/See You (03:56)/The Meaning of Love (03:05)/Leave In Silence - Single Version (04:00)/Get the Balance Right (03:13)/Everything Counts (03:57)/Love in Itself - Single Version (04:00)/People Are People (03:44)/Master and Servant (03:46)/Blasphemous Rumours - Single Version (05:09)/Somebody (04:21)/Shake the Disease (04:48)/It's Called a Heart (03:48)/Photographic - Some Bizzare Version (03:11)/Just Can't Get Enough - Schizo Mix (06:46,https://i.scdn.co/image/ab67616d00001e02493af742afdd887225efc1a6
32QIAykZFP3GI8Q5QqoNCD,Construction Time Again (Deluxe),762310PdDnwsDxAQxzQkfX,Album,1983-08-22,"Love, In Itself (04:29)/More Than a Party (04:45)/Pipeline (05:54)/Everything Counts (04:21)/Two Minute Warning (04:13)/Shame (03:51)/The Landscape Is Changing (04:48)/Told You So (04:27)/And Then... (04:39)/Everything Counts (Reprise) (00:59)/Get the Balance Right! (03:14)/The Great Outdoors! (05:03)/Work Hard (04:22)/Fools (04:15)/Get the Balance Right! - Combination Mix (07:58)/Everything Counts - In Larger Amounts (07:20)/Love In Itself.4 - The Lounge Version (04:39",https://i.scdn.co/image/ab67616d00001e028506825f0fb6abd2cd167fe1
3QWc9HhBWgk9dIEwOkJx4q,Memento Mori,762310PdDnwsDxAQxzQkfX,Album,2023-03-24,My Cosmos Is Mine (05:16)/Wagging Tongue (03:24)/Ghosts Again (03:58)/Don't Say You Love Me (03:48)/My Favourite Stranger (03:57)/Soul With Me (04:15)/Caroline's Monkey (04:16)/Before We Drown (04:05)/People Are Good (04:24)/Always You (04:18)/Never Let Me Go (04:03)/Speak To Me (04:35,https://i.scdn.co/image/ab67616d00001e026144972849ae37bd0d955140
2xEeSf4j9XsAAI15co5cNh,Black Celebration (Deluxe),762310PdDnwsDxAQxzQkfX,Album,1986-03-17,"Black Celebration (04:56)/Fly On the Windscreen (Final) (05:18)/A Question of Lust (04:23)/Sometimes (01:54)/It Doesn't Matter Two (02:51)/A Question of Time (04:09)/Stripped (04:17)/Here Is the House (04:16)/World Full of Nothing (02:48)/Dressed In Black (02:34)/New Dress (03:46)/Black Celebration - Live - Birmingham N.E.C - April 10, 1986 (06:06)/A Question of Time - Live - Birmingham N.E.C - April 10, 1986 (04:33)/Stripped - Live - Birmingham N.E.C - April 10, 1986 (06:30)/Shake the Disease (04:48)/Flexible (03:12)/It's Called a Heart (03:50)/Fly On the Windscreen (05:05)/But Not Tonight (04:17)/Breathing In Fumes (06:06)/Black Day (02:40)/Christmas Island (04:53",https://i.scdn.co/image/ab67616d00001e02878ae6fc96ee5954168838fc
0Zp2eVzR9FW6lKX05lRpcu,Speak and Spell (Deluxe),762310PdDnwsDxAQxzQkfX,Album,1981-11-02,New Life (03:44)/I Sometimes Wish I Was Dead (02:16)/Puppets (03:56)/Boys Say Go! (03:05)/Nodisco (04:12)/What's Your Name? (02:42)/Photographic (04:43)/Tora! Tora! Tora! (04:31)/Big Muff (04:21)/Any Second Now (Voices) (02:34)/Just Can't Get Enough (03:40)/Dreaming of Me (04:01)/Ice Machine (04:06)/Shout! (03:43)/Any Second Now (03:07)/Just Can't Get Enough - Schizo Mix (06:43,https://i.scdn.co/image/ab67616d00001e0288ffe8c41647856e6fa5e1ab
5wfikaEZXnQTXWBZ5osw9A,Some Great Reward (Deluxe),762310PdDnwsDxAQxzQkfX,Album,1984-09-24,Something to Do (03:47)/Lie to Me (05:03)/People Are People (03:51)/It Doesn't Matter (04:45)/Stories of Old (03:14)/Somebody (04:27)/Master and Servant (04:12)/If You Want (04:40)/Blasphemous Rumours (06:21)/If You Want - Live in Basel (05:11)/People Are People - Live in Basel (04:16)/Somebody - Live in Liverpool (04:30)/Blasphemous Rumours - Live in Basel (05:31)/Master and Servant - Live in Basel (05:33)/In Your Memory (04:04)/(Set Me Free) Remotivate Me (04:17)/Somebody - Remix (04:26,https://i.scdn.co/image/ab67616d00001e02b01f868ecc62e809af0dd63b
4PACSjpgl1unuvybxtiZqo,Construction Time Again,762310PdDnwsDxAQxzQkfX,Album,1983-08-22,Love In Itself (04:29)/More Than a Party (04:45)/Pipeline (05:54)/Everything Counts (04:21)/Two Minute Warning (04:13)/Shame (03:51)/The Landscape Is Changing (04:48)/Told You So (04:27)/And Then... (04:39)/Everything Counts - Reprise (00:59,https://i.scdn.co/image/ab67616d00001e023b8f4121060f7ffead9fdc52
1Ev1xHc1xIP1fWtqREdd2H,Octopus (Special Edition),1aX2dmV8XoHYCOQRxjPESG,Album,1995-01-23,"Tell Me When (04:51)/These Are the Days (05:46)/One Man in My Heart (04:05)/Words (05:54)/Filling up with Heaven (04:20)/Housefull of Nothing (04:31)/John Cleese, Is He Funny? (03:59)/Never Again (04:42)/Cruel Young Lover (06:57)/Tell Me When - Demo (06:23)/These Are the Days - Demo (03:53)/One Man in My Heart - Demo (04:23)/Words - Demo (04:46)/Filling up with Heaven - Demo (03:57)/Housefull of Nothing - Demo (04:38)/John Cleese, Is He Funny? - Demo (03:51)/Never Again - Demo (05:09)/Cruel Young Lover - Demo (05:11)/Tell Me When - 7'' Edit (04:45)/The Bus to Crookes (04:49)/Stay With Me Tonight - Single Version (04:00",https://i.scdn.co/image/ab67616d00001e0287c5c4b609f2a67ea4eb507c
