index,track_id,album_id,artist_id,track,artist,album_name,played_at,duration_ms,dt,dur_min,art_all_tracks,art_unique_tracks,art_unique_days,sum_dur_min,artist_score,day,top_day,streak
0,27onV0rdiub0KBY1MSWAoa,0fn2SPJjYECJG3BNvNOd9f,0yNLKJebCb8Aueb54LYya3,Face Up - 2022 Digital Master,New Order,Low-Life,2026-08-01T17:24:09,306973,2026-08-01,5.12,82,53,21,429.43,576.21,1,2026-08-03,6
1,1xLJz5IiV4rN5UgHIrlaoA,0fn2SPJjYECJG3BNvNOd9f,0yNLKJebCb8Aueb54LYya3,Sub-culture - 2022 Digital Master,New Order,Low-Life,2026-08-01T17:19:02,298000,2026-08-01,4.97,82,53,21,429.43,576.21,1,2026-08-03,6
2,0FXWgGykJZZ1ocPlywQcHR,0fn2SPJjYECJG3BNvNOd9f,0yNLKJebCb8Aueb54LYya3,Sooner Than You Think - 2022 Digital Master,New Order,Low-Life,2026-08-01T17:14:04,311906,2026-08-01,5.2,82,53,21,429.43,576.21,1,2026-08-03,6
3,3cCADm6tkppHoPpitoes6o,0fn2SPJjYECJG3BNvNOd9f,0yNLKJebCb8Aueb54LYya3,Elegia - 2022 Digital Master,New Order,Low-Life,2026-08-01T17:08:52,296040,2026-08-01,4.93,82,53,21,429.43,576.21,1,2026-08-03,6
4,6G7VdH8lLQAGI6HOO5sR7x,0fn2SPJjYECJG3BNvNOd9f,0yNLKJebCb8Aueb54LYya3,Sunrise - 2022 Digital Master,New Order,Low-Life,2026-08-01T17:03:56,360853,2026-08-01,6.01,82,53,21,429.43,576.21,1,2026-08-03,6
5,3IwISSOvWXtsLrxus7Evjr,0fn2SPJjYECJG3BNvNOd9f,0yNLKJebCb8Aueb54LYya3,This Time of Night - 2022 Digital Master,New Order,Low-Life,2026-08-01T16:57:55,284973,2026-08-01,4.75,82,53,21,429.43,576.21,1,2026-08-03,6
6,265mb9od3km5tI78X3WrUn,0fn2SPJjYECJG3BNvNOd9f,0yNLKJebCb8Aueb54LYya3,The Perfect Kiss - 2022 Digital Master,New Order,Low-Life,2026-08-01T16:53:11,289426,2026-08-01,4.82,82,53,21,429.43,576.21,1,2026-08-03,6
7,42dGd1vhQQ09G5yg5FHmHP,0fn2SPJjYECJG3BNvNOd9f,0yNLKJebCb8Aueb54LYya3,Love Vigilantes - 2022 Digital Master,New Order,Low-Life,2026-08-01T16:48:21,259226,2026-08-01,4.32,82,53,21,429.43,576.21,1,2026-08-03,6
12,4ZHUJVXev7wqcrpDKRP2yU,2neFxutkHmjJ8jVAXcXynI,4hzCcF4Leos2sKnz79nwhz,Silent Air,The Sound,From The Lion's Mouth,2026-08-02T14:09:49,254066,2026-08-02,4.23,13,12,3,58.7,113.49,2,2026-08-02,2
13,4kx0JoMZ4qcDqd53Ez7fPH,2neFxutkHmjJ8jVAXcXynI,4hzCcF4Leos2sKnz79nwhz,The Fire,The Sound,From The Lion's Mouth,2026-08-02T14:05:34,172906,2026-08-02,2.88,13,12,3,58.7,113.49,2,2026-08-02,2
14,38TUf1sntcQQ77qVKiy8mP,2neFxutkHmjJ8jVAXcXynI,4hzCcF4Leos2sKnz79nwhz,Possession,The Sound,From The Lion's Mouth,2026-08-02T14:02:42,205360,2026-08-02,3.42,13,12,3,58.7,113.49,2,2026-08-02,2
15,4ktxiSonWpCUHNDA0K4OHo,2neFxutkHmjJ8jVAXcXynI,4hzCcF4Leos2sKnz79nwhz,Fatal Flaw,The Sound,From The Lion's Mouth,2026-08-02T13:59:16,276666,2026-08-02,4.61,13,12,3,58.7,113.49,2,2026-08-02,2
16,31ubGMOt1HcpfYzucsve1I,2neFxutkHmjJ8jVAXcXynI,4hzCcF4Leos2sKnz79nwhz,Judgement,The Sound,From The Lion's Mouth,2026-08-02T13:54:40,303573,2026-08-02,5.06,13,12,3,58.7,113.49,2,2026-08-02,2
17,14TKEuEYfhvLjU1DtzoKcW,2neFxutkHmjJ8jVAXcXynI,4hzCcF4Leos2sKnz79nwhz,Skeletons,The Sound,From The Lion's Mouth,2026-08-02T13:49:36,207266,2026-08-02,3.45,13,12,3,58.7,113.49,2,2026-08-02,2
18,2rnUY7Vj6LcAU4yzUVKHzo,2neFxutkHmjJ8jVAXcXynI,4hzCcF4Leos2sKnz79nwhz,Contact the Fact,The Sound,From The Lion's Mouth,2026-08-02T13:46:09,261533,2026-08-02,4.36,13,12,3,58.7,113.49,2,2026-08-02,2
19,709VtAcLN367yvV8GgKe0w,2neFxutkHmjJ8jVAXcXynI,4hzCcF4Leos2sKnz79nwhz,Sense of Purpose,The Sound,From The Lion's Mouth,2026-08-02T13:41:47,232106,2026-08-02,3.87,13,12,3,58.7,113.49,2,2026-08-02,2
20,7EOCSmPvQ8psymuLTsKfN2,2neFxutkHmjJ8jVAXcXynI,4hzCcF4Leos2sKnz79nwhz,Winning,The Sound,From The Lion's Mouth,2026-08-02T13:37:55,258079,2026-08-02,4.3,13,12,3,58.7,113.49,2,2026-08-02,2
23,3vNFsxBbA4dPkymPF5Jm1b,0hBWhJEmVyNPG2Jq71CJXz,12VaqyEhgwDRuFfEqbnrpz,This Mess We're In,PJ Harvey,"Stories From The City, Stories From The Sea",2026-08-01T18:22:24,235840,2026-08-01,3.93,13,13,2,48.63,102.59,1,2026-08-01,1
24,27teiR4hpiFzsWnstV4Ad9,0hBWhJEmVyNPG2Jq71CJXz,12VaqyEhgwDRuFfEqbnrpz,The Whores Hustle And The Hustlers Whore,PJ Harvey,"Stories From The City, Stories From The Sea",2026-08-01T18:18:28,237960,2026-08-01,3.97,13,13,2,48.63,102.59,1,2026-08-01,1
25,2pCRZXPcKiB4UZMvqS4ZYw,0hBWhJEmVyNPG2Jq71CJXz,12VaqyEhgwDRuFfEqbnrpz,Beautiful Feeling,PJ Harvey,"Stories From The City, Stories From The Sea",2026-08-01T18:14:30,239466,2026-08-01,3.99,13,13,2,48.63,102.59,1,2026-08-01,1
26,4pi4ALVH55uuzWAXb8Tkb2,0hBWhJEmVyNPG2Jq71CJXz,12VaqyEhgwDRuFfEqbnrpz,One Line,PJ Harvey,"Stories From The City, Stories From The Sea",2026-08-01T18:10:31,193493,2026-08-01,3.22,13,13,2,48.63,102.59,1,2026-08-01,1
27,4QmBs5a3mFFLaLA1QTEVrN,0hBWhJEmVyNPG2Jq71CJXz,12VaqyEhgwDRuFfEqbnrpz,A Place Called Home,PJ Harvey,"Stories From The City, Stories From The Sea",2026-08-01T18:07:17,222066,2026-08-01,3.7,13,13,2,48.63,102.59,1,2026-08-01,1
28,1G1YJPV7THViQfOM9Gug7R,0hBWhJEmVyNPG2Jq71CJXz,12VaqyEhgwDRuFfEqbnrpz,Good Fortune,PJ Harvey,"Stories From The City, Stories From The Sea",2026-08-01T18:03:35,200200,2026-08-01,3.34,13,13,2,48.63,102.59,1,2026-08-01,1
29,4J4wU1a0MqhrBMBN2RzFUw,0hBWhJEmVyNPG2Jq71CJXz,12VaqyEhgwDRuFfEqbnrpz,Big Exit,PJ Harvey,"Stories From The City, Stories From The Sea",2026-08-01T18:00:15,231200,2026-08-01,3.85,13,13,2,48.63,102.59,1,2026-08-01,1
31,4fpxnJGDWFxjGvLJOqPPt8,6iHuSGy6pq4tNGFV3ZVPtl,0yNLKJebCb8Aueb54LYya3,True Faith,New Order,Substance,2026-08-03T13:40:10,355066,2026-08-03,5.92,82,53,21,429.43,576.21,3,2026-08-03,6
32,7FJMRaPU32nqAHK3jMPkyQ,6iHuSGy6pq4tNGFV3ZVPtl,0yNLKJebCb8Aueb54LYya3,Bizarre Love Triangle - Extended Dance Mix,New Order,Substance,2026-08-03T13:34:15,404560,2026-08-03,6.74,82,53,21,429.43,576.21,3,2026-08-03,6
33,0e3WSvi1VyIA6TP0mnLJMn,6iHuSGy6pq4tNGFV3ZVPtl,0yNLKJebCb8Aueb54LYya3,State of the Nation,New Order,Substance,2026-08-03T13:27:30,392333,2026-08-03,6.54,82,53,21,429.43,576.21,3,2026-08-03,6
34,1bzvBWOR69GeV2IOaDxiZM,6iHuSGy6pq4tNGFV3ZVPtl,0yNLKJebCb8Aueb54LYya3,Shellshock - John Robie Remix; Substance Edit,New Order,Substance,2026-08-03T13:20:58,388840,2026-08-03,6.48,82,53,21,429.43,576.21,3,2026-08-03,6
35,4rpWuNTlLGgsy7MixqjAM0,6iHuSGy6pq4tNGFV3ZVPtl,0yNLKJebCb8Aueb54LYya3,Sub-culture - Substance Edit,New Order,Substance,2026-08-03T13:14:29,288226,2026-08-03,4.8,82,53,21,429.43,576.21,3,2026-08-03,6
36,1qHNkClo6L6ycutsLIo9dq,6iHuSGy6pq4tNGFV3ZVPtl,0yNLKJebCb8Aueb54LYya3,The Perfect Kiss - Substance Edit,New Order,Substance,2026-08-03T11:58:26,482200,2026-08-03,8.04,82,53,21,429.43,576.21,3,2026-08-03,6
37,7nX0ISA5uWuhxAjMgXH5au,6iHuSGy6pq4tNGFV3ZVPtl,0yNLKJebCb8Aueb54LYya3,"Thieves like Us - 12"" Extended",New Order,Substance,2026-08-03T11:50:23,396866,2026-08-03,6.61,82,53,21,429.43,576.21,3,2026-08-03,6
38,43EKq969zmTvk6QmjgmiRW,6iHuSGy6pq4tNGFV3ZVPtl,0yNLKJebCb8Aueb54LYya3,Confusion,New Order,Substance,2026-08-03T11:43:47,283240,2026-08-03,4.72,82,53,21,429.43,576.21,3,2026-08-03,6
39,6hHc7Pks7wtBIW8Z6A0iFq,6iHuSGy6pq4tNGFV3ZVPtl,0yNLKJebCb8Aueb54LYya3,Blue Monday,New Order,Substance,2026-08-03T11:39:03,449160,2026-08-03,7.49,82,53,21,429.43,576.21,3,2026-08-03,6
40,7j5Q3zhjvpQvMeoPSZwdsa,6iHuSGy6pq4tNGFV3ZVPtl,0yNLKJebCb8Aueb54LYya3,Temptation,New Order,Substance,2026-08-03T11:31:34,419240,2026-08-03,6.99,82,53,21,429.43,576.21,3,2026-08-03,6
41,1VZFmtsZuuqm0EV6KQihE8,6iHuSGy6pq4tNGFV3ZVPtl,0yNLKJebCb8Aueb54LYya3,Everythings Gone Green,New Order,Substance,2026-08-03T11:24:35,330680,2026-08-03,5.51,82,53,21,429.43,576.21,3,2026-08-03,6
42,5CRPGdCSOfstyTVK9Ja5EQ,6iHuSGy6pq4tNGFV3ZVPtl,0yNLKJebCb8Aueb54LYya3,Ceremony,New Order,Substance,2026-08-03T11:19:04,263600,2026-08-03,4.39,82,53,21,429.43,576.21,3,2026-08-03,6
43,4ZHUJVXev7wqcrpDKRP2yU,2neFxutkHmjJ8jVAXcXynI,4hzCcF4Leos2sKnz79nwhz,Silent Air,The Sound,From The Lion's Mouth,2026-08-03T10:48:28,254066,2026-08-03,4.23,13,12,3,58.7,113.49,3,2026-08-02,2
44,7EREJweyXYJsVO7mGpYV9J,4S6y2iTYbGONSlNJHYyrVl,2qT62DYO8Ajb276vUJmvhz,Ten Feet Tall - 2001 Digital Remaster,XTC,Drums And Wires,2026-08-03T10:44:40,196765,2026-08-03,3.28,16,15,5,68.72,134.47,3,2026-08-16,2
46,1wAvaUHRV7ThdmEgBT3W2A,2ODAEaYlqS88SU4ZZu1bI6,0yNLKJebCb8Aueb54LYya3,"Everythings Gone Green - 7"" Version; 2015 Remaster",New Order,Singles (2016 Remaster),2026-08-03T10:38:11,259293,2026-08-03,4.32,82,53,21,429.43,576.21,3,2026-08-03,6
47,6VyR9z26oKw6BvlwSjqvoY,4sLCQxMRfn3gAHrBNZtbTH,2x9SpqnPi8rlE9pjHBwmSC,Girlfriend Is Better - 2005 Remaster,Talking Heads,Speaking in Tongues (Deluxe Version),2026-08-02T19:34:35,343426,2026-08-02,5.72,99,73,18,455.23,637.02,2,2026-08-14,6
48,3FqIDhtYijFa24YpfdHUuE,57UuXCYkx1wZW7gfl8hvjB,3iUjRVvYCsMfz7tuAQtBDI,Private Lives - 2008 Remaster,Ultravox,Vienna (Remastered Definitive Edition),2026-08-02T19:28:51,248706,2026-08-02,4.15,58,29,14,275.81,391.41,2,2026-08-05,4
51,5dUK5h41IMCZcFdZvmHNG0,7tc1nTdBA717D74uJ07VRn,1aX2dmV8XoHYCOQRxjPESG,Empire State Human - Remastered 2003,The Human League,Reproduction,2026-08-02T19:15:25,197853,2026-08-02,3.3,79,44,18,428.81,554.77,2,2026-08-08,5
54,3zHiy9GGgpxssEDv4sYzPz,6sLuXZdrb1cmsAnfrmgbrU,2qT62DYO8Ajb276vUJmvhz,Rocket From A Bottle - 2001 Remaster,XTC,Black Sea,2026-08-02T19:03:38,210094,2026-08-02,3.5,16,15,5,68.72,134.47,2,2026-08-16,2
56,3RxyagFJ4YFSFh0Igjci2A,0PSWY4XyjTWppfBb0tBtqu,0yNLKJebCb8Aueb54LYya3,"1963 - 12"" Version",New Order,Brotherhood (Collector's Edition),2026-08-02T18:56:49,337813,2026-08-02,5.63,82,53,21,429.43,576.21,2,2026-08-03,6
57,7Ad1dFif506kfjbD8b5fnW,2neFxutkHmjJ8jVAXcXynI,4hzCcF4Leos2sKnz79nwhz,New Dark Age,The Sound,From The Lion's Mouth,2026-08-02T18:51:11,646866,2026-08-02,10.78,13,12,3,58.7,113.49,2,2026-08-02,2
60,7ioy6ppmN9Rn8Pm5axNzUP,57UuXCYkx1wZW7gfl8hvjB,3iUjRVvYCsMfz7tuAQtBDI,Vienna - 2008 Remaster,Ultravox,Vienna (Remastered Definitive Edition),2026-08-04T09:47:17,296160,2026-08-04,4.94,58,29,14,275.81,391.41,4,2026-08-05,4
61,2bXR3wHjJ7zBZ7RRuTVCvQ,6ls958BLJbeFT3OqAYTvQB,0yNLKJebCb8Aueb54LYya3,The Perfect Kiss - 2015 Remaster,New Order,Low-Life,2026-08-04T09:42:20,289373,2026-08-04,4.82,82,53,21,429.43,576.21,4,2026-08-03,6
65,0Mb20VmqR2lvtgbEermW2v,0Tg76MY2wNK4j37iCb6qyH,762310PdDnwsDxAQxzQkfX,Policy of Truth,Depeche Mode,Violator (Deluxe),2026-08-04T09:24:39,295280,2026-08-04,4.92,31,30,7,143.86,246.26,4,2026-08-25,3
72,6WEBIVqiEsevfgJefTyuQQ,52koatNHePHRWEmmkP0z2Z,0f3kLT4wvi2mFHlHJgV8Hl,Too Shy,Kajagoogoo,White Feathers,2026-08-04T08:51:09,221520,2026-08-04,3.69,10,5,8,54.67,103.18,4,2026-08-21,2
75,4kce4Pp3zYbzeuq30MPvpr,57UuXCYkx1wZW7gfl8hvjB,3iUjRVvYCsMfz7tuAQtBDI,Astradyne - 2008 Remaster,Ultravox,Vienna (Remastered Definitive Edition),2026-08-04T17:20:40,428880,2026-08-04,7.15,58,29,14,275.81,391.41,4,2026-08-05,4
76,4NU3dEQT7j1KbBP3wyxP2i,01ba1h5mYuToGCPRn8DcKJ,4lianjyuR1tqf6oUX8kjrZ,Up Patriots To Arms - English Version / Remastered 2020,Franco Battiato,Patriots (40th Anniversary Deluxe Edition / Remastered 2020),2026-08-04T17:13:27,322840,2026-08-04,5.38,71,55,10,273.03,435.24,4,2026-08-12,2
77,6ARN31n0uE7EGviBuOp7Hy,01ba1h5mYuToGCPRn8DcKJ,4lianjyuR1tqf6oUX8kjrZ,Perspectiva Nevski - Remastered 2020,Franco Battiato,Patriots (40th Anniversary Deluxe Edition / Remastered 2020),2026-08-04T17:08:04,206253,2026-08-04,3.44,71,55,10,273.03,435.24,4,2026-08-12,2
78,3QoObBE3Iv881q1XEvUcWX,01ba1h5mYuToGCPRn8DcKJ,4lianjyuR1tqf6oUX8kjrZ,Up Patriots To Arms - Spanish Version / Remastered 2020,Franco Battiato,Patriots (40th Anniversary Deluxe Edition / Remastered 2020),2026-08-04T17:04:38,276720,2026-08-04,4.61,71,55,10,273.03,435.24,4,2026-08-12,2
79,3DkqdphxaubPFbNWR9YGpD,01ba1h5mYuToGCPRn8DcKJ,4lianjyuR1tqf6oUX8kjrZ,Passaggi A Livello - Remastered 2020,Franco Battiato,Patriots (40th Anniversary Deluxe Edition / Remastered 2020),2026-08-04T17:00:01,220093,2026-08-04,3.67,71,55,10,273.03,435.24,4,2026-08-12,2
80,6Xkrm2PKhovPZD5AsNsIVI,01ba1h5mYuToGCPRn8DcKJ,4lianjyuR1tqf6oUX8kjrZ,Frammenti - Remastered 2020,Franco Battiato,Patriots (40th Anniversary Deluxe Edition / Remastered 2020),2026-08-04T16:56:21,236640,2026-08-04,3.94,71,55,10,273.03,435.24,4,2026-08-12,2
81,5QGe1MlnyYmhQVvSjqmU2L,01ba1h5mYuToGCPRn8DcKJ,4lianjyuR1tqf6oUX8kjrZ,Arabian Song - Remastered 2020,Franco Battiato,Patriots (40th Anniversary Deluxe Edition / Remastered 2020),2026-08-04T16:52:25,220346,2026-08-04,3.67,71,55,10,273.03,435.24,4,2026-08-12,2
82,0QV2bB4ri8713bVHUqB9Bs,01ba1h5mYuToGCPRn8DcKJ,4lianjyuR1tqf6oUX8kjrZ,Prospettiva Nevski - Remastered 2020,Franco Battiato,Patriots (40th Anniversary Deluxe Edition / Remastered 2020),2026-08-04T16:48:44,240026,2026-08-04,4.0,71,55,10,273.03,435.24,4,2026-08-12,2
83,2aiJA4B4Zy5CFXrgHogD3H,01ba1h5mYuToGCPRn8DcKJ,4lianjyuR1tqf6oUX8kjrZ,Le Aquile - Remastered 2020,Franco Battiato,Patriots (40th Anniversary Deluxe Edition / Remastered 2020),2026-08-04T16:44:44,250453,2026-08-04,4.17,71,55,10,273.03,435.24,4,2026-08-12,2
84,1Gjl4zXPy2uUDMQBAAhV0G,01ba1h5mYuToGCPRn8DcKJ,4lianjyuR1tqf6oUX8kjrZ,Venezia-Istanbul - Remastered 2020,Franco Battiato,Patriots (40th Anniversary Deluxe Edition / Remastered 2020),2026-08-04T16:40:34,276920,2026-08-04,4.62,71,55,10,273.03,435.24,4,2026-08-12,2
85,1ludDQhgfBWJS6SJhrsMOl,01ba1h5mYuToGCPRn8DcKJ,4lianjyuR1tqf6oUX8kjrZ,Up Patriots To Arms - Remastered 2020,Franco Battiato,Patriots (40th Anniversary Deluxe Edition / Remastered 2020),2026-08-04T16:35:57,304533,2026-08-04,5.08,71,55,10,273.03,435.24,4,2026-08-12,2
86,4k8gfYuZAKJ1o69wj6BJYN,0L7ggz4vMdACCCnGV2lioZ,3WrFJ7ztbogyGnTHbHJFl2,Love You To (Take 7),The Beatles,Anthology 4,2026-08-05T17:05:32,176013,2026-08-05,2.93,37,37,4,122.38,238.87,5,2026-08-05,2
87,2wXUwpFKYihqPUGshXEIZd,0L7ggz4vMdACCCnGV2lioZ,3WrFJ7ztbogyGnTHbHJFl2,Got To Get You Into My Life (Second Version - Unnumbered Mix),The Beatles,Anthology 4,2026-08-05T17:02:36,155333,2026-08-05,2.59,37,37,4,122.38,238.87,5,2026-08-05,2
88,3GMIawuhHlLSfj3CJoj7K3,0L7ggz4vMdACCCnGV2lioZ,3WrFJ7ztbogyGnTHbHJFl2,Nowhere Man (First Version - Take 2),The Beatles,Anthology 4,2026-08-05T17:00:01,144373,2026-08-05,2.41,37,37,4,122.38,238.87,5,2026-08-05,2
89,7q1AGZSObvIcSJ8bXr4qWH,0L7ggz4vMdACCCnGV2lioZ,3WrFJ7ztbogyGnTHbHJFl2,In My Life (Take 1),The Beatles,Anthology 4,2026-08-05T16:57:37,160333,2026-08-05,2.67,37,37,4,122.38,238.87,5,2026-08-05,2
90,1L5RJZHRIPLYBpbmLSYHcT,0L7ggz4vMdACCCnGV2lioZ,3WrFJ7ztbogyGnTHbHJFl2,I've Just Seen A Face (Take 3),The Beatles,Anthology 4,2026-08-05T16:54:56,146760,2026-08-05,2.45,37,37,4,122.38,238.87,5,2026-08-05,2
91,0EmiGxOzTM2DJ1sKKDOpo2,0L7ggz4vMdACCCnGV2lioZ,3WrFJ7ztbogyGnTHbHJFl2,I Need You (Take 1),The Beatles,Anthology 4,2026-08-05T16:52:30,156066,2026-08-05,2.6,37,37,4,122.38,238.87,5,2026-08-05,2
92,3c1d2qrBP5IgqHLNCAAkaI,0L7ggz4vMdACCCnGV2lioZ,3WrFJ7ztbogyGnTHbHJFl2,Every Little Thing (Takes 6 And 7),The Beatles,Anthology 4,2026-08-05T16:49:53,208866,2026-08-05,3.48,37,37,4,122.38,238.87,5,2026-08-05,2
93,6ugBpFntM7KAolfJCINpK8,0L7ggz4vMdACCCnGV2lioZ,3WrFJ7ztbogyGnTHbHJFl2,Matchbox (Take 1),The Beatles,Anthology 4,2026-08-05T16:46:24,129080,2026-08-05,2.15,37,37,4,122.38,238.87,5,2026-08-05,2
94,0Beu2xbaQDjwA2CoDrrYzW,0L7ggz4vMdACCCnGV2lioZ,3WrFJ7ztbogyGnTHbHJFl2,If I Fell (Take 11),The Beatles,Anthology 4,2026-08-05T16:44:15,158866,2026-08-05,2.65,37,37,4,122.38,238.87,5,2026-08-05,2
95,3Qxj3fDsYcp5zjNf6boAci,0L7ggz4vMdACCCnGV2lioZ,3WrFJ7ztbogyGnTHbHJFl2,Tell Me Why (Takes 4 And 5),The Beatles,Anthology 4,2026-08-05T16:41:37,187306,2026-08-05,3.12,37,37,4,122.38,238.87,5,2026-08-05,2
96,0URyBvfhXkTSPziCc0vI58,0L7ggz4vMdACCCnGV2lioZ,3WrFJ7ztbogyGnTHbHJFl2,This Boy (Takes 12 And 13),The Beatles,Anthology 4,2026-08-05T16:38:29,198400,2026-08-05,3.31,37,37,4,122.38,238.87,5,2026-08-05,2
97,3aT8rg92G0ERFT70Ze3sz0,0L7ggz4vMdACCCnGV2lioZ,3WrFJ7ztbogyGnTHbHJFl2,Money (That's What I Want) [RM7 Undubbed],The Beatles,Anthology 4,2026-08-05T16:35:11,168426,2026-08-05,2.81,37,37,4,122.38,238.87,5,2026-08-05,2
98,38BXrHTZhMkBZyThYMdwnY,0L7ggz4vMdACCCnGV2lioZ,3WrFJ7ztbogyGnTHbHJFl2,I Saw Her Standing There (Take 2),The Beatles,Anthology 4,2026-08-05T16:32:23,186306,2026-08-05,3.11,37,37,4,122.38,238.87,5,2026-08-05,2
100,35ev6K6rWwyfYDNezmshQu,627QUn41cFWnH4pPO96Sfk,3iUjRVvYCsMfz7tuAQtBDI,Slow Motion,Ultravox,Systems Of Romance,2026-08-05T14:49:13,209826,2026-08-05,3.5,58,29,14,275.81,391.41,5,2026-08-05,4
101,1MDUDmSxJSr50SLGaLIk5O,57UuXCYkx1wZW7gfl8hvjB,3iUjRVvYCsMfz7tuAQtBDI,All Stood Still - 2008 Remaster,Ultravox,Vienna (Remastered Definitive Edition),2026-08-05T14:45:41,265760,2026-08-05,4.43,58,29,14,275.81,391.41,5,2026-08-05,4
102,7ioy6ppmN9Rn8Pm5axNzUP,57UuXCYkx1wZW7gfl8hvjB,3iUjRVvYCsMfz7tuAQtBDI,Vienna - 2008 Remaster,Ultravox,Vienna (Remastered Definitive Edition),2026-08-05T14:41:16,296160,2026-08-05,4.94,58,29,14,275.81,391.41,5,2026-08-05,4
103,6leYEYciYSJc8wmpmeAE0g,57UuXCYkx1wZW7gfl8hvjB,3iUjRVvYCsMfz7tuAQtBDI,Western Promise - 2008 Remaster,Ultravox,Vienna (Remastered Definitive Edition),2026-08-05T14:36:20,318560,2026-08-05,5.31,58,29,14,275.81,391.41,5,2026-08-05,4
104,0lmB7rb7KzPP4oJRSGrcks,57UuXCYkx1wZW7gfl8hvjB,3iUjRVvYCsMfz7tuAQtBDI,Mr. X - 2008 Remaster,Ultravox,Vienna (Remastered Definitive Edition),2026-08-05T14:31:01,395346,2026-08-05,6.59,58,29,14,275.81,391.41,5,2026-08-05,4
105,28tm99nfjgD7zcZ7XrdXty,57UuXCYkx1wZW7gfl8hvjB,3iUjRVvYCsMfz7tuAQtBDI,Sleepwalk - 2008 Remaster,Ultravox,Vienna (Remastered Definitive Edition),2026-08-05T14:24:26,192720,2026-08-05,3.21,58,29,14,275.81,391.41,5,2026-08-05,4
106,3caRFTnvIzPw6wlbwsZt2x,57UuXCYkx1wZW7gfl8hvjB,3iUjRVvYCsMfz7tuAQtBDI,Passing Strangers - 2008 Remaster,Ultravox,Vienna (Remastered Definitive Edition),2026-08-05T14:21:13,230960,2026-08-05,3.85,58,29,14,275.81,391.41,5,2026-08-05,4
107,3FqIDhtYijFa24YpfdHUuE,57UuXCYkx1wZW7gfl8hvjB,3iUjRVvYCsMfz7tuAQtBDI,Private Lives - 2008 Remaster,Ultravox,Vienna (Remastered Definitive Edition),2026-08-05T14:17:22,248706,2026-08-05,4.15,58,29,14,275.81,391.41,5,2026-08-05,4
108,1xKOjkmm2GEXlVbclGdvvZ,57UuXCYkx1wZW7gfl8hvjB,3iUjRVvYCsMfz7tuAQtBDI,New Europeans - 2008 Remaster,Ultravox,Vienna (Remastered Definitive Edition),2026-08-05T14:13:13,244773,2026-08-05,4.08,58,29,14,275.81,391.41,5,2026-08-05,4
109,4kce4Pp3zYbzeuq30MPvpr,57UuXCYkx1wZW7gfl8hvjB,3iUjRVvYCsMfz7tuAQtBDI,Astradyne - 2008 Remaster,Ultravox,Vienna (Remastered Definitive Edition),2026-08-05T14:09:08,428880,2026-08-05,7.15,58,29,14,275.81,391.41,5,2026-08-05,4
116,1SSdWBO1xePELpK27iMU5C,1uXol4dKqzMsUiqvHpwhZh,7AC976RDJzL2asmZuz7qil,"And You and I: i. Cord of Life, ii. Eclipse, iii. The Preacher the Teacher, iv. Apocalypse - 2025 Remaster",Yes,Close to the Edge (Super Deluxe Edition),2026-08-05T13:34:50,612706,2026-08-05,10.21,10,10,3,91.41,140.65,5,2026-08-21,2
117,2eQDJNbDeHoJSeqCkE3LvG,1XA1L26tFXDVTYqYtnFFnv,7M1FPw29m5FbicYzS2xdpi,Ladies of the Road,King Crimson,Islands,2026-08-05T12:29:02,334300,2026-08-05,5.57,30,26,8,143.52,240.46,5,2026-08-20,2
121,5bGb7jiHKrJldOlnVfyplD,0WYYrC9My9rYWigac003hw,6ra4GIOgCZQZMOaUECftGN,Little Umbrellas,Frank Zappa,Hot Rats,2026-08-05T12:03:25,188693,2026-08-05,3.14,28,28,5,140.82,234.56,5,2026-08-09,2
124,5uDu2qOoDou7cFXsipAo8l,0WYYrC9My9rYWigac003hw,6ra4GIOgCZQZMOaUECftGN,Peaches En Regalia,Frank Zappa,Hot Rats,2026-08-05T11:47:28,218893,2026-08-05,3.65,28,28,5,140.82,234.56,5,2026-08-09,2
126,0nDpUq6nY7eWsFPQcVizpI,0WYYrC9My9rYWigac003hw,6ra4GIOgCZQZMOaUECftGN,Son Of Mr. Green Genes,Frank Zappa,Hot Rats,2026-08-05T11:39:55,537360,2026-08-05,8.96,28,28,5,140.82,234.56,5,2026-08-09,2
128,15RZjKzG8HbbS9arAq9YvK,2lm0ytMRpYQPcv11JFASDl,1GkiKu2FJFSBrXSL8wKFzy,Slink,Jerry Harrison,The Red And The Black,2026-08-06T11:54:16,262266,2026-08-06,4.37,21,12,9,94.97,167.1,6,2026-08-08,3
129,6fCRWk36SFKSuxlepKpsgY,2lm0ytMRpYQPcv11JFASDl,1GkiKu2FJFSBrXSL8wKFzy,Things Fall Apart,Jerry Harrison,The Red And The Black,2026-08-06T11:49:53,302746,2026-08-06,5.05,21,12,9,94.97,167.1,6,2026-08-08,3
130,49Zt8N0m0RLLFzCELwV7yG,0KBdfMTMxi0oD1oVqApTjr,432R46LaYsJZV2Gmc4jUV5,Isolation - 2020 Digital Master,Joy Division,Closer,2026-08-05T22:06:54,173400,2026-08-05,2.89,23,22,5,98.82000000000001,181.8,5,2026-08-11,2
131,3bMdWvDfVZwwEkPVSmIqt1,0KBdfMTMxi0oD1oVqApTjr,432R46LaYsJZV2Gmc4jUV5,Atrocity Exhibition - 2020 Digital Master,Joy Division,Closer,2026-08-05T22:04:00,366840,2026-08-05,6.11,23,22,5,98.82000000000001,181.8,5,2026-08-11,2
132,6NeW5t7zeApR7H0QfHyUZu,2QDolqCMmtvKMT3EEQKFAv,3iUjRVvYCsMfz7tuAQtBDI,Reap the Wild Wind - 2009 Remaster,Ultravox,The Very Best of Ultravox,2026-08-05T20:43:51,229346,2026-08-05,3.82,58,29,14,275.81,391.41,5,2026-08-05,4
133,3nOa6DkwS1N2qGYXRu1pws,627QUn41cFWnH4pPO96Sfk,3iUjRVvYCsMfz7tuAQtBDI,I Can’t Stay Long,Ultravox,Systems Of Romance,2026-08-05T20:40:01,256666,2026-08-05,4.28,58,29,14,275.81,391.41,5,2026-08-05,4
134,5F7UnnEDe86ws2xEzcceAl,57UuXCYkx1wZW7gfl8hvjB,3iUjRVvYCsMfz7tuAQtBDI,Sleepwalk - Early Version,Ultravox,Vienna (Remastered Definitive Edition),2026-08-05T20:35:44,203080,2026-08-05,3.38,58,29,14,275.81,391.41,5,2026-08-05,4
138,4i8nOlXgPPFPFn8LOsC4Hx,78Xlw5fdOje2XsmliMAAqH,1aX2dmV8XoHYCOQRxjPESG,Seconds - Remaster 2002,The Human League,Don't You Want Me,2026-08-05T20:12:01,298840,2026-08-05,4.98,79,44,18,428.81,554.77,5,2026-08-08,5
139,0lmB7rb7KzPP4oJRSGrcks,57UuXCYkx1wZW7gfl8hvjB,3iUjRVvYCsMfz7tuAQtBDI,Mr. X - 2008 Remaster,Ultravox,Vienna (Remastered Definitive Edition),2026-08-05T20:06:55,395346,2026-08-05,6.59,58,29,14,275.81,391.41,5,2026-08-05,4
140,6zDG3IV0D8q3pi6ThoQJKz,12kbRL9t2VzUkFcESvku9U,7zfhej6FnVXN9LIXs6dcoK,No Way Out,The Tubes,Remote Control,2026-08-06T20:12:28,202720,2026-08-06,3.38,14,14,2,53.76,110.69,6,2026-08-07,2
141,1KwRY0EhxoAS3sJjMP8zPg,3pjUG6P3uqhNDFqICGSsyD,6ra4GIOgCZQZMOaUECftGN,Moggio,Frank Zappa,Ensemble Modern Plays Frank Zappa: Greggery Peccary & Other Persuasions,2026-08-06T20:09:05,163240,2026-08-06,2.72,28,28,5,140.82,234.56,6,2026-08-09,2
142,2chpmmx8DUjldaUgJoZlLt,3ZirKFZ0s8jbw2eX8dD4dR,7zfhej6FnVXN9LIXs6dcoK,Up From The Deep,The Tubes,The Tubes,2026-08-06T20:06:17,268794,2026-08-06,4.48,14,14,2,53.76,110.69,6,2026-08-07,2
143,5t3BDu4xpNv6xXZoSNKOBX,12kbRL9t2VzUkFcESvku9U,7zfhej6FnVXN9LIXs6dcoK,I Want It All Now,The Tubes,Remote Control,2026-08-06T20:01:47,263293,2026-08-06,4.39,14,14,2,53.76,110.69,6,2026-08-07,2
144,1ugD8OInLTHKP7umbN3WHt,12kbRL9t2VzUkFcESvku9U,7zfhej6FnVXN9LIXs6dcoK,Prime Time,The Tubes,Remote Control,2026-08-06T19:56:39,198973,2026-08-06,3.32,14,14,2,53.76,110.69,6,2026-08-07,2
145,7oVnpwt1Lyrt6wIMa3nppK,12kbRL9t2VzUkFcESvku9U,7zfhej6FnVXN9LIXs6dcoK,TV Is King,The Tubes,Remote Control,2026-08-06T19:53:21,188093,2026-08-06,3.13,14,14,2,53.76,110.69,6,2026-08-07,2
146,0akWpWn4hKTwKS7Cove1eH,12kbRL9t2VzUkFcESvku9U,7zfhej6FnVXN9LIXs6dcoK,Turn Me On,The Tubes,Remote Control,2026-08-06T19:50:13,249626,2026-08-06,4.16,14,14,2,53.76,110.69,6,2026-08-07,2
147,4uF85dRbjVARUMSJIasl7F,6QSnitPoyu8x79z1VxtrmV,4hzCcF4Leos2sKnz79nwhz,Heartland,The Sound,Jeopardy,2026-08-06T19:45:12,214666,2026-08-06,3.58,13,12,3,58.7,113.49,6,2026-08-02,2
148,509HA9Eo90mwvh21AjOMq9,6QSnitPoyu8x79z1VxtrmV,4hzCcF4Leos2sKnz79nwhz,I Can't Escape Myself,The Sound,Jeopardy,2026-08-06T19:41:37,235880,2026-08-06,3.93,13,12,3,58.7,113.49,6,2026-08-02,2
149,44aTAUBF0g6sMkMNE8I5kd,5jkwdY6jS1Hzi8epr6HW7h,5NGO30tJxFlKixkPSgXcFE,Every Little Thing She Does Is Magic,The Police,Ghost In The Machine (Remastered 2003),2026-08-06T19:37:41,260573,2026-08-06,4.34,15,13,3,50.37,108.0,6,2026-08-06,2
150,4frelkLhC4ATqJH9VGJztu,5jkwdY6jS1Hzi8epr6HW7h,5NGO30tJxFlKixkPSgXcFE,Spirits In The Material World,The Police,Ghost In The Machine (Remastered 2003),2026-08-06T19:33:20,179066,2026-08-06,2.98,15,13,3,50.37,108.0,6,2026-08-06,2
151,3lNJGai63OeW8peirrAabf,23enz9nXJhH1BR1Rm5CzDJ,5NGO30tJxFlKixkPSgXcFE,The Other Way Of Stopping,The Police,Zenyatta Mondatta (Remastered 2003),2026-08-06T19:30:19,202306,2026-08-06,3.37,15,13,3,50.37,108.0,6,2026-08-06,2
152,5oC43QkhoMplHxrlAK0wBW,23enz9nXJhH1BR1Rm5CzDJ,5NGO30tJxFlKixkPSgXcFE,Shadows In The Rain,The Police,Zenyatta Mondatta (Remastered 2003),2026-08-06T19:26:57,302693,2026-08-06,5.04,15,13,3,50.37,108.0,6,2026-08-06,2
153,6C1ZUDfuIL0xHQeoGSdIMP,23enz9nXJhH1BR1Rm5CzDJ,5NGO30tJxFlKixkPSgXcFE,Man In A Suitcase,The Police,Zenyatta Mondatta (Remastered 2003),2026-08-06T19:21:54,138066,2026-08-06,2.3,15,13,3,50.37,108.0,6,2026-08-06,2
154,3ubCAVpBwpNiFpeOShjNTt,23enz9nXJhH1BR1Rm5CzDJ,5NGO30tJxFlKixkPSgXcFE,Behind My Camel,The Police,Zenyatta Mondatta (Remastered 2003),2026-08-06T19:19:31,173600,2026-08-06,2.89,15,13,3,50.37,108.0,6,2026-08-06,2
155,0yJvWbn8xQKiDZ84VN5lQG,23enz9nXJhH1BR1Rm5CzDJ,5NGO30tJxFlKixkPSgXcFE,"De Do Do Do, De Da Da Da",The Police,Zenyatta Mondatta (Remastered 2003),2026-08-06T19:16:38,247293,2026-08-06,4.12,15,13,3,50.37,108.0,6,2026-08-06,2
156,7adlkPVhLGuSbM3hbSugds,23enz9nXJhH1BR1Rm5CzDJ,5NGO30tJxFlKixkPSgXcFE,Bombs Away,The Police,Zenyatta Mondatta (Remastered 2003),2026-08-06T19:12:31,187880,2026-08-06,3.13,15,13,3,50.37,108.0,6,2026-08-06,2
157,0Jvn32u7plWgz5YQk6OoSo,23enz9nXJhH1BR1Rm5CzDJ,5NGO30tJxFlKixkPSgXcFE,Voices Inside My Head,The Police,Zenyatta Mondatta (Remastered 2003),2026-08-06T19:06:12,233253,2026-08-06,3.89,15,13,3,50.37,108.0,6,2026-08-06,2
159,7A4rW6quroPut2I6OsCys9,23enz9nXJhH1BR1Rm5CzDJ,5NGO30tJxFlKixkPSgXcFE,Canary In A Coalmine,The Police,Zenyatta Mondatta (Remastered 2003),2026-08-06T17:29:24,146666,2026-08-06,2.44,15,13,3,50.37,108.0,6,2026-08-06,2
160,2e2P8zydI5GtcaVhTkOYa9,23enz9nXJhH1BR1Rm5CzDJ,5NGO30tJxFlKixkPSgXcFE,"When The World Is Running Down, You Make The Best Of What's Still Around",The Police,Zenyatta Mondatta (Remastered 2003),2026-08-06T17:26:58,216666,2026-08-06,3.61,15,13,3,50.37,108.0,6,2026-08-06,2
161,3sAsM39lExnrDY9R3NCNh2,0KBdfMTMxi0oD1oVqApTjr,432R46LaYsJZV2Gmc4jUV5,A Means to an End - 2020 Digital Master,Joy Division,Closer,2026-08-06T17:23:20,249546,2026-08-06,4.16,23,22,5,98.82000000000001,181.8,6,2026-08-11,2
162,2xdVantHk5zayugYswViOh,0KBdfMTMxi0oD1oVqApTjr,432R46LaYsJZV2Gmc4jUV5,Colony - 2020 Digital Master,Joy Division,Closer,2026-08-06T17:19:11,235626,2026-08-06,3.93,23,22,5,98.82000000000001,181.8,6,2026-08-11,2
163,1HEHQ6UgRvbJ4byX7JIuF9,0KBdfMTMxi0oD1oVqApTjr,432R46LaYsJZV2Gmc4jUV5,Passover - 2020 Digital Master,Joy Division,Closer,2026-08-06T17:15:16,286680,2026-08-06,4.78,23,22,5,98.82000000000001,181.8,6,2026-08-11,2
164,3ixzqclumr9K5ZY8xcdo0O,23enz9nXJhH1BR1Rm5CzDJ,5NGO30tJxFlKixkPSgXcFE,Driven To Tears,The Police,Zenyatta Mondatta (Remastered 2003),2026-08-06T17:10:28,200533,2026-08-06,3.34,15,13,3,50.37,108.0,6,2026-08-06,2
165,5veJDT0MLsLbhYsx42GXUD,23enz9nXJhH1BR1Rm5CzDJ,5NGO30tJxFlKixkPSgXcFE,Don't Stand So Close To Me,The Police,Zenyatta Mondatta (Remastered 2003),2026-08-06T17:07:07,242666,2026-08-06,4.04,15,13,3,50.37,108.0,6,2026-08-06,2
166,3YieLMJJLupxpiZ2NNZMeF,5PvkD4XryLL9oC4NFItYIM,2x9SpqnPi8rlE9pjHBwmSC,Radio Head - Tito Larriva Vocal Version,Talking Heads,True Stories,2026-08-06T16:10:46,230226,2026-08-06,3.84,99,73,18,455.23,637.02,6,2026-08-14,6
167,32WE94qL2TY9zOLauARoFt,5PvkD4XryLL9oC4NFItYIM,2x9SpqnPi8rlE9pjHBwmSC,Papa Legba - Pop Staples Vocal Version,Talking Heads,True Stories,2026-08-06T16:06:56,361693,2026-08-06,6.03,99,73,18,455.23,637.02,6,2026-08-14,6
168,79EODL17p2jtIM0DjmWfou,5PvkD4XryLL9oC4NFItYIM,2x9SpqnPi8rlE9pjHBwmSC,Wild Wild Life - Extended Mix; 2005 Remaster,Talking Heads,True Stories,2026-08-06T16:00:54,336480,2026-08-06,5.61,99,73,18,455.23,637.02,6,2026-08-14,6
169,1oQagJhSI9Gz6W7zDpf8xm,5PvkD4XryLL9oC4NFItYIM,2x9SpqnPi8rlE9pjHBwmSC,City of Dreams - 2005 Remaster,Talking Heads,True Stories,2026-08-06T15:55:18,309306,2026-08-06,5.16,99,73,18,455.23,637.02,6,2026-08-14,6
170,22JgAuQRDcXnWr4YI4MWRX,5PvkD4XryLL9oC4NFItYIM,2x9SpqnPi8rlE9pjHBwmSC,People Like Us - 2005 Remaster,Talking Heads,True Stories,2026-08-06T15:50:09,268093,2026-08-06,4.47,99,73,18,455.23,637.02,6,2026-08-14,6
171,1eOcZTluAXwv5ZbvpEKnvy,5PvkD4XryLL9oC4NFItYIM,2x9SpqnPi8rlE9pjHBwmSC,Dream Operator - 2005 Remaster,Talking Heads,True Stories,2026-08-06T15:45:41,278733,2026-08-06,4.65,99,73,18,455.23,637.02,6,2026-08-14,6
172,6i9jy9c1xTtSmdkGpFljaO,5PvkD4XryLL9oC4NFItYIM,2x9SpqnPi8rlE9pjHBwmSC,Radio Head - 2005 Remaster,Talking Heads,True Stories,2026-08-06T15:41:02,212266,2026-08-06,3.54,99,73,18,455.23,637.02,6,2026-08-14,6
173,28tm99nfjgD7zcZ7XrdXty,57UuXCYkx1wZW7gfl8hvjB,3iUjRVvYCsMfz7tuAQtBDI,Sleepwalk - 2008 Remaster,Ultravox,Vienna (Remastered Definitive Edition),2026-08-06T13:51:50,192720,2026-08-06,3.21,58,29,14,275.81,391.41,6,2026-08-05,4
174,6hHc7Pks7wtBIW8Z6A0iFq,6iHuSGy6pq4tNGFV3ZVPtl,0yNLKJebCb8Aueb54LYya3,Blue Monday,New Order,Substance,2026-08-06T13:48:22,449160,2026-08-06,7.49,82,53,21,429.43,576.21,6,2026-08-03,6
175,4r2whEL3h1ZA7rQJikSksw,5ueP8JeD2SeNSYzX7ybnPc,3iUjRVvYCsMfz7tuAQtBDI,The Thin Wall - 2008 Remaster,Ultravox,Rage in Eden,2026-08-06T13:40:42,341920,2026-08-06,5.7,58,29,14,275.81,391.41,6,2026-08-05,4
176,3HI1yqFW7yhSkNXhtBTwly,6cjugjFHB3T1alJxAffyxQ,0yNLKJebCb8Aueb54LYya3,Shellshock,New Order,The Best of New Order,2026-08-06T13:35:00,264866,2026-08-06,4.41,82,53,21,429.43,576.21,6,2026-08-03,6
177,4u6rcmlhDDgS0YAo8ZMI4a,5PvkD4XryLL9oC4NFItYIM,2x9SpqnPi8rlE9pjHBwmSC,Wild Wild Life - 2005 Remaster,Talking Heads,True Stories,2026-08-06T13:30:31,220680,2026-08-06,3.68,99,73,18,455.23,637.02,6,2026-08-14,6
178,0C6yB068XgDCrJDKt9jR3u,5PvkD4XryLL9oC4NFItYIM,2x9SpqnPi8rlE9pjHBwmSC,Papa Legba - 2005 Remaster,Talking Heads,True Stories,2026-08-06T13:26:51,355973,2026-08-06,5.93,99,73,18,455.23,637.02,6,2026-08-14,6
179,2KgQ6RMRhX1GwdfayaxNa6,5PvkD4XryLL9oC4NFItYIM,2x9SpqnPi8rlE9pjHBwmSC,Hey Now - 2005 Remaster,Talking Heads,True Stories,2026-08-06T13:20:54,222986,2026-08-06,3.72,99,73,18,455.23,637.02,6,2026-08-14,6
180,4wMeBJIYhm7CVbeL5D4MGh,5PvkD4XryLL9oC4NFItYIM,2x9SpqnPi8rlE9pjHBwmSC,Puzzlin' Evidence - 2005 Remaster,Talking Heads,True Stories,2026-08-06T13:17:12,324026,2026-08-06,5.4,99,73,18,455.23,637.02,6,2026-08-14,6
181,1RqNYDlHoHNdr3QGLtzKtb,5PvkD4XryLL9oC4NFItYIM,2x9SpqnPi8rlE9pjHBwmSC,Love for Sale - 2005 Remaster,Talking Heads,True Stories,2026-08-06T13:09:00,271813,2026-08-06,4.53,99,73,18,455.23,637.02,6,2026-08-14,6
182,6VWFXP7jOblEV0xidoMggI,6v1vndOiIQS6MQr6JZZxhD,4lianjyuR1tqf6oUX8kjrZ,Col tempo sai,Franco Battiato,Fleurs 3,2026-08-07T10:39:00,214720,2026-08-07,3.58,71,55,10,273.03,435.24,7,2026-08-12,2
183,5O4b4BAOmaCzGdyqaBWEtl,3QD7rcprpyoMnSHnX2UDhE,4lianjyuR1tqf6oUX8kjrZ,Aspettando L'Estate,Franco Battiato,Il Vuoto,2026-08-07T10:35:12,213360,2026-08-07,3.56,71,55,10,273.03,435.24,7,2026-08-12,2
184,7oXOoyO2LGsl3zWqrRVZyY,0b33cACjsSPVBchGgsFGMu,4lianjyuR1tqf6oUX8kjrZ,Le aquile non volano a stormi,Franco Battiato,Universi paralleli di Franco Battiato,2026-08-07T10:31:38,206560,2026-08-07,3.44,71,55,10,273.03,435.24,7,2026-08-12,2
185,5eKshEelKkCN9gSCC24bDL,7CdGW9JRoTbqk2v5imOHQd,4lianjyuR1tqf6oUX8kjrZ,Come Un Cammello In Una Grondaia - 2008 Remaster,Franco Battiato,Come Un Cammello In Una Grondaia (2008 Remastered Edition),2026-08-07T10:28:11,211173,2026-08-07,3.52,71,55,10,273.03,435.24,7,2026-08-12,2
186,3kp9Ji3GSt62461FZ2gTLj,5v9MxUngO1GZ5rtxLtWokm,4lianjyuR1tqf6oUX8kjrZ,L'animale,Franco Battiato,Torneremo Ancora,2026-08-07T10:24:37,185933,2026-08-07,3.1,71,55,10,273.03,435.24,7,2026-08-12,2
187,5CMHrrdnlmvYH3zOwTGP7J,3tZmzx3Og386HMV4vp4Dli,4lianjyuR1tqf6oUX8kjrZ,Ricerca Sul Terzo - 2008 Remaster,Franco Battiato,Caffé De La Paix (2008 Remastered Edition),2026-08-07T10:21:31,239213,2026-08-07,3.99,71,55,10,273.03,435.24,7,2026-08-12,2
188,5prIsUvI0KGSrz2oNX1UGp,3tZmzx3Og386HMV4vp4Dli,4lianjyuR1tqf6oUX8kjrZ,Lode All'Inviolato - 2008 Remaster,Franco Battiato,Caffé De La Paix (2008 Remastered Edition),2026-08-07T10:17:31,233440,2026-08-07,3.89,71,55,10,273.03,435.24,7,2026-08-12,2
189,2WtslakEz6s0PcIgynJpnc,4RD4REp6RE2kVZ96Uf1TgB,4lianjyuR1tqf6oUX8kjrZ,Oceano Di Silenzio - Live 1988 / Remastered 2020,Franco Battiato,Giubbe Rosse (Deluxe 30th Anniversary Live & Remastered Edition / Remastered 2020),2026-08-07T10:13:37,265120,2026-08-07,4.42,71,55,10,273.03,435.24,7,2026-08-12,2
190,6RtyDR21q21OXaoKXoAsJK,0xM84XzqFGTDsFjPgCrXh9,0f3kLT4wvi2mFHlHJgV8Hl,The Lion's Mouth - Beast Mix,Kajagoogoo,Islands,2026-08-07T09:09:09,339240,2026-08-07,5.65,10,5,8,54.67,103.18,7,2026-08-21,2
191,0lmB7rb7KzPP4oJRSGrcks,57UuXCYkx1wZW7gfl8hvjB,3iUjRVvYCsMfz7tuAQtBDI,Mr. X - 2008 Remaster,Ultravox,Vienna (Remastered Definitive Edition),2026-08-07T09:03:29,395346,2026-08-07,6.59,58,29,14,275.81,391.41,7,2026-08-05,4
196,6hHc7Pks7wtBIW8Z6A0iFq,6iHuSGy6pq4tNGFV3ZVPtl,0yNLKJebCb8Aueb54LYya3,Blue Monday,New Order,Substance,2026-08-07T08:38:26,449160,2026-08-07,7.49,82,53,21,429.43,576.21,7,2026-08-03,6
197,76bQ9pdTmSkw8tOEKo8VSE,2QDolqCMmtvKMT3EEQKFAv,3iUjRVvYCsMfz7tuAQtBDI,Lament - Single Version,Ultravox,The Very Best of Ultravox,2026-08-07T08:30:56,258880,2026-08-07,4.31,58,29,14,275.81,391.41,7,2026-08-05,4
198,08Yjr6SQehUAK2GIcNdFbK,4ksJGDgtixAqJ390XWv0Ua,2x9SpqnPi8rlE9pjHBwmSC,Sax and Violins,Talking Heads,Popular Favorites 1976 - 1992 / Sand in the Vaseline,2026-08-07T08:26:36,318200,2026-08-07,5.3,99,73,18,455.23,637.02,7,2026-08-14,6
199,3caRFTnvIzPw6wlbwsZt2x,57UuXCYkx1wZW7gfl8hvjB,3iUjRVvYCsMfz7tuAQtBDI,Passing Strangers - 2008 Remaster,Ultravox,Vienna (Remastered Definitive Edition),2026-08-07T08:21:17,230960,2026-08-07,3.85,58,29,14,275.81,391.41,7,2026-08-05,4
201,1qHNkClo6L6ycutsLIo9dq,6iHuSGy6pq4tNGFV3ZVPtl,0yNLKJebCb8Aueb54LYya3,The Perfect Kiss - Substance Edit,New Order,Substance,2026-08-07T08:13:35,482200,2026-08-07,8.04,82,53,21,429.43,576.21,7,2026-08-03,6
202,1b5loVZjltvWbn0fFmslca,6cjugjFHB3T1alJxAffyxQ,0yNLKJebCb8Aueb54LYya3,Touched by the Hand of God,New Order,The Best of New Order,2026-08-07T08:05:32,225933,2026-08-07,3.77,82,53,21,429.43,576.21,7,2026-08-03,6
203,4r2whEL3h1ZA7rQJikSksw,5ueP8JeD2SeNSYzX7ybnPc,3iUjRVvYCsMfz7tuAQtBDI,The Thin Wall - 2008 Remaster,Ultravox,Rage in Eden,2026-08-07T08:01:46,341920,2026-08-07,5.7,58,29,14,275.81,391.41,7,2026-08-05,4
204,4kce4Pp3zYbzeuq30MPvpr,57UuXCYkx1wZW7gfl8hvjB,3iUjRVvYCsMfz7tuAQtBDI,Astradyne - 2008 Remaster,Ultravox,Vienna (Remastered Definitive Edition),2026-08-07T07:55:38,428880,2026-08-07,7.15,58,29,14,275.81,391.41,7,2026-08-05,4
205,1LI9qxcm3n6iTxPi6fT6HM,2ODAEaYlqS88SU4ZZu1bI6,0yNLKJebCb8Aueb54LYya3,World (The Price of Love) - Radio Edit; 2015 Remaster,New Order,Singles (2016 Remaster),2026-08-07T06:47:29,222146,2026-08-07,3.7,82,53,21,429.43,576.21,7,2026-08-03,6
206,6leYEYciYSJc8wmpmeAE0g,57UuXCYkx1wZW7gfl8hvjB,3iUjRVvYCsMfz7tuAQtBDI,Western Promise - 2008 Remaster,Ultravox,Vienna (Remastered Definitive Edition),2026-08-07T06:43:46,318560,2026-08-07,5.31,58,29,14,275.81,391.41,7,2026-08-05,4
207,1VZFmtsZuuqm0EV6KQihE8,6iHuSGy6pq4tNGFV3ZVPtl,0yNLKJebCb8Aueb54LYya3,Everythings Gone Green,New Order,Substance,2026-08-07T06:38:27,330680,2026-08-07,5.51,82,53,21,429.43,576.21,7,2026-08-03,6
209,70gsGvTtjXyYAp0M1X6DPH,0xM84XzqFGTDsFjPgCrXh9,0f3kLT4wvi2mFHlHJgV8Hl,Big Apple - Metro Mix,Kajagoogoo,Islands,2026-08-07T06:29:17,365880,2026-08-07,6.1,10,5,8,54.67,103.18,7,2026-08-21,2
210,2xN8RYKg69sdfoqtvYnwwM,7tc1nTdBA717D74uJ07VRn,1aX2dmV8XoHYCOQRxjPESG,Being Boiled - Fast Version / 2003 Digital Remaster,The Human League,Reproduction,2026-08-06T21:55:17,234040,2026-08-06,3.9,79,44,18,428.81,554.77,6,2026-08-08,5
211,2a6rF2apJlh6YBZLAMPTJ6,3jXcYtp7cvl9lLvA5x8mwE,1aX2dmV8XoHYCOQRxjPESG,(Keep Feeling) Fascination,The Human League,Fascination,2026-08-06T21:51:21,225520,2026-08-06,3.76,79,44,18,428.81,554.77,6,2026-08-08,5
212,2ZX1SoLARekekN9fbwloxj,6PyR3pcLILu7KgE7axImpq,1aX2dmV8XoHYCOQRxjPESG,Don't You Want Me - Purple Disco Machine Extended Mix,The Human League,Don't You Want Me (Purple Disco Machine Remix),2026-08-06T21:47:33,467999,2026-08-06,7.8,79,44,18,428.81,554.77,6,2026-08-08,5
213,3BTzwW4PLNDtREjesuYy03,6PyR3pcLILu7KgE7axImpq,1aX2dmV8XoHYCOQRxjPESG,Don't You Want Me - Purple Disco Machine Remix,The Human League,Don't You Want Me (Purple Disco Machine Remix),2026-08-06T21:39:45,210247,2026-08-06,3.5,79,44,18,428.81,554.77,6,2026-08-08,5
214,32mJGtLJXfNB2DtbrIX4Ki,2lm0ytMRpYQPcv11JFASDl,1GkiKu2FJFSBrXSL8wKFzy,The New Adventure,Jerry Harrison,The Red And The Black,2026-08-07T23:05:39,306720,2026-08-07,5.11,21,12,9,94.97,167.1,7,2026-08-08,3
215,15RZjKzG8HbbS9arAq9YvK,2lm0ytMRpYQPcv11JFASDl,1GkiKu2FJFSBrXSL8wKFzy,Slink,Jerry Harrison,The Red And The Black,2026-08-07T23:00:32,262266,2026-08-07,4.37,21,12,9,94.97,167.1,7,2026-08-08,3
216,6fCRWk36SFKSuxlepKpsgY,2lm0ytMRpYQPcv11JFASDl,1GkiKu2FJFSBrXSL8wKFzy,Things Fall Apart,Jerry Harrison,The Red And The Black,2026-08-07T22:56:10,302746,2026-08-07,5.05,21,12,9,94.97,167.1,7,2026-08-08,3
217,1awMCQIpxoObH8vqwqlZXV,6QIdMmZpDxqo2TuJYkwRMN,5SzgUF6HG0rix7dOgVzAFF,Kalungu Talks,Jasper van't Hofs Pili Pili,Pili Pili,2026-08-07T19:25:57,392333,2026-08-07,6.54,19,16,4,138.63,204.1,7,2026-08-08,3
219,1AjFaXNPH8uqvpFTSln2XE,6QIdMmZpDxqo2TuJYkwRMN,5SzgUF6HG0rix7dOgVzAFF,Smiling Lingala,Jasper van't Hofs Pili Pili,Pili Pili,2026-08-07T17:25:36,270426,2026-08-07,4.51,19,16,4,138.63,204.1,7,2026-08-08,3
220,5o63XXSCnte2qrXQfaFqLn,7uMOq45PDzQUNKVfmxjvtg,5SzgUF6HG0rix7dOgVzAFF,Pili Pili,Jasper van't Hofs Pili Pili,Post Scriptum,2026-08-07T17:21:05,944133,2026-08-07,15.74,19,16,4,138.63,204.1,7,2026-08-08,3
221,1jA7904tiPZ7SaIR07s4oR,3ZirKFZ0s8jbw2eX8dD4dR,7zfhej6FnVXN9LIXs6dcoK,Malagueña Salerosa,The Tubes,The Tubes,2026-08-07T15:58:41,233973,2026-08-07,3.9,14,14,2,53.76,110.69,7,2026-08-07,2
222,28Qou4XEDMl1yeB9habS8M,3ZirKFZ0s8jbw2eX8dD4dR,7zfhej6FnVXN9LIXs6dcoK,Space Baby,The Tubes,The Tubes,2026-08-07T15:54:48,265311,2026-08-07,4.42,14,14,2,53.76,110.69,7,2026-08-07,2
223,1tXUZUWyDCGjksQ0LnR46r,3ZirKFZ0s8jbw2eX8dD4dR,7zfhej6FnVXN9LIXs6dcoK,Haloes,The Tubes,The Tubes,2026-08-07T15:50:22,293893,2026-08-07,4.9,14,14,2,53.76,110.69,7,2026-08-07,2
224,5Q16bnUwOihCO2A4qsvhCp,12kbRL9t2VzUkFcESvku9U,7zfhej6FnVXN9LIXs6dcoK,Love's A Mystery (I Don't Understand),The Tubes,Remote Control,2026-08-07T15:40:20,208346,2026-08-07,3.47,14,14,2,53.76,110.69,7,2026-08-07,2
225,0B4eGpx0pXovYWhZEbEv9M,12kbRL9t2VzUkFcESvku9U,7zfhej6FnVXN9LIXs6dcoK,Be Mine Tonight,The Tubes,Remote Control,2026-08-07T15:36:51,210066,2026-08-07,3.5,14,14,2,53.76,110.69,7,2026-08-07,2
226,1kfdYtF1Yv8WX1mdV4V6IU,12kbRL9t2VzUkFcESvku9U,7zfhej6FnVXN9LIXs6dcoK,Only The Strong Survive,The Tubes,Remote Control,2026-08-07T15:33:21,232813,2026-08-07,3.88,14,14,2,53.76,110.69,7,2026-08-07,2
227,6TrcoTwph7ARX2rXJAeizO,12kbRL9t2VzUkFcESvku9U,7zfhej6FnVXN9LIXs6dcoK,No Mercy,The Tubes,Remote Control,2026-08-07T15:29:28,206640,2026-08-07,3.44,14,14,2,53.76,110.69,7,2026-08-07,2
228,7IeWohah2RV2t5o0DkBkBR,12kbRL9t2VzUkFcESvku9U,7zfhej6FnVXN9LIXs6dcoK,Getoverture,The Tubes,Remote Control,2026-08-07T15:26:02,203626,2026-08-07,3.39,14,14,2,53.76,110.69,7,2026-08-07,2
229,1RqNYDlHoHNdr3QGLtzKtb,5PvkD4XryLL9oC4NFItYIM,2x9SpqnPi8rlE9pjHBwmSC,Love for Sale - 2005 Remaster,Talking Heads,True Stories,2026-08-07T13:33:59,271813,2026-08-07,4.53,99,73,18,455.23,637.02,7,2026-08-14,6
230,3BTzwW4PLNDtREjesuYy03,6PyR3pcLILu7KgE7axImpq,1aX2dmV8XoHYCOQRxjPESG,Don't You Want Me - Purple Disco Machine Remix,The Human League,Don't You Want Me (Purple Disco Machine Remix),2026-08-07T13:29:22,210247,2026-08-07,3.5,79,44,18,428.81,554.77,7,2026-08-08,5
231,7A4rW6quroPut2I6OsCys9,23enz9nXJhH1BR1Rm5CzDJ,5NGO30tJxFlKixkPSgXcFE,Canary In A Coalmine,The Police,Zenyatta Mondatta (Remastered 2003),2026-08-07T13:25:46,146666,2026-08-07,2.44,15,13,3,50.37,108.0,7,2026-08-06,2
232,6fCRWk36SFKSuxlepKpsgY,2lm0ytMRpYQPcv11JFASDl,1GkiKu2FJFSBrXSL8wKFzy,Things Fall Apart,Jerry Harrison,The Red And The Black,2026-08-07T13:23:18,302746,2026-08-07,5.05,21,12,9,94.97,167.1,7,2026-08-08,3
233,2iOSFP5zgP7uX54oUAnPG7,48e5bZFgvlWlVN8KVdaNON,3iUjRVvYCsMfz7tuAQtBDI,Reap the Wild Wind - 2009 Remaster,Ultravox,Quartet (2009 Remaster),2026-08-07T13:18:15,229346,2026-08-07,3.82,58,29,14,275.81,391.41,7,2026-08-05,4
234,1bVYSVOMiFR6GzOUm7WDi2,15BhyErNMCS96rXaeAkMre,3iUjRVvYCsMfz7tuAQtBDI,White China - 2009 Remaster,Ultravox,Lament (2009 Remaster),2026-08-07T13:14:15,233346,2026-08-07,3.89,58,29,14,275.81,391.41,7,2026-08-05,4
235,4wMeBJIYhm7CVbeL5D4MGh,5PvkD4XryLL9oC4NFItYIM,2x9SpqnPi8rlE9pjHBwmSC,Puzzlin' Evidence - 2005 Remaster,Talking Heads,True Stories,2026-08-07T13:10:21,324026,2026-08-07,5.4,99,73,18,455.23,637.02,7,2026-08-14,6
236,5AsvlvXMbxFsNFwWElSgX4,38dDUvG4WftuwpWB4RJaLY,1aX2dmV8XoHYCOQRxjPESG,Tom Baker - B-Side / Remastered 2021,The Human League,Dare: Singles & Remixes,2026-08-07T13:04:56,240200,2026-08-07,4.0,79,44,18,428.81,554.77,7,2026-08-08,5
237,43AaU6ZczMNX0AocXLW5EO,38dDUvG4WftuwpWB4RJaLY,1aX2dmV8XoHYCOQRxjPESG,Hard Times - B-Side / Remastered 2021,The Human League,Dare: Singles & Remixes,2026-08-07T13:00:56,294666,2026-08-07,4.91,79,44,18,428.81,554.77,7,2026-08-08,5
238,551Mr9INSzPxxTJsM7NmUZ,38dDUvG4WftuwpWB4RJaLY,1aX2dmV8XoHYCOQRxjPESG,Hard Times / Love Action - Single Version / Remastered 2021,The Human League,Dare: Singles & Remixes,2026-08-07T12:56:02,613253,2026-08-07,10.22,79,44,18,428.81,554.77,7,2026-08-08,5
239,1u0lFRxxwIqigbkFCRprpV,2JfiVMvVhdueC48EmskS7t,12VaqyEhgwDRuFfEqbnrpz,On Battleship Hill,PJ Harvey,Let England Shake,2026-08-08T10:54:31,247666,2026-08-08,4.13,13,13,2,48.63,102.59,8,2026-08-01,1
240,7Bw5XYKi9fBoFbXFoE8PVN,2JfiVMvVhdueC48EmskS7t,12VaqyEhgwDRuFfEqbnrpz,All And Everyone,PJ Harvey,Let England Shake,2026-08-08T10:50:24,339880,2026-08-08,5.66,13,13,2,48.63,102.59,8,2026-08-01,1
241,64EePXuDYpMZMvaTT7k8vi,2JfiVMvVhdueC48EmskS7t,12VaqyEhgwDRuFfEqbnrpz,The Words That Maketh Murder,PJ Harvey,Let England Shake,2026-08-08T10:44:44,225840,2026-08-08,3.76,13,13,2,48.63,102.59,8,2026-08-01,1
242,5eAcmyKEmOkdIEBopUqM4J,2JfiVMvVhdueC48EmskS7t,12VaqyEhgwDRuFfEqbnrpz,The Glorious Land,PJ Harvey,Let England Shake,2026-08-08T10:40:58,214693,2026-08-08,3.58,13,13,2,48.63,102.59,8,2026-08-01,1
243,2K7qvmfEWQm41wIJkjDBj4,2JfiVMvVhdueC48EmskS7t,12VaqyEhgwDRuFfEqbnrpz,The Last Living Rose,PJ Harvey,Let England Shake,2026-08-08T10:37:24,141280,2026-08-08,2.35,13,13,2,48.63,102.59,8,2026-08-01,1
244,6DST3HT8zF8WpNmg9tHuaa,2JfiVMvVhdueC48EmskS7t,12VaqyEhgwDRuFfEqbnrpz,Let England Shake,PJ Harvey,Let England Shake,2026-08-08T10:35:02,189280,2026-08-08,3.15,13,13,2,48.63,102.59,8,2026-08-01,1
245,4ZFeCnlyMwzhjuNhKHlmQD,38dDUvG4WftuwpWB4RJaLY,1aX2dmV8XoHYCOQRxjPESG,Don't You Want Me - Extended Dance Mix / Remastered 2021,The Human League,Dare: Singles & Remixes,2026-08-08T10:31:15,452986,2026-08-08,7.55,79,44,18,428.81,554.77,8,2026-08-08,5
246,06BiZXstMGADTs649izouN,38dDUvG4WftuwpWB4RJaLY,1aX2dmV8XoHYCOQRxjPESG,The Sound Of The Crowd - Extended / Remastered 2021,The Human League,Dare: Singles & Remixes,2026-08-08T10:23:41,388346,2026-08-08,6.47,79,44,18,428.81,554.77,8,2026-08-08,5
247,5cVNRrUletBANnNWUzuR5O,38dDUvG4WftuwpWB4RJaLY,1aX2dmV8XoHYCOQRxjPESG,Love Action (I Believe In Love) - Edit / Remastered 2021,The Human League,Dare: Singles & Remixes,2026-08-08T10:17:13,232493,2026-08-08,3.87,79,44,18,428.81,554.77,8,2026-08-08,5
248,5OtCnDafWFGmHIW6LEX38f,38dDUvG4WftuwpWB4RJaLY,1aX2dmV8XoHYCOQRxjPESG,Hard Times / Love Action - B-Side Instrumental / Remastered 2021,The Human League,Dare: Singles & Remixes,2026-08-08T10:13:20,667306,2026-08-08,11.12,79,44,18,428.81,554.77,8,2026-08-08,5
249,45oM1vS9xeTXCNq6BOkNzO,38dDUvG4WftuwpWB4RJaLY,1aX2dmV8XoHYCOQRxjPESG,The Sound Of The Crowd (Add Your Voice) - B-Side / Remastered 2021,The Human League,Dare: Singles & Remixes,2026-08-08T00:15:33,252053,2026-08-08,4.2,79,44,18,428.81,554.77,8,2026-08-08,5
250,6TWqJAxovKiFZGABttpXRV,38dDUvG4WftuwpWB4RJaLY,1aX2dmV8XoHYCOQRxjPESG,Non-Stop - B-Side / Remastered 2021,The Human League,Dare: Singles & Remixes,2026-08-08T00:11:21,258320,2026-08-08,4.31,79,44,18,428.81,554.77,8,2026-08-08,5
251,6XJK2hIYBpOruk5Z9cRwer,38dDUvG4WftuwpWB4RJaLY,1aX2dmV8XoHYCOQRxjPESG,Dancevision - B-Side / Remastered 2021,The Human League,Dare: Singles & Remixes,2026-08-08T00:07:03,140733,2026-08-08,2.35,79,44,18,428.81,554.77,8,2026-08-08,5
252,1cyITp0gGxQHtW9WrK8aga,38dDUvG4WftuwpWB4RJaLY,1aX2dmV8XoHYCOQRxjPESG,Boys And Girls - B-Side / Remastered 2021,The Human League,Dare: Singles & Remixes,2026-08-08T00:04:42,193653,2026-08-08,3.23,79,44,18,428.81,554.77,8,2026-08-08,5
253,3CAWvns1fmJrNMPk4prasj,1nkKDM0EfKvJNKHsMFSvSS,1GkiKu2FJFSBrXSL8wKFzy,Rev It Up,Jerry Harrison,Casual Gods,2026-08-07T23:15:58,251466,2026-08-07,4.19,21,12,9,94.97,167.1,7,2026-08-08,3
254,2LX4pvik2n6648LuU7p4b4,3qmzvmqd3rh0df0zIn5reT,2x9SpqnPi8rlE9pjHBwmSC,Love for Sale - Extended Mix,Talking Heads,Remixed,2026-08-08T21:17:18,368426,2026-08-08,6.14,99,73,18,455.23,637.02,8,2026-08-14,6
255,3DvxczUMSppg57jJKZogJ4,3qmzvmqd3rh0df0zIn5reT,2x9SpqnPi8rlE9pjHBwmSC,Wild Wild Life - Long E.T. Mix,Talking Heads,Remixed,2026-08-08T21:11:10,329506,2026-08-08,5.49,99,73,18,455.23,637.02,8,2026-08-14,6
256,7u4YP0Huv3ZvqydhiRlFTu,3qmzvmqd3rh0df0zIn5reT,2x9SpqnPi8rlE9pjHBwmSC,And She Was - Extended Mix,Talking Heads,Remixed,2026-08-08T21:05:40,296413,2026-08-08,4.94,99,73,18,455.23,637.02,8,2026-08-14,6
257,2QrUwDrmjkyXyYfGYM5xCF,3qmzvmqd3rh0df0zIn5reT,2x9SpqnPi8rlE9pjHBwmSC,Television Man - Extended Mix,Talking Heads,Remixed,2026-08-08T21:00:44,482200,2026-08-08,8.04,99,73,18,455.23,637.02,8,2026-08-14,6
258,2v8j9hkx52GhrwuZlLTgL0,3qmzvmqd3rh0df0zIn5reT,2x9SpqnPi8rlE9pjHBwmSC,The Lady Don't Mind - Extended Mix,Talking Heads,Remixed,2026-08-08T20:52:42,410893,2026-08-08,6.85,99,73,18,455.23,637.02,8,2026-08-14,6
259,3h7yqmCIvLnN7yWu8H3Zoe,2lm0ytMRpYQPcv11JFASDl,1GkiKu2FJFSBrXSL8wKFzy,"No Warning, No Alarm",Jerry Harrison,The Red And The Black,2026-08-08T20:45:47,215826,2026-08-08,3.6,21,12,9,94.97,167.1,8,2026-08-08,3
260,34bEsVweDWl5hkFoWVmztB,2lm0ytMRpYQPcv11JFASDl,1GkiKu2FJFSBrXSL8wKFzy,No More Reruns,Jerry Harrison,The Red And The Black,2026-08-08T20:40:29,267320,2026-08-08,4.46,21,12,9,94.97,167.1,8,2026-08-08,3
261,30F1BLqSo9cAVzFeZKxc8w,2lm0ytMRpYQPcv11JFASDl,1GkiKu2FJFSBrXSL8wKFzy,The Red Nights - Instrumental,Jerry Harrison,The Red And The Black,2026-08-08T20:36:02,241653,2026-08-08,4.03,21,12,9,94.97,167.1,8,2026-08-08,3
262,0qZ6P4r55QRHUEfXRq9QZx,2lm0ytMRpYQPcv11JFASDl,1GkiKu2FJFSBrXSL8wKFzy,Worlds in Collision,Jerry Harrison,The Red And The Black,2026-08-08T20:32:00,309053,2026-08-08,5.15,21,12,9,94.97,167.1,8,2026-08-08,3
263,0ZN0NCixktyecqoHb3N1TY,2lm0ytMRpYQPcv11JFASDl,1GkiKu2FJFSBrXSL8wKFzy,Fast Karma / No Questions,Jerry Harrison,The Red And The Black,2026-08-08T20:26:51,239546,2026-08-08,3.99,21,12,9,94.97,167.1,8,2026-08-08,3
264,0M8RmfCEUQTIxFGDk7JpFt,2lm0ytMRpYQPcv11JFASDl,1GkiKu2FJFSBrXSL8wKFzy,Magic Hymie,Jerry Harrison,The Red And The Black,2026-08-08T20:22:51,291613,2026-08-08,4.86,21,12,9,94.97,167.1,8,2026-08-08,3
265,5o63XXSCnte2qrXQfaFqLn,7uMOq45PDzQUNKVfmxjvtg,5SzgUF6HG0rix7dOgVzAFF,Pili Pili,Jasper van't Hofs Pili Pili,Post Scriptum,2026-08-08T17:29:18,944133,2026-08-08,15.74,19,16,4,138.63,204.1,8,2026-08-08,3
266,3gXNBIqvK4Blaz5fN6OZHk,7uMOq45PDzQUNKVfmxjvtg,5SzgUF6HG0rix7dOgVzAFF,The Break Tapper,Jasper van't Hofs Pili Pili,Post Scriptum,2026-08-08T17:13:34,207706,2026-08-08,3.46,19,16,4,138.63,204.1,8,2026-08-08,3
267,1BvaT3sNPIlyerhKCr0Epc,7uMOq45PDzQUNKVfmxjvtg,5SzgUF6HG0rix7dOgVzAFF,The Headpeeper,Jasper van't Hofs Pili Pili,Post Scriptum,2026-08-08T17:10:07,192000,2026-08-08,3.2,19,16,4,138.63,204.1,8,2026-08-08,3
268,4gY5riFjX8sTlo0CG6EPZe,7uMOq45PDzQUNKVfmxjvtg,5SzgUF6HG0rix7dOgVzAFF,Forbidden Drums,Jasper van't Hofs Pili Pili,Post Scriptum,2026-08-08T17:06:54,270866,2026-08-08,4.51,19,16,4,138.63,204.1,8,2026-08-08,3
269,3degaZVo48q9t4G3PZ5ft5,7uMOq45PDzQUNKVfmxjvtg,5SzgUF6HG0rix7dOgVzAFF,Hotel Babo,Jasper van't Hofs Pili Pili,Post Scriptum,2026-08-08T17:02:24,286960,2026-08-08,4.78,19,16,4,138.63,204.1,8,2026-08-08,3
270,0OW3oOebGXd4VFjNJrvTAu,7uMOq45PDzQUNKVfmxjvtg,5SzgUF6HG0rix7dOgVzAFF,Hippo Hips,Jasper van't Hofs Pili Pili,Post Scriptum,2026-08-08T16:57:37,259626,2026-08-08,4.33,19,16,4,138.63,204.1,8,2026-08-08,3
271,0IGTfv5evn7QAJ2vRanadA,7uMOq45PDzQUNKVfmxjvtg,5SzgUF6HG0rix7dOgVzAFF,Live is not a Video,Jasper van't Hofs Pili Pili,Post Scriptum,2026-08-08T16:53:17,281693,2026-08-08,4.69,19,16,4,138.63,204.1,8,2026-08-08,3
272,4ysvmoOqtemF84qKPgMTcO,7uMOq45PDzQUNKVfmxjvtg,5SzgUF6HG0rix7dOgVzAFF,Whitewash,Jasper van't Hofs Pili Pili,Post Scriptum,2026-08-08T16:31:14,348946,2026-08-08,5.82,19,16,4,138.63,204.1,8,2026-08-08,3
273,1aAn0JK25YMxBMuTUCKLtX,7uMOq45PDzQUNKVfmxjvtg,5SzgUF6HG0rix7dOgVzAFF,Exaltation,Jasper van't Hofs Pili Pili,Post Scriptum,2026-08-08T16:25:04,117440,2026-08-08,1.96,19,16,4,138.63,204.1,8,2026-08-08,3
274,3U2KtW1dEiSVRve40vMYGW,7uMOq45PDzQUNKVfmxjvtg,5SzgUF6HG0rix7dOgVzAFF,Marabout,Jasper van't Hofs Pili Pili,Post Scriptum,2026-08-08T16:23:07,416840,2026-08-08,6.95,19,16,4,138.63,204.1,8,2026-08-08,3
278,32WE94qL2TY9zOLauARoFt,5PvkD4XryLL9oC4NFItYIM,2x9SpqnPi8rlE9pjHBwmSC,Papa Legba - Pop Staples Vocal Version,Talking Heads,True Stories,2026-08-08T14:01:34,361693,2026-08-08,6.03,99,73,18,455.23,637.02,8,2026-08-14,6
279,6hHc7Pks7wtBIW8Z6A0iFq,6iHuSGy6pq4tNGFV3ZVPtl,0yNLKJebCb8Aueb54LYya3,Blue Monday,New Order,Substance,2026-08-08T13:57:41,449160,2026-08-08,7.49,82,53,21,429.43,576.21,8,2026-08-03,6
280,4ZFeCnlyMwzhjuNhKHlmQD,38dDUvG4WftuwpWB4RJaLY,1aX2dmV8XoHYCOQRxjPESG,Don't You Want Me - Extended Dance Mix / Remastered 2021,The Human League,Dare: Singles & Remixes,2026-08-08T13:49:51,452986,2026-08-08,7.55,79,44,18,428.81,554.77,8,2026-08-08,5
281,4WqxCO5dWikPj3lxgW9us8,7tc1nTdBA717D74uJ07VRn,1aX2dmV8XoHYCOQRxjPESG,The Dignity Of Labour (Part 1) - 2003 Digital Remaster,The Human League,Reproduction,2026-08-08T13:42:17,262666,2026-08-08,4.38,79,44,18,428.81,554.77,8,2026-08-08,5
282,6hCUPyFZygCe4r3XcVl5nu,7tc1nTdBA717D74uJ07VRn,1aX2dmV8XoHYCOQRxjPESG,Introducing - 2003 Digital Remaster,The Human League,Reproduction,2026-08-08T13:37:55,199826,2026-08-08,3.33,79,44,18,428.81,554.77,8,2026-08-08,5
283,0V5XR9vKw7oYofKBFYAK9d,7tc1nTdBA717D74uJ07VRn,1aX2dmV8XoHYCOQRxjPESG,Zero As A Limit - 2003 Digital Remaster,The Human League,Reproduction,2026-08-08T13:34:35,253306,2026-08-08,4.22,79,44,18,428.81,554.77,8,2026-08-08,5
284,2FUN9KHFBSxtr9LPapaWGw,7tc1nTdBA717D74uJ07VRn,1aX2dmV8XoHYCOQRxjPESG,Austerity / Girl One (Medley) - 2003 Digital Remaster,The Human League,Reproduction,2026-08-08T13:30:21,404853,2026-08-08,6.75,79,44,18,428.81,554.77,8,2026-08-08,5
285,2YoSSsjaDq9rsvbKS5x6Ni,7tc1nTdBA717D74uJ07VRn,1aX2dmV8XoHYCOQRxjPESG,Morale.../ You've Lost That Lovin' Feelin' - 2003 Digital Remaster,The Human League,Reproduction,2026-08-08T13:23:36,579440,2026-08-08,9.66,79,44,18,428.81,554.77,8,2026-08-08,5
286,5dUK5h41IMCZcFdZvmHNG0,7tc1nTdBA717D74uJ07VRn,1aX2dmV8XoHYCOQRxjPESG,Empire State Human - Remastered 2003,The Human League,Reproduction,2026-08-08T13:13:57,197853,2026-08-08,3.3,79,44,18,428.81,554.77,8,2026-08-08,5
287,1gJ9XxQILcljbcdQQhgeem,7tc1nTdBA717D74uJ07VRn,1aX2dmV8XoHYCOQRxjPESG,The Word Before Last - 2003 Digital Remaster,The Human League,Reproduction,2026-08-08T13:10:39,244413,2026-08-08,4.07,79,44,18,428.81,554.77,8,2026-08-08,5
288,3Vz9WdyexglQXlCfv97KUC,7tc1nTdBA717D74uJ07VRn,1aX2dmV8XoHYCOQRxjPESG,Blind Youth - 2003 Remaster,The Human League,Reproduction,2026-08-08T13:06:35,205253,2026-08-08,3.42,79,44,18,428.81,554.77,8,2026-08-08,5
289,7zfbkovKITFdQ1tIlqe08P,7tc1nTdBA717D74uJ07VRn,1aX2dmV8XoHYCOQRxjPESG,The Path Of Least Resistance - 2003 Digital Remaster,The Human League,Reproduction,2026-08-08T13:03:09,213253,2026-08-08,3.55,79,44,18,428.81,554.77,8,2026-08-08,5
290,4BPRg6Wz7mYT4X2JmSJgvk,7tc1nTdBA717D74uJ07VRn,1aX2dmV8XoHYCOQRxjPESG,Circus Of Death - 2003 Digital Remaster,The Human League,Reproduction,2026-08-08T12:59:36,235000,2026-08-08,3.92,79,44,18,428.81,554.77,8,2026-08-08,5
291,79ZFG99MosGoR51ENvWE0D,7tc1nTdBA717D74uJ07VRn,1aX2dmV8XoHYCOQRxjPESG,Almost Medieval - 2003 Digital Remaster,The Human League,Reproduction,2026-08-08T12:55:41,283253,2026-08-08,4.72,79,44,18,428.81,554.77,8,2026-08-08,5
292,0BzJ6374dIa9DFdKcibV0f,0L7ggz4vMdACCCnGV2lioZ,3WrFJ7ztbogyGnTHbHJFl2,All You Need Is Love (Rehearsal For BBC Broadcast),The Beatles,Anthology 4,2026-08-09T16:11:19,371440,2026-08-09,6.19,37,37,4,122.38,238.87,9,2026-08-05,2
293,0oEu32l41nYpSXghu5oSRJ,0L7ggz4vMdACCCnGV2lioZ,3WrFJ7ztbogyGnTHbHJFl2,"Baby, You're A Rich Man (Takes 11 And 12)",The Beatles,Anthology 4,2026-08-09T16:05:08,366240,2026-08-09,6.1,37,37,4,122.38,238.87,9,2026-08-05,2
294,3CUy0ZuZHGM8yopMHF3alY,0L7ggz4vMdACCCnGV2lioZ,3WrFJ7ztbogyGnTHbHJFl2,She's Leaving Home (Take 1 - Instrumental),The Beatles,Anthology 4,2026-08-09T15:59:01,230160,2026-08-09,3.84,37,37,4,122.38,238.87,9,2026-08-05,2
295,057VKriJB3p2IPjE2SMOWd,0L7ggz4vMdACCCnGV2lioZ,3WrFJ7ztbogyGnTHbHJFl2,Strawberry Fields Forever (Take 26),The Beatles,Anthology 4,2026-08-09T15:55:11,200440,2026-08-09,3.34,37,37,4,122.38,238.87,9,2026-08-05,2
296,2D2P2vIBdhJWXzIw37XRKN,3pjUG6P3uqhNDFqICGSsyD,6ra4GIOgCZQZMOaUECftGN,Peaches En Regalia,Frank Zappa,Ensemble Modern Plays Frank Zappa: Greggery Peccary & Other Persuasions,2026-08-09T15:50:45,187960,2026-08-09,3.13,28,28,5,140.82,234.56,9,2026-08-09,2
297,5LEnEfIUYqMZdDNZSBOmmA,3pjUG6P3uqhNDFqICGSsyD,6ra4GIOgCZQZMOaUECftGN,Put A Motor In Yourself,Frank Zappa,Ensemble Modern Plays Frank Zappa: Greggery Peccary & Other Persuasions,2026-08-09T15:47:52,320840,2026-08-09,5.35,28,28,5,140.82,234.56,9,2026-08-09,2
298,1EgjpuqYqbChOIL3iN0Y8b,3pjUG6P3uqhNDFqICGSsyD,6ra4GIOgCZQZMOaUECftGN,A Pig With Wings,Frank Zappa,Ensemble Modern Plays Frank Zappa: Greggery Peccary & Other Persuasions,2026-08-09T15:42:31,264626,2026-08-09,4.41,28,28,5,140.82,234.56,9,2026-08-09,2
299,08g3LMg87V5Eeaa8ZPO9Tr,3pjUG6P3uqhNDFqICGSsyD,6ra4GIOgCZQZMOaUECftGN,The Beltway Bandits,Frank Zappa,Ensemble Modern Plays Frank Zappa: Greggery Peccary & Other Persuasions,2026-08-09T15:38:07,216733,2026-08-09,3.61,28,28,5,140.82,234.56,9,2026-08-09,2
300,3fqjOmPDAOQjkQEsWXwuCt,3pjUG6P3uqhNDFqICGSsyD,6ra4GIOgCZQZMOaUECftGN,Revised Music For Low Budget Orchestra,Frank Zappa,Ensemble Modern Plays Frank Zappa: Greggery Peccary & Other Persuasions,2026-08-09T15:34:30,457080,2026-08-09,7.62,28,28,5,140.82,234.56,9,2026-08-09,2
301,6sfWtKdpPo8zSJ8GvldhPa,3pjUG6P3uqhNDFqICGSsyD,6ra4GIOgCZQZMOaUECftGN,Night School,Frank Zappa,Ensemble Modern Plays Frank Zappa: Greggery Peccary & Other Persuasions,2026-08-09T15:26:53,289586,2026-08-09,4.83,28,28,5,140.82,234.56,9,2026-08-09,2
302,6XTvZWk4NRWrCv4k5lTSj8,3pjUG6P3uqhNDFqICGSsyD,6ra4GIOgCZQZMOaUECftGN,What Will Rumi Do?,Frank Zappa,Ensemble Modern Plays Frank Zappa: Greggery Peccary & Other Persuasions,2026-08-09T15:22:03,95866,2026-08-09,1.6,28,28,5,140.82,234.56,9,2026-08-09,2
303,0YXwDZhN6Otf5I3DVp9agT,6HQo3byKYGsHxOqofRmgCh,0yNLKJebCb8Aueb54LYya3,Vanishing Point - 2015 Remaster,New Order,Technique,2026-08-09T15:20:08,317800,2026-08-09,5.3,82,53,21,429.43,576.21,9,2026-08-03,6
304,3caRFTnvIzPw6wlbwsZt2x,57UuXCYkx1wZW7gfl8hvjB,3iUjRVvYCsMfz7tuAQtBDI,Passing Strangers - 2008 Remaster,Ultravox,Vienna (Remastered Definitive Edition),2026-08-09T15:14:49,230960,2026-08-09,3.85,58,29,14,275.81,391.41,9,2026-08-05,4
305,4ZFeCnlyMwzhjuNhKHlmQD,38dDUvG4WftuwpWB4RJaLY,1aX2dmV8XoHYCOQRxjPESG,Don't You Want Me - Extended Dance Mix / Remastered 2021,The Human League,Dare: Singles & Remixes,2026-08-09T15:10:58,452986,2026-08-09,7.55,79,44,18,428.81,554.77,9,2026-08-08,5
306,7MXjfXIb7ho2qPhv3iwyey,3qmzvmqd3rh0df0zIn5reT,2x9SpqnPi8rlE9pjHBwmSC,Blind - Extended Mix,Talking Heads,Remixed,2026-08-09T15:03:19,460466,2026-08-09,7.67,99,73,18,455.23,637.02,9,2026-08-14,6
307,5B9pSKn8wS8EZCJu6FfPTG,3qmzvmqd3rh0df0zIn5reT,2x9SpqnPi8rlE9pjHBwmSC,Radio Head - Extended Mix,Talking Heads,Remixed,2026-08-09T14:55:39,269426,2026-08-09,4.49,99,73,18,455.23,637.02,9,2026-08-14,6
308,3le1gC5zR1EDs9avTnZtMH,3qmzvmqd3rh0df0zIn5reT,2x9SpqnPi8rlE9pjHBwmSC,Hey Now - Milwaukee Mix,Talking Heads,Remixed,2026-08-09T14:51:10,434506,2026-08-09,7.24,99,73,18,455.23,637.02,9,2026-08-14,6
309,7iBFzQ0VGB1X6FwJxssI2B,5v9MxUngO1GZ5rtxLtWokm,4lianjyuR1tqf6oUX8kjrZ,Torneremo ancora,Franco Battiato,Torneremo Ancora,2026-08-09T13:13:57,217933,2026-08-09,3.63,71,55,10,273.03,435.24,9,2026-08-12,2
310,48UjpoksJOCpZ8V9wtrXl5,1Bw3bHsQ9Xwlalhp4NjX1n,4lianjyuR1tqf6oUX8kjrZ,No Time No Space - Remastered,Franco Battiato,Mondi Lontanissimi (2008 Remastered Edition),2026-08-09T13:10:19,207626,2026-08-09,3.46,71,55,10,273.03,435.24,9,2026-08-12,2
311,6GFF4hjtPxL43hGhUARJI4,7CdGW9JRoTbqk2v5imOHQd,4lianjyuR1tqf6oUX8kjrZ,Povera Patria - Remastered,Franco Battiato,Come Un Cammello In Una Grondaia (2008 Remastered Edition),2026-08-09T13:06:51,225320,2026-08-09,3.76,71,55,10,273.03,435.24,9,2026-08-12,2
312,49CvWS1vCU97nDx5qLR6uR,3QD7rcprpyoMnSHnX2UDhE,4lianjyuR1tqf6oUX8kjrZ,Stati Di Gioia,Franco Battiato,Il Vuoto,2026-08-09T13:03:01,289600,2026-08-09,4.83,71,55,10,273.03,435.24,9,2026-08-12,2
313,40LYHoLTm9yzoM0T3hBKVp,1Kn7Ds2UpJTdpBj7oweUh7,4lianjyuR1tqf6oUX8kjrZ,La Canzone Dei Vecchi Amanti,Franco Battiato,Fleurs,2026-08-09T12:58:11,205146,2026-08-09,3.42,71,55,10,273.03,435.24,9,2026-08-12,2
314,2TisrGKUpF3JkknnKmnW28,7CdGW9JRoTbqk2v5imOHQd,4lianjyuR1tqf6oUX8kjrZ,Le Sacre Sinfonie Del Tempo - 2008 Remaster,Franco Battiato,Come Un Cammello In Una Grondaia (2008 Remastered Edition),2026-08-09T12:54:45,225480,2026-08-09,3.76,71,55,10,273.03,435.24,9,2026-08-12,2
315,0dZAj2TBMozyiuTAIcLNBD,5mhHyVk0zf9jvqvx9w77c5,4lianjyuR1tqf6oUX8kjrZ,La Preda,Franco Battiato,Gommalacca,2026-08-09T12:50:50,222413,2026-08-09,3.71,71,55,10,273.03,435.24,9,2026-08-12,2
316,5dJYd11A4MeE6X3QYFugB7,7uMOq45PDzQUNKVfmxjvtg,5SzgUF6HG0rix7dOgVzAFF,The Past Calls,Jasper van't Hofs Pili Pili,Post Scriptum,2026-08-09T12:46:53,320280,2026-08-09,5.34,19,16,4,138.63,204.1,9,2026-08-08,3
317,2Ev53jOAldZU9gOePtWcgZ,7uMOq45PDzQUNKVfmxjvtg,5SzgUF6HG0rix7dOgVzAFF,Post Scriptum,Jasper van't Hofs Pili Pili,Post Scriptum,2026-08-09T11:56:09,500746,2026-08-09,8.35,19,16,4,138.63,204.1,9,2026-08-08,3
318,7eTECm0OzfzrSldC8PhqCb,7uMOq45PDzQUNKVfmxjvtg,5SzgUF6HG0rix7dOgVzAFF,N'Dairaby,Jasper van't Hofs Pili Pili,Post Scriptum,2026-08-09T11:47:48,433773,2026-08-09,7.23,19,16,4,138.63,204.1,9,2026-08-08,3
319,4K1N5dMSf4eupazMgw3roY,7uMOq45PDzQUNKVfmxjvtg,5SzgUF6HG0rix7dOgVzAFF,Les Demoiselles D'Avignon,Jasper van't Hofs Pili Pili,Post Scriptum,2026-08-09T11:40:34,239960,2026-08-09,4.0,19,16,4,138.63,204.1,9,2026-08-08,3
320,5o63XXSCnte2qrXQfaFqLn,7uMOq45PDzQUNKVfmxjvtg,5SzgUF6HG0rix7dOgVzAFF,Pili Pili,Jasper van't Hofs Pili Pili,Post Scriptum,2026-08-09T11:36:32,944133,2026-08-09,15.74,19,16,4,138.63,204.1,9,2026-08-08,3
321,4ayu5ryxpBOk7l0aLvj2Tq,0L7ggz4vMdACCCnGV2lioZ,3WrFJ7ztbogyGnTHbHJFl2,Octopus’s Garden (Rehearsal),The Beatles,Anthology 4,2026-08-10T11:57:46,109240,2026-08-10,1.82,37,37,4,122.38,238.87,10,2026-08-05,2
322,5KnCVOVC5L7guqLM0wT976,0L7ggz4vMdACCCnGV2lioZ,3WrFJ7ztbogyGnTHbHJFl2,Get Back (Take 8),The Beatles,Anthology 4,2026-08-10T11:55:56,231693,2026-08-10,3.86,37,37,4,122.38,238.87,10,2026-08-05,2
323,4CLlw5aSXQcLIdQYI12bKZ,0L7ggz4vMdACCCnGV2lioZ,3WrFJ7ztbogyGnTHbHJFl2,Julia (Two Rehearsals),The Beatles,Anthology 4,2026-08-10T11:52:05,266986,2026-08-10,4.45,37,37,4,122.38,238.87,10,2026-08-05,2
324,1QZky7zNI2SjRhkdLZKIzv,0L7ggz4vMdACCCnGV2lioZ,3WrFJ7ztbogyGnTHbHJFl2,Can You Take Me Back? (Take 1),The Beatles,Anthology 4,2026-08-10T11:47:38,142240,2026-08-10,2.37,37,37,4,122.38,238.87,10,2026-08-05,2
325,38chd25TAsQyuESeALiWlY,0L7ggz4vMdACCCnGV2lioZ,3WrFJ7ztbogyGnTHbHJFl2,I Will (Take 29),The Beatles,Anthology 4,2026-08-10T11:45:16,26773,2026-08-10,0.45,37,37,4,122.38,238.87,10,2026-08-05,2
326,6qDV6X7DCgt50ellsnKrl6,0L7ggz4vMdACCCnGV2lioZ,3WrFJ7ztbogyGnTHbHJFl2,Helter Skelter (Second Version - Take 17),The Beatles,Anthology 4,2026-08-10T11:44:49,218426,2026-08-10,3.64,37,37,4,122.38,238.87,10,2026-08-05,2
327,4p7tRl4MeYiYB65eKQdzRF,0L7ggz4vMdACCCnGV2lioZ,3WrFJ7ztbogyGnTHbHJFl2,(You're So Square) Baby I Don’t Care [Studio Jam],The Beatles,Anthology 4,2026-08-10T11:41:10,43400,2026-08-10,0.72,37,37,4,122.38,238.87,10,2026-08-05,2
328,0d3LveGOYTonQ2xwt0dkvy,0L7ggz4vMdACCCnGV2lioZ,3WrFJ7ztbogyGnTHbHJFl2,While My Guitar Gently Weeps (Third Version - Take 27),The Beatles,Anthology 4,2026-08-10T11:40:27,198360,2026-08-10,3.31,37,37,4,122.38,238.87,10,2026-08-05,2
329,7z55ZWyjrxYWUqF9c9XWvG,0L7ggz4vMdACCCnGV2lioZ,3WrFJ7ztbogyGnTHbHJFl2,Good Night (Take 10 With A Guitar Part From Take 5),The Beatles,Anthology 4,2026-08-10T11:37:09,151160,2026-08-10,2.52,37,37,4,122.38,238.87,10,2026-08-05,2
330,1eEhnAGQYHuZZWEQfcGclb,0L7ggz4vMdACCCnGV2lioZ,3WrFJ7ztbogyGnTHbHJFl2,Hey Bulldog (Take 4 - Instrumental),The Beatles,Anthology 4,2026-08-10T11:34:38,194360,2026-08-10,3.24,37,37,4,122.38,238.87,10,2026-08-05,2
331,7bjZjZ20wSykpEJQCKBVDa,0L7ggz4vMdACCCnGV2lioZ,3WrFJ7ztbogyGnTHbHJFl2,"I Am The Walrus (Take 19 - Strings, Brass, Clarinet Overdub)",The Beatles,Anthology 4,2026-08-10T11:31:23,296933,2026-08-10,4.95,37,37,4,122.38,238.87,10,2026-08-05,2
332,2f79EwFJIHKrTmabtNkVfM,0L7ggz4vMdACCCnGV2lioZ,3WrFJ7ztbogyGnTHbHJFl2,The Fool On The Hill (Take 5 - Instrumental),The Beatles,Anthology 4,2026-08-10T11:26:26,282480,2026-08-10,4.71,37,37,4,122.38,238.87,10,2026-08-05,2
333,3n6URniUFgNrXQEadxzlSu,3ZMIvjtdKwQ75xll79vWk4,4lianjyuR1tqf6oUX8kjrZ,Areknames,Franco Battiato,Pollution,2026-08-09T18:37:08,307346,2026-08-09,5.12,71,55,10,273.03,435.24,9,2026-08-12,2
334,4RNNUgRlBQt7dTqSOWy5kN,46NHXn2wLVqo2xK9AaoOYb,6ra4GIOgCZQZMOaUECftGN,Waka/Jawaka,Frank Zappa,Waka/Jawaka,2026-08-09T18:30:13,677906,2026-08-09,11.3,28,28,5,140.82,234.56,9,2026-08-09,2
335,6thpc083k0TnYu6KW9EVrA,46NHXn2wLVqo2xK9AaoOYb,6ra4GIOgCZQZMOaUECftGN,It Just Might Be A One-Shot Deal,Frank Zappa,Waka/Jawaka,2026-08-09T18:18:55,256372,2026-08-09,4.27,28,28,5,140.82,234.56,9,2026-08-09,2
336,5b8nT6qIc0sx2NQ0OAo3fH,46NHXn2wLVqo2xK9AaoOYb,6ra4GIOgCZQZMOaUECftGN,Your Mouth,Frank Zappa,Waka/Jawaka,2026-08-09T18:14:39,192080,2026-08-09,3.2,28,28,5,140.82,234.56,9,2026-08-09,2
337,26AXAhMtZA9mvwVjwlfNzm,46NHXn2wLVqo2xK9AaoOYb,6ra4GIOgCZQZMOaUECftGN,Big Swifty,Frank Zappa,Waka/Jawaka,2026-08-09T18:11:26,1043066,2026-08-09,17.38,28,28,5,140.82,234.56,9,2026-08-09,2
338,7lhMwmewNFbRl8EuVZ9eFb,4YK7qYQ9I62koYRiN0II6v,4lianjyuR1tqf6oUX8kjrZ,La Stagione Dell'Amore - Remastered 2008,Franco Battiato,Orizzonti Perduti (2008 Remastered Edition),2026-08-09T17:25:07,229693,2026-08-09,3.83,71,55,10,273.03,435.24,9,2026-08-12,2
339,6G6hfn0JKwyIP8S3TxoFDV,4YK7qYQ9I62koYRiN0II6v,4lianjyuR1tqf6oUX8kjrZ,Campane Tibetane - 2008 Remaster,Franco Battiato,Orizzonti Perduti (2008 Remastered Edition),2026-08-09T17:21:17,203746,2026-08-09,3.4,71,55,10,273.03,435.24,9,2026-08-12,2
340,5uqexHjmGO7zq179lMdTex,4sWf0wkRfi49tW4NLxdLj2,4lianjyuR1tqf6oUX8kjrZ,Nomadi - Remastered,Franco Battiato,Fisiognomica (2008 Remastered Edition),2026-08-09T17:17:52,265520,2026-08-09,4.43,71,55,10,273.03,435.24,9,2026-08-12,2
341,5prIsUvI0KGSrz2oNX1UGp,3tZmzx3Og386HMV4vp4Dli,4lianjyuR1tqf6oUX8kjrZ,Lode All'Inviolato - 2008 Remaster,Franco Battiato,Caffé De La Paix (2008 Remastered Edition),2026-08-09T17:13:26,233440,2026-08-09,3.89,71,55,10,273.03,435.24,9,2026-08-12,2
342,1d6WoMWzq2YTfGxUP94Rgy,6vUUBFECAo0oLUWfjqmXtZ,1MD5pgVzlusqGyuSTcTxvu,Bandiera Bianca,Premiata Forneria Marconi,Live In Japan 2002,2026-08-09T17:09:30,241826,2026-08-09,4.03,24,24,5,129.1,214.01,9,2026-08-11,2
343,1ewdTgwzZDPAUrRfSNgd5V,6vUUBFECAo0oLUWfjqmXtZ,1MD5pgVzlusqGyuSTcTxvu,The Sea of Memory,Premiata Forneria Marconi,Live In Japan 2002,2026-08-09T17:05:28,404680,2026-08-09,6.74,24,24,5,129.1,214.01,9,2026-08-11,2
344,0Qrqra03HYRABprGcmdGwF,1NeJ0QqKv002iYDiOCaUOA,1MD5pgVzlusqGyuSTcTxvu,Per un amico,Premiata Forneria Marconi,Per Un Amico,2026-08-09T16:58:40,323840,2026-08-09,5.4,24,24,5,129.1,214.01,9,2026-08-11,2
350,7oNu4gShXbbM1GBJtfJucq,33qkK1brpt6t8unIpeM2Oy,432R46LaYsJZV2Gmc4jUV5,Insight - 2007 Remaster,Joy Division,Unknown Pleasures (Collector's Edition),2026-08-11T14:15:15,266279,2026-08-11,4.44,23,22,5,98.82000000000001,181.8,11,2026-08-11,2
351,7fFTRgP7x9rsGPIvnfkthJ,33qkK1brpt6t8unIpeM2Oy,432R46LaYsJZV2Gmc4jUV5,Candidate - 2007 Remaster,Joy Division,Unknown Pleasures (Collector's Edition),2026-08-11T14:10:49,187879,2026-08-11,3.13,23,22,5,98.82000000000001,181.8,11,2026-08-11,2
352,33yz4pZitBJaa7eXSW5Dxs,33qkK1brpt6t8unIpeM2Oy,432R46LaYsJZV2Gmc4jUV5,Day of the Lords - 2007 Remaster,Joy Division,Unknown Pleasures (Collector's Edition),2026-08-11T14:07:41,287573,2026-08-11,4.79,23,22,5,98.82000000000001,181.8,11,2026-08-11,2
353,5fbQCQt91LsVgXusFS0CCD,33qkK1brpt6t8unIpeM2Oy,432R46LaYsJZV2Gmc4jUV5,Disorder - 2007 Remaster,Joy Division,Unknown Pleasures (Collector's Edition),2026-08-11T14:02:54,209039,2026-08-11,3.48,23,22,5,98.82000000000001,181.8,11,2026-08-11,2
354,4tX1L7YYwkXeQAuQJ4Yhl2,0KBdfMTMxi0oD1oVqApTjr,432R46LaYsJZV2Gmc4jUV5,Decades - 2020 Digital Master,Joy Division,Closer,2026-08-11T13:59:22,371280,2026-08-11,6.19,23,22,5,98.82000000000001,181.8,11,2026-08-11,2
355,5r6ADOcMFbdo5VSgTmjXfw,0KBdfMTMxi0oD1oVqApTjr,432R46LaYsJZV2Gmc4jUV5,The Eternal - 2020 Digital Master,Joy Division,Closer,2026-08-11T13:53:11,367280,2026-08-11,6.12,23,22,5,98.82000000000001,181.8,11,2026-08-11,2
356,5RaquHTS3o2qz44TVyLzKg,0KBdfMTMxi0oD1oVqApTjr,432R46LaYsJZV2Gmc4jUV5,Twenty Four Hours - 2020 Digital Master,Joy Division,Closer,2026-08-11T13:47:04,266480,2026-08-11,4.44,23,22,5,98.82000000000001,181.8,11,2026-08-11,2
357,0CB8UyGmMO0G7nLEmjmCyn,0KBdfMTMxi0oD1oVqApTjr,432R46LaYsJZV2Gmc4jUV5,Heart and Soul - 2020 Digital Master,Joy Division,Closer,2026-08-11T13:42:37,351586,2026-08-11,5.86,23,22,5,98.82000000000001,181.8,11,2026-08-11,2
358,3HBpOyKIvfSKysKZyXlaVY,1JvXxLsm0PxlGH4LXzqMGq,2x9SpqnPi8rlE9pjHBwmSC,The Overload,Talking Heads,Remain in Light,2026-08-11T13:36:43,360693,2026-08-11,6.01,99,73,18,455.23,637.02,11,2026-08-14,6
359,60z53BhYhXBmElp7Ztw5Q9,1JvXxLsm0PxlGH4LXzqMGq,2x9SpqnPi8rlE9pjHBwmSC,Listening Wind,Talking Heads,Remain in Light,2026-08-11T13:30:43,283040,2026-08-11,4.72,99,73,18,455.23,637.02,11,2026-08-14,6
360,7dq6icAlynpBD6MSrXKh3A,1JvXxLsm0PxlGH4LXzqMGq,2x9SpqnPi8rlE9pjHBwmSC,Seen and Not Seen,Talking Heads,Remain in Light,2026-08-11T13:25:59,204533,2026-08-11,3.41,99,73,18,455.23,637.02,11,2026-08-14,6
361,5B6S9xKyasHFf1ldBkxsdC,1JvXxLsm0PxlGH4LXzqMGq,2x9SpqnPi8rlE9pjHBwmSC,Houses in Motion,Talking Heads,Remain in Light,2026-08-11T13:22:35,273200,2026-08-11,4.55,99,73,18,455.23,637.02,11,2026-08-14,6
362,1Tr4K5MU5XYE44umXGDndd,1JvXxLsm0PxlGH4LXzqMGq,2x9SpqnPi8rlE9pjHBwmSC,Once in a Lifetime,Talking Heads,Remain in Light,2026-08-11T13:18:02,259600,2026-08-11,4.33,99,73,18,455.23,637.02,11,2026-08-14,6
363,5N73ncX9gjmRv9lIpZ85nS,1JvXxLsm0PxlGH4LXzqMGq,2x9SpqnPi8rlE9pjHBwmSC,The Great Curve,Talking Heads,Remain in Light,2026-08-11T13:13:42,387533,2026-08-11,6.46,99,73,18,455.23,637.02,11,2026-08-14,6
364,0Qmu2DYKupUetYUbxqvtw2,1JvXxLsm0PxlGH4LXzqMGq,2x9SpqnPi8rlE9pjHBwmSC,Crosseyed and Painless,Talking Heads,Remain in Light,2026-08-11T13:07:15,285733,2026-08-11,4.76,99,73,18,455.23,637.02,11,2026-08-14,6
365,0LMmCYr1grtBC0nRO2MxDf,1JvXxLsm0PxlGH4LXzqMGq,2x9SpqnPi8rlE9pjHBwmSC,Born Under Punches (The Heat Goes On),Talking Heads,Remain in Light,2026-08-11T13:02:29,348973,2026-08-11,5.82,99,73,18,455.23,637.02,11,2026-08-14,6
366,35ljOibZSLEjOEPGrbaJsH,3AQgdwMNCiN7awXch5fAaG,2x9SpqnPi8rlE9pjHBwmSC,The Great Curve - 2005 Remaster,Talking Heads,Remain in Light (Deluxe Version),2026-08-11T12:56:38,387560,2026-08-11,6.46,99,73,18,455.23,637.02,11,2026-08-14,6
367,0T4X2GccMCUlsjrTV1L9jw,2ODAEaYlqS88SU4ZZu1bI6,0yNLKJebCb8Aueb54LYya3,"The Perfect Kiss - 7"" Edit; 2015 Remaster",New Order,Singles (2016 Remaster),2026-08-11T10:29:58,265293,2026-08-11,4.42,82,53,21,429.43,576.21,11,2026-08-03,6
368,5o63XXSCnte2qrXQfaFqLn,7uMOq45PDzQUNKVfmxjvtg,5SzgUF6HG0rix7dOgVzAFF,Pili Pili,Jasper van't Hofs Pili Pili,Post Scriptum,2026-08-11T10:25:32,944133,2026-08-11,15.74,19,16,4,138.63,204.1,11,2026-08-08,3
369,3BjKJ6KZeTVsJMaqDothGO,1Bw3bHsQ9Xwlalhp4NjX1n,4lianjyuR1tqf6oUX8kjrZ,Temporary Road - 2008 Remaster,Franco Battiato,Mondi Lontanissimi (2008 Remastered Edition),2026-08-10T18:20:00,169933,2026-08-10,2.83,71,55,10,273.03,435.24,10,2026-08-12,2
370,2DkXvMroI6UkNFMp0KcfYX,1Bw3bHsQ9Xwlalhp4NjX1n,4lianjyuR1tqf6oUX8kjrZ,Personal Computer - 2008 Remaster,Franco Battiato,Mondi Lontanissimi (2008 Remastered Edition),2026-08-10T18:17:10,161666,2026-08-10,2.69,71,55,10,273.03,435.24,10,2026-08-12,2
371,48UjpoksJOCpZ8V9wtrXl5,1Bw3bHsQ9Xwlalhp4NjX1n,4lianjyuR1tqf6oUX8kjrZ,No Time No Space - Remastered,Franco Battiato,Mondi Lontanissimi (2008 Remastered Edition),2026-08-10T18:14:28,207626,2026-08-10,3.46,71,55,10,273.03,435.24,10,2026-08-12,2
372,7meVUihZmyf4JaA0sVbEaH,1Bw3bHsQ9Xwlalhp4NjX1n,4lianjyuR1tqf6oUX8kjrZ,Risveglio Di Primavera - 2008 Remaster,Franco Battiato,Mondi Lontanissimi (2008 Remastered Edition),2026-08-10T18:11:00,212133,2026-08-10,3.54,71,55,10,273.03,435.24,10,2026-08-12,2
373,0OGTYbYM8yJrcAZ18w99LL,1Bw3bHsQ9Xwlalhp4NjX1n,4lianjyuR1tqf6oUX8kjrZ,Via Lattea - Remastered 2008,Franco Battiato,Mondi Lontanissimi (2008 Remastered Edition),2026-08-10T18:07:28,292960,2026-08-10,4.88,71,55,10,273.03,435.24,10,2026-08-12,2
374,76BRYCER1gnh4pEao0QM5y,3tZmzx3Og386HMV4vp4Dli,4lianjyuR1tqf6oUX8kjrZ,Haiku - 2008 Remaster,Franco Battiato,Caffé De La Paix (2008 Remastered Edition),2026-08-10T18:02:33,229813,2026-08-10,3.83,71,55,10,273.03,435.24,10,2026-08-12,2
375,5prIsUvI0KGSrz2oNX1UGp,3tZmzx3Og386HMV4vp4Dli,4lianjyuR1tqf6oUX8kjrZ,Lode All'Inviolato - 2008 Remaster,Franco Battiato,Caffé De La Paix (2008 Remastered Edition),2026-08-10T17:58:43,233440,2026-08-10,3.89,71,55,10,273.03,435.24,10,2026-08-12,2
376,5CMHrrdnlmvYH3zOwTGP7J,3tZmzx3Og386HMV4vp4Dli,4lianjyuR1tqf6oUX8kjrZ,Ricerca Sul Terzo - 2008 Remaster,Franco Battiato,Caffé De La Paix (2008 Remastered Edition),2026-08-10T17:54:50,239213,2026-08-10,3.99,71,55,10,273.03,435.24,10,2026-08-12,2
377,5NE6LCMOpA81bRQT5aFiyE,3tZmzx3Og386HMV4vp4Dli,4lianjyuR1tqf6oUX8kjrZ,Delenda Carthago - 2008 Remaster,Franco Battiato,Caffé De La Paix (2008 Remastered Edition),2026-08-10T17:50:51,239026,2026-08-10,3.98,71,55,10,273.03,435.24,10,2026-08-12,2
378,5oS4bROdwp0gsWrjCLAp5N,3tZmzx3Og386HMV4vp4Dli,4lianjyuR1tqf6oUX8kjrZ,Sui Giardini Della Preesistenza - 2008 Remaster,Franco Battiato,Caffé De La Paix (2008 Remastered Edition),2026-08-10T17:46:52,228413,2026-08-10,3.81,71,55,10,273.03,435.24,10,2026-08-12,2
379,5BbOuZ5JVY6lzQa450ttnU,3tZmzx3Og386HMV4vp4Dli,4lianjyuR1tqf6oUX8kjrZ,Atlantide - 2008 Remaster,Franco Battiato,Caffé De La Paix (2008 Remastered Edition),2026-08-10T17:43:03,238106,2026-08-10,3.97,71,55,10,273.03,435.24,10,2026-08-12,2
380,6hiih2QMbG6eUbEMwKNzCB,3tZmzx3Og386HMV4vp4Dli,4lianjyuR1tqf6oUX8kjrZ,Fogh In Nakhal - 2008 Remaster,Franco Battiato,Caffé De La Paix (2008 Remastered Edition),2026-08-10T17:39:05,213040,2026-08-10,3.55,71,55,10,273.03,435.24,10,2026-08-12,2
381,4qXCWYnDf2veptATyvK8j7,3tZmzx3Og386HMV4vp4Dli,4lianjyuR1tqf6oUX8kjrZ,Caffè De La Paix - 2008 Remaster,Franco Battiato,Caffé De La Paix (2008 Remastered Edition),2026-08-10T17:35:32,266520,2026-08-10,4.44,71,55,10,273.03,435.24,10,2026-08-12,2
386,6VsQM4q9ZRWJAHUgsGxO9N,4vvx8uOeJE7YR4tORVtYV4,7M1FPw29m5FbicYzS2xdpi,Bolero (remix from Frame By Frame),King Crimson,Lizard,2026-08-10T16:35:51,405291,2026-08-10,6.75,30,26,8,143.52,240.46,10,2026-08-20,2
388,6JsGC0gvB63SRHf3aOT5SO,6vUUBFECAo0oLUWfjqmXtZ,1MD5pgVzlusqGyuSTcTxvu,Mr. 9 Till 5 - Live In Japan 2002,Premiata Forneria Marconi,Live In Japan 2002,2026-08-12T13:28:25,310680,2026-08-12,5.18,24,24,5,129.1,214.01,12,2026-08-11,2
389,3g3LafVWeUzQiYj2b7Cxbb,6vUUBFECAo0oLUWfjqmXtZ,1MD5pgVzlusqGyuSTcTxvu,Si Può Fare - Live In Japan 2002,Premiata Forneria Marconi,Live In Japan 2002,2026-08-12T13:23:14,727706,2026-08-12,12.13,24,24,5,129.1,214.01,12,2026-08-11,2
390,5eIO3neKXrI5fmvp5ESgXZ,6vUUBFECAo0oLUWfjqmXtZ,1MD5pgVzlusqGyuSTcTxvu,Maestro Della Voce - Live In Japan 2002,Premiata Forneria Marconi,Live In Japan 2002,2026-08-12T13:11:06,498440,2026-08-12,8.31,24,24,5,129.1,214.01,12,2026-08-11,2
391,0PIpEbcb1xRGXMda7SQxd1,6vUUBFECAo0oLUWfjqmXtZ,1MD5pgVzlusqGyuSTcTxvu,Dolcissima Maria - Live In Japan 2002,Premiata Forneria Marconi,Live In Japan 2002,2026-08-12T13:02:48,255640,2026-08-12,4.26,24,24,5,129.1,214.01,12,2026-08-11,2
392,50eMzYSsS35VhHAerXt2Wu,6vUUBFECAo0oLUWfjqmXtZ,1MD5pgVzlusqGyuSTcTxvu,Il Banchetto - Live In Japan 2002,Premiata Forneria Marconi,Live In Japan 2002,2026-08-12T12:58:32,187053,2026-08-12,3.12,24,24,5,129.1,214.01,12,2026-08-11,2
393,6CcOdkzF0ToU0KDckCoM0x,6vUUBFECAo0oLUWfjqmXtZ,1MD5pgVzlusqGyuSTcTxvu,Dove...Quando - Live In Japan 2002,Premiata Forneria Marconi,Live In Japan 2002,2026-08-12T12:55:25,261613,2026-08-12,4.36,24,24,5,129.1,214.01,12,2026-08-11,2
395,06jiQoAmbPSgLytimhVVjt,6vUUBFECAo0oLUWfjqmXtZ,1MD5pgVzlusqGyuSTcTxvu,Tokyo Piano Solo - Live In Japan 2002,Premiata Forneria Marconi,Live In Japan 2002,2026-08-12T12:49:16,133413,2026-08-12,2.22,24,24,5,129.1,214.01,12,2026-08-11,2
396,4VPquJLjl3AL9BElpAbNre,7fV9DyVx8pbNJJhvJDYCIn,4lianjyuR1tqf6oUX8kjrZ,Propiedad Prohibida,Franco Battiato,Clic,2026-08-12T12:46:48,322000,2026-08-12,5.37,71,55,10,273.03,435.24,12,2026-08-12,2
397,2IFXeheoiUq0Lt0q2zJ3ep,7CdGW9JRoTbqk2v5imOHQd,4lianjyuR1tqf6oUX8kjrZ,L'Ombra Della Luce - Remastered,Franco Battiato,Come Un Cammello In Una Grondaia (2008 Remastered Edition),2026-08-12T10:20:40,293346,2026-08-12,4.89,71,55,10,273.03,435.24,12,2026-08-12,2
398,12SccVj2Jqibxc1zRuUzTC,4sWf0wkRfi49tW4NLxdLj2,4lianjyuR1tqf6oUX8kjrZ,E Ti Vengo A Cercare - Remastered 2008,Franco Battiato,Fisiognomica (2008 Remastered Edition),2026-08-12T10:15:47,232199,2026-08-12,3.87,71,55,10,273.03,435.24,12,2026-08-12,2
399,1mkfkQmlcnWZkoZLjn2UGJ,4sWf0wkRfi49tW4NLxdLj2,4lianjyuR1tqf6oUX8kjrZ,Fisiognomica - 2008 Remaster,Franco Battiato,Fisiognomica (2008 Remastered Edition),2026-08-12T10:11:55,272186,2026-08-12,4.54,71,55,10,273.03,435.24,12,2026-08-12,2
400,76BRYCER1gnh4pEao0QM5y,3tZmzx3Og386HMV4vp4Dli,4lianjyuR1tqf6oUX8kjrZ,Haiku - 2008 Remaster,Franco Battiato,Caffé De La Paix (2008 Remastered Edition),2026-08-12T10:07:21,229813,2026-08-12,3.83,71,55,10,273.03,435.24,12,2026-08-12,2
401,5prIsUvI0KGSrz2oNX1UGp,3tZmzx3Og386HMV4vp4Dli,4lianjyuR1tqf6oUX8kjrZ,Lode All'Inviolato - 2008 Remaster,Franco Battiato,Caffé De La Paix (2008 Remastered Edition),2026-08-12T10:03:31,233440,2026-08-12,3.89,71,55,10,273.03,435.24,12,2026-08-12,2
402,5CMHrrdnlmvYH3zOwTGP7J,3tZmzx3Og386HMV4vp4Dli,4lianjyuR1tqf6oUX8kjrZ,Ricerca Sul Terzo - 2008 Remaster,Franco Battiato,Caffé De La Paix (2008 Remastered Edition),2026-08-12T09:59:37,239213,2026-08-12,3.99,71,55,10,273.03,435.24,12,2026-08-12,2
403,5NE6LCMOpA81bRQT5aFiyE,3tZmzx3Og386HMV4vp4Dli,4lianjyuR1tqf6oUX8kjrZ,Delenda Carthago - 2008 Remaster,Franco Battiato,Caffé De La Paix (2008 Remastered Edition),2026-08-12T09:55:38,239026,2026-08-12,3.98,71,55,10,273.03,435.24,12,2026-08-12,2
404,5oS4bROdwp0gsWrjCLAp5N,3tZmzx3Og386HMV4vp4Dli,4lianjyuR1tqf6oUX8kjrZ,Sui Giardini Della Preesistenza - 2008 Remaster,Franco Battiato,Caffé De La Paix (2008 Remastered Edition),2026-08-12T09:51:39,228413,2026-08-12,3.81,71,55,10,273.03,435.24,12,2026-08-12,2
405,5BbOuZ5JVY6lzQa450ttnU,3tZmzx3Og386HMV4vp4Dli,4lianjyuR1tqf6oUX8kjrZ,Atlantide - 2008 Remaster,Franco Battiato,Caffé De La Paix (2008 Remastered Edition),2026-08-12T09:47:51,238106,2026-08-12,3.97,71,55,10,273.03,435.24,12,2026-08-12,2
406,6hiih2QMbG6eUbEMwKNzCB,3tZmzx3Og386HMV4vp4Dli,4lianjyuR1tqf6oUX8kjrZ,Fogh In Nakhal - 2008 Remaster,Franco Battiato,Caffé De La Paix (2008 Remastered Edition),2026-08-12T09:43:53,213040,2026-08-12,3.55,71,55,10,273.03,435.24,12,2026-08-12,2
407,4qXCWYnDf2veptATyvK8j7,3tZmzx3Og386HMV4vp4Dli,4lianjyuR1tqf6oUX8kjrZ,Caffè De La Paix - 2008 Remaster,Franco Battiato,Caffé De La Paix (2008 Remastered Edition),2026-08-12T09:40:20,266520,2026-08-12,4.44,71,55,10,273.03,435.24,12,2026-08-12,2
408,7FJMRaPU32nqAHK3jMPkyQ,6iHuSGy6pq4tNGFV3ZVPtl,0yNLKJebCb8Aueb54LYya3,Bizarre Love Triangle - Extended Dance Mix,New Order,Substance,2026-08-11T17:23:01,404560,2026-08-11,6.74,82,53,21,429.43,576.21,11,2026-08-03,6
409,6RtyDR21q21OXaoKXoAsJK,0xM84XzqFGTDsFjPgCrXh9,0f3kLT4wvi2mFHlHJgV8Hl,The Lion's Mouth - Beast Mix,Kajagoogoo,Islands,2026-08-11T17:16:16,339240,2026-08-11,5.65,10,5,8,54.67,103.18,11,2026-08-21,2
410,08Yjr6SQehUAK2GIcNdFbK,4ksJGDgtixAqJ390XWv0Ua,2x9SpqnPi8rlE9pjHBwmSC,Sax and Violins,Talking Heads,Popular Favorites 1976 - 1992 / Sand in the Vaseline,2026-08-11T17:10:26,318200,2026-08-11,5.3,99,73,18,455.23,637.02,11,2026-08-14,6
411,1VZFmtsZuuqm0EV6KQihE8,6iHuSGy6pq4tNGFV3ZVPtl,0yNLKJebCb8Aueb54LYya3,Everythings Gone Green,New Order,Substance,2026-08-11T17:05:08,330680,2026-08-11,5.51,82,53,21,429.43,576.21,11,2026-08-03,6
412,4ZFeCnlyMwzhjuNhKHlmQD,38dDUvG4WftuwpWB4RJaLY,1aX2dmV8XoHYCOQRxjPESG,Don't You Want Me - Extended Dance Mix / Remastered 2021,The Human League,Dare: Singles & Remixes,2026-08-11T16:59:37,452986,2026-08-11,7.55,79,44,18,428.81,554.77,11,2026-08-08,5
413,5AsvlvXMbxFsNFwWElSgX4,38dDUvG4WftuwpWB4RJaLY,1aX2dmV8XoHYCOQRxjPESG,Tom Baker - B-Side / Remastered 2021,The Human League,Dare: Singles & Remixes,2026-08-11T16:52:01,240200,2026-08-11,4.0,79,44,18,428.81,554.77,11,2026-08-08,5
415,46dxvP1IF5TdcKG42GkDF4,4ttC4XUinZXn3GMIQNrjFZ,7M1FPw29m5FbicYzS2xdpi,The Night Watch,King Crimson,Starless And Bible Black,2026-08-11T16:40:46,281611,2026-08-11,4.69,30,26,8,143.52,240.46,11,2026-08-20,2
416,6vvHkU6HbtSMxzlr7wsMMm,6vUUBFECAo0oLUWfjqmXtZ,1MD5pgVzlusqGyuSTcTxvu,Promenade The Puzzle - Live In Japan 2002,Premiata Forneria Marconi,Live In Japan 2002,2026-08-11T16:36:02,439946,2026-08-11,7.33,24,24,5,129.1,214.01,11,2026-08-11,2
417,0XhcSCGrMJfcux87bDznkM,6vUUBFECAo0oLUWfjqmXtZ,1MD5pgVzlusqGyuSTcTxvu,Suonare Suonare - Live In Japan 2002,Premiata Forneria Marconi,Live In Japan 2002,2026-08-11T16:28:43,349693,2026-08-11,5.83,24,24,5,129.1,214.01,11,2026-08-11,2
418,4vtfmkFceoJT4qz0m8SCUR,6vUUBFECAo0oLUWfjqmXtZ,1MD5pgVzlusqGyuSTcTxvu,La Rivoluzione - Live In Japan 2002,Premiata Forneria Marconi,Live In Japan 2002,2026-08-11T16:22:53,246960,2026-08-11,4.12,24,24,5,129.1,214.01,11,2026-08-11,2
419,5e4qYfXK2COfLy1ImbLeBS,6vUUBFECAo0oLUWfjqmXtZ,1MD5pgVzlusqGyuSTcTxvu,Out Of The Roundabout - Live In Japan 2002,Premiata Forneria Marconi,Live In Japan 2002,2026-08-11T16:18:46,449080,2026-08-11,7.48,24,24,5,129.1,214.01,11,2026-08-11,2
420,5XtY9sCPs1tiwDTURjLZYq,6vUUBFECAo0oLUWfjqmXtZ,1MD5pgVzlusqGyuSTcTxvu,Peninsula - Live In Japan 2002,Premiata Forneria Marconi,Live In Japan 2002,2026-08-11T16:11:17,310786,2026-08-11,5.18,24,24,5,129.1,214.01,11,2026-08-11,2
421,3s4l8Gg2PspMaUmuw6Ufho,6vUUBFECAo0oLUWfjqmXtZ,1MD5pgVzlusqGyuSTcTxvu,Photos Of Ghosts - Live In Japan 2002,Premiata Forneria Marconi,Live In Japan 2002,2026-08-11T16:06:06,461240,2026-08-11,7.69,24,24,5,129.1,214.01,11,2026-08-11,2
422,3p5lupDeXNcFJ6cuN78rXo,6vUUBFECAo0oLUWfjqmXtZ,1MD5pgVzlusqGyuSTcTxvu,River Of Life - Live In Japan 2002,Premiata Forneria Marconi,Live In Japan 2002,2026-08-11T15:58:25,442720,2026-08-11,7.38,24,24,5,129.1,214.01,11,2026-08-11,2
423,6BBsZMzwxiNopar2afFCmp,6vUUBFECAo0oLUWfjqmXtZ,1MD5pgVzlusqGyuSTcTxvu,Rain Birth (Intro To The River) - Live In Japan 2002,Premiata Forneria Marconi,Live In Japan 2002,2026-08-11T15:51:02,85266,2026-08-11,1.42,24,24,5,129.1,214.01,11,2026-08-11,2
424,0qLuuRpLXQwtV4Bca7sHkf,6vUUBFECAo0oLUWfjqmXtZ,1MD5pgVzlusqGyuSTcTxvu,La Carrozza Di Hans - Live In Japan 2002,Premiata Forneria Marconi,Live In Japan 2002,2026-08-11T15:49:37,411640,2026-08-11,6.86,24,24,5,129.1,214.01,11,2026-08-11,2
425,2iurA3nSsyC52aowfjY28S,0PSWY4XyjTWppfBb0tBtqu,0yNLKJebCb8Aueb54LYya3,Weirdo,New Order,Brotherhood (Collector's Edition),2026-08-13T02:39:01,232480,2026-08-13,3.87,82,53,21,429.43,576.21,13,2026-08-03,6
426,0vNeV6bl2TyXjKKJRwnVrG,0PSWY4XyjTWppfBb0tBtqu,0yNLKJebCb8Aueb54LYya3,Paradise,New Order,Brotherhood (Collector's Edition),2026-08-13T02:35:09,232626,2026-08-13,3.88,82,53,21,429.43,576.21,13,2026-08-03,6
427,3HI1yqFW7yhSkNXhtBTwly,6cjugjFHB3T1alJxAffyxQ,0yNLKJebCb8Aueb54LYya3,Shellshock,New Order,The Best of New Order,2026-08-12T17:29:51,264866,2026-08-12,4.41,82,53,21,429.43,576.21,12,2026-08-03,6
428,15RZjKzG8HbbS9arAq9YvK,2lm0ytMRpYQPcv11JFASDl,1GkiKu2FJFSBrXSL8wKFzy,Slink,Jerry Harrison,The Red And The Black,2026-08-12T17:25:04,262266,2026-08-12,4.37,21,12,9,94.97,167.1,12,2026-08-08,3
429,1qHNkClo6L6ycutsLIo9dq,6iHuSGy6pq4tNGFV3ZVPtl,0yNLKJebCb8Aueb54LYya3,The Perfect Kiss - Substance Edit,New Order,Substance,2026-08-12T17:20:30,482200,2026-08-12,8.04,82,53,21,429.43,576.21,12,2026-08-03,6
430,7DRVJs5vJtoWiRH5dHHBnk,6sLuXZdrb1cmsAnfrmgbrU,2qT62DYO8Ajb276vUJmvhz,Respectable Street - 2001 Remaster,XTC,Black Sea,2026-08-12T17:12:13,217942,2026-08-12,3.63,16,15,5,68.72,134.47,12,2026-08-16,2
431,6sz4X50uh12Ps8mt3BrFea,0PSWY4XyjTWppfBb0tBtqu,0yNLKJebCb8Aueb54LYya3,Evil Dust,New Order,Brotherhood (Collector's Edition),2026-08-12T17:08:31,224000,2026-08-12,3.73,82,53,21,429.43,576.21,12,2026-08-03,6
432,438kAOxGJQtpEkVMom9WXJ,3AQgdwMNCiN7awXch5fAaG,2x9SpqnPi8rlE9pjHBwmSC,Listening Wind - 2005 Remaster,Talking Heads,Remain in Light (Deluxe Version),2026-08-12T17:04:36,282906,2026-08-12,4.72,99,73,18,455.23,637.02,12,2026-08-14,6
433,0G6eID2ihR0sM9rSB4nzeN,57UuXCYkx1wZW7gfl8hvjB,3iUjRVvYCsMfz7tuAQtBDI,"Sleepwalk - Soundcheck, The Lyceum 17/8/80",Ultravox,Vienna (Remastered Definitive Edition),2026-08-13T19:43:11,223173,2026-08-13,3.72,58,29,14,275.81,391.41,13,2026-08-05,4
434,2TcvuFqrWfagoYKLo1shrp,57UuXCYkx1wZW7gfl8hvjB,3iUjRVvYCsMfz7tuAQtBDI,Keep Talking - Cassette Recording During Rehearsals,Ultravox,Vienna (Remastered Definitive Edition),2026-08-13T19:39:28,382866,2026-08-13,6.38,58,29,14,275.81,391.41,13,2026-08-05,4
435,07FxiaIDsadbnAjEXNGGU3,57UuXCYkx1wZW7gfl8hvjB,3iUjRVvYCsMfz7tuAQtBDI,Alles Klar - 2008 Remaster,Ultravox,Vienna (Remastered Definitive Edition),2026-08-13T19:33:05,296106,2026-08-13,4.94,58,29,14,275.81,391.41,13,2026-08-05,4
436,55j75GpqVcoAgpAbf8l9gY,57UuXCYkx1wZW7gfl8hvjB,3iUjRVvYCsMfz7tuAQtBDI,"All Stood Still - 12"" Version",Ultravox,Vienna (Remastered Definitive Edition),2026-08-13T19:28:09,306680,2026-08-13,5.11,58,29,14,275.81,391.41,13,2026-08-05,4
437,2v42gJ0JzMd2nVAVBvtNUj,57UuXCYkx1wZW7gfl8hvjB,3iUjRVvYCsMfz7tuAQtBDI,Herr X - 2008 Remaster,Ultravox,Vienna (Remastered Definitive Edition),2026-08-13T19:23:02,352160,2026-08-13,5.87,58,29,14,275.81,391.41,13,2026-08-05,4
438,5vNYCIWOZdi7ysfP4E5tIt,57UuXCYkx1wZW7gfl8hvjB,3iUjRVvYCsMfz7tuAQtBDI,Passionate Reply - 2008 Remaster,Ultravox,Vienna (Remastered Definitive Edition),2026-08-13T19:17:10,285573,2026-08-13,4.76,58,29,14,275.81,391.41,13,2026-08-05,4
439,3zCMRV0YFReBII6G3e5Sdd,57UuXCYkx1wZW7gfl8hvjB,3iUjRVvYCsMfz7tuAQtBDI,"King's Lead Hat - Live at The Lyceum, London, 17 Aug 1980",Ultravox,Vienna (Remastered Definitive Edition),2026-08-13T19:12:25,247480,2026-08-13,4.12,58,29,14,275.81,391.41,13,2026-08-05,4
440,6FmJHI5D21SRzGYf49bmic,57UuXCYkx1wZW7gfl8hvjB,3iUjRVvYCsMfz7tuAQtBDI,"Face to Face - Live at St. Albans, Hertfordshire, 16 Aug 1980",Ultravox,Vienna (Remastered Definitive Edition),2026-08-13T19:08:17,364226,2026-08-13,6.07,58,29,14,275.81,391.41,13,2026-08-05,4
441,4RACspNQ9LgmxIjZkghG7U,57UuXCYkx1wZW7gfl8hvjB,3iUjRVvYCsMfz7tuAQtBDI,Waiting - 2008 Remsater,Ultravox,Vienna (Remastered Definitive Edition),2026-08-13T19:02:13,232760,2026-08-13,3.88,58,29,14,275.81,391.41,13,2026-08-05,4
443,7ot6B7pvBc35wbauL1BIBp,4ksJGDgtixAqJ390XWv0Ua,2x9SpqnPi8rlE9pjHBwmSC,Sugar on My Tongue,Talking Heads,Popular Favorites 1976 - 1992 / Sand in the Vaseline,2026-08-13T17:32:50,156466,2026-08-13,2.61,99,73,18,455.23,637.02,13,2026-08-14,6
444,2FkJ8X6a1prYSYIdaEUItJ,3AQgdwMNCiN7awXch5fAaG,2x9SpqnPi8rlE9pjHBwmSC,Right Start - Unfinished Outtake,Talking Heads,Remain in Light (Deluxe Version),2026-08-13T16:45:04,247160,2026-08-13,4.12,99,73,18,455.23,637.02,13,2026-08-14,6
445,44sJQeBc0S6gnbuIGHxq6l,3AQgdwMNCiN7awXch5fAaG,2x9SpqnPi8rlE9pjHBwmSC,Double Groove - Unfinished Outtake,Talking Heads,Remain in Light (Deluxe Version),2026-08-13T16:41:34,264720,2026-08-13,4.41,99,73,18,455.23,637.02,13,2026-08-14,6
446,6ByBH36KiOFnRex149T3cR,3AQgdwMNCiN7awXch5fAaG,2x9SpqnPi8rlE9pjHBwmSC,Unison - Unfinished Outtake,Talking Heads,Remain in Light (Deluxe Version),2026-08-13T16:37:10,286800,2026-08-13,4.78,99,73,18,455.23,637.02,13,2026-08-14,6
447,0Q4O6v2akT3RfkNxCt522f,3AQgdwMNCiN7awXch5fAaG,2x9SpqnPi8rlE9pjHBwmSC,Fela's Riff - Unfinished Outtake,Talking Heads,Remain in Light (Deluxe Version),2026-08-13T16:32:23,316106,2026-08-13,5.27,99,73,18,455.23,637.02,13,2026-08-14,6
448,4627xzFkr4qymUx03um6FX,3AQgdwMNCiN7awXch5fAaG,2x9SpqnPi8rlE9pjHBwmSC,The Overload - 2005 Remaster,Talking Heads,Remain in Light (Deluxe Version),2026-08-13T16:27:07,362933,2026-08-13,6.05,99,73,18,455.23,637.02,13,2026-08-14,6
449,438kAOxGJQtpEkVMom9WXJ,3AQgdwMNCiN7awXch5fAaG,2x9SpqnPi8rlE9pjHBwmSC,Listening Wind - 2005 Remaster,Talking Heads,Remain in Light (Deluxe Version),2026-08-13T16:21:04,282906,2026-08-13,4.72,99,73,18,455.23,637.02,13,2026-08-14,6
450,58uyNQ2aC329uLMZpU9Ptz,3AQgdwMNCiN7awXch5fAaG,2x9SpqnPi8rlE9pjHBwmSC,Seen and Not Seen - 2005 Remaster,Talking Heads,Remain in Light (Deluxe Version),2026-08-13T16:16:21,204520,2026-08-13,3.41,99,73,18,455.23,637.02,13,2026-08-14,6
451,2hDMI3I7WGgHmP4EGAk7la,3AQgdwMNCiN7awXch5fAaG,2x9SpqnPi8rlE9pjHBwmSC,Houses in Motion - 2005 Remaster,Talking Heads,Remain in Light (Deluxe Version),2026-08-13T16:12:56,273200,2026-08-13,4.55,99,73,18,455.23,637.02,13,2026-08-14,6
452,38Ngied9rBORlAbLYNCl4k,3AQgdwMNCiN7awXch5fAaG,2x9SpqnPi8rlE9pjHBwmSC,Once in a Lifetime - 2005 Remaster,Talking Heads,Remain in Light (Deluxe Version),2026-08-13T16:08:23,259906,2026-08-13,4.33,99,73,18,455.23,637.02,13,2026-08-14,6
453,35ljOibZSLEjOEPGrbaJsH,3AQgdwMNCiN7awXch5fAaG,2x9SpqnPi8rlE9pjHBwmSC,The Great Curve - 2005 Remaster,Talking Heads,Remain in Light (Deluxe Version),2026-08-13T16:04:03,387560,2026-08-13,6.46,99,73,18,455.23,637.02,13,2026-08-14,6
454,0yhwdmbgkKdE1plV8xWdrd,3AQgdwMNCiN7awXch5fAaG,2x9SpqnPi8rlE9pjHBwmSC,Crosseyed and Painless - 2005 Remaster,Talking Heads,Remain in Light (Deluxe Version),2026-08-13T15:57:36,285613,2026-08-13,4.76,99,73,18,455.23,637.02,13,2026-08-14,6
455,4eBCTzBsSjYgrLH5clQf2x,3AQgdwMNCiN7awXch5fAaG,2x9SpqnPi8rlE9pjHBwmSC,Born Under Punches (The Heat Goes On) - 2005 Remaster,Talking Heads,Remain in Light (Deluxe Version),2026-08-13T15:52:50,349280,2026-08-13,5.82,99,73,18,455.23,637.02,13,2026-08-14,6
456,0ys4jlp8UyHqMPc8Oe3LH1,6iHuSGy6pq4tNGFV3ZVPtl,0yNLKJebCb8Aueb54LYya3,Cries and Whispers,New Order,Substance,2026-08-13T14:27:15,205933,2026-08-13,3.43,82,53,21,429.43,576.21,13,2026-08-03,6
457,1C8w6FOzwjoamrCMLgriTh,6iHuSGy6pq4tNGFV3ZVPtl,0yNLKJebCb8Aueb54LYya3,Procession,New Order,Substance,2026-08-13T14:23:49,267840,2026-08-13,4.46,82,53,21,429.43,576.21,13,2026-08-03,6
458,0MiQ1k4LH38jrmmlSelLgw,6iHuSGy6pq4tNGFV3ZVPtl,0yNLKJebCb8Aueb54LYya3,In a Lonely Place,New Order,Substance,2026-08-13T14:19:21,376360,2026-08-13,6.27,82,53,21,429.43,576.21,13,2026-08-03,6
459,4fpxnJGDWFxjGvLJOqPPt8,6iHuSGy6pq4tNGFV3ZVPtl,0yNLKJebCb8Aueb54LYya3,True Faith,New Order,Substance,2026-08-13T14:13:04,355066,2026-08-13,5.92,82,53,21,429.43,576.21,13,2026-08-03,6
460,7FJMRaPU32nqAHK3jMPkyQ,6iHuSGy6pq4tNGFV3ZVPtl,0yNLKJebCb8Aueb54LYya3,Bizarre Love Triangle - Extended Dance Mix,New Order,Substance,2026-08-13T14:07:09,404560,2026-08-13,6.74,82,53,21,429.43,576.21,13,2026-08-03,6
461,2iOSFP5zgP7uX54oUAnPG7,48e5bZFgvlWlVN8KVdaNON,3iUjRVvYCsMfz7tuAQtBDI,Reap the Wild Wind - 2009 Remaster,Ultravox,Quartet (2009 Remaster),2026-08-13T11:10:19,229346,2026-08-13,3.82,58,29,14,275.81,391.41,13,2026-08-05,4
462,1VZFmtsZuuqm0EV6KQihE8,6iHuSGy6pq4tNGFV3ZVPtl,0yNLKJebCb8Aueb54LYya3,Everythings Gone Green,New Order,Substance,2026-08-13T11:06:29,330680,2026-08-13,5.51,82,53,21,429.43,576.21,13,2026-08-03,6
463,76bQ9pdTmSkw8tOEKo8VSE,2QDolqCMmtvKMT3EEQKFAv,3iUjRVvYCsMfz7tuAQtBDI,Lament - Single Version,Ultravox,The Very Best of Ultravox,2026-08-13T11:00:58,258880,2026-08-13,4.31,58,29,14,275.81,391.41,13,2026-08-05,4
464,0T4X2GccMCUlsjrTV1L9jw,2ODAEaYlqS88SU4ZZu1bI6,0yNLKJebCb8Aueb54LYya3,"The Perfect Kiss - 7"" Edit; 2015 Remaster",New Order,Singles (2016 Remaster),2026-08-13T10:56:36,265293,2026-08-13,4.42,82,53,21,429.43,576.21,13,2026-08-03,6
465,67Kkcf0KOEbxK24HZeEM3e,0PSWY4XyjTWppfBb0tBtqu,0yNLKJebCb8Aueb54LYya3,"Blue Monday '88 Dub - 12"" Version",New Order,Brotherhood (Collector's Edition),2026-08-13T10:52:10,440413,2026-08-13,7.34,82,53,21,429.43,576.21,13,2026-08-03,6
466,7vF3z9YvJcQhdTkyB3f3zz,4eJ3LJl4sHKs3nd8CZ9hq5,7M1FPw29m5FbicYzS2xdpi,"Larks' Tongues In Aspic, Pt. III",King Crimson,Three of a Perfect Pair,2026-08-14T15:36:02,365045,2026-08-14,6.08,30,26,8,143.52,240.46,14,2026-08-20,2
467,49Ufp2YksR78HhzjIISVWo,6gp8D4NmYCcBz55J0s4QXH,7M1FPw29m5FbicYzS2xdpi,Neal And Jack And Me,King Crimson,Beat,2026-08-14T15:29:57,262092,2026-08-14,4.37,30,26,8,143.52,240.46,14,2026-08-20,2
468,47sJPdCkjVfLJWBFhwJiuE,20dTbQRkxuOTkf3SFyaT2m,7M1FPw29m5FbicYzS2xdpi,The Sheltering Sky,King Crimson,Discipline,2026-08-14T15:25:34,502480,2026-08-14,8.37,30,26,8,143.52,240.46,14,2026-08-20,2
469,1nc3Iey4wwbielZEry1Px7,6gp8D4NmYCcBz55J0s4QXH,7M1FPw29m5FbicYzS2xdpi,Sartori in Tangier,King Crimson,Beat,2026-08-14T15:17:07,214760,2026-08-14,3.58,30,26,8,143.52,240.46,14,2026-08-20,2
470,3mQWrQaGsawjYowozDp7mq,6gp8D4NmYCcBz55J0s4QXH,7M1FPw29m5FbicYzS2xdpi,Neurotica,King Crimson,Beat,2026-08-14T15:13:32,288493,2026-08-14,4.81,30,26,8,143.52,240.46,14,2026-08-20,2
471,3fI6xSQqR37GqFTfdKzBBQ,4eJ3LJl4sHKs3nd8CZ9hq5,7M1FPw29m5FbicYzS2xdpi,"Nuages (That Which Passes, Passes Like Clouds)",King Crimson,Three of a Perfect Pair,2026-08-14T15:08:43,287386,2026-08-14,4.79,30,26,8,143.52,240.46,14,2026-08-20,2
472,5FvRkKujcquFV4wma9QAfj,20dTbQRkxuOTkf3SFyaT2m,7M1FPw29m5FbicYzS2xdpi,Indiscipline,King Crimson,Discipline,2026-08-14T15:03:55,273000,2026-08-14,4.55,30,26,8,143.52,240.46,14,2026-08-20,2
473,5dFvXqkLm4VWrPQAPWjPf3,20dTbQRkxuOTkf3SFyaT2m,7M1FPw29m5FbicYzS2xdpi,Elephant Talk,King Crimson,Discipline,2026-08-14T14:59:22,282240,2026-08-14,4.7,30,26,8,143.52,240.46,14,2026-08-20,2
474,7lUzT76hrITBfzhhAYtIIk,4eJ3LJl4sHKs3nd8CZ9hq5,7M1FPw29m5FbicYzS2xdpi,No Warning,King Crimson,Three of a Perfect Pair,2026-08-14T14:54:39,209297,2026-08-14,3.49,30,26,8,143.52,240.46,14,2026-08-20,2
475,4fDh4crrqfdiQLNPNAAsTA,6gp8D4NmYCcBz55J0s4QXH,7M1FPw29m5FbicYzS2xdpi,The Howler,King Crimson,Beat,2026-08-14T14:51:10,252186,2026-08-14,4.2,30,26,8,143.52,240.46,14,2026-08-20,2
476,4VKRgv7IbNT4iOebN1RSsr,4eJ3LJl4sHKs3nd8CZ9hq5,7M1FPw29m5FbicYzS2xdpi,The King Crimson Barber Shop,King Crimson,Three of a Perfect Pair,2026-08-14T14:46:57,97000,2026-08-14,1.62,30,26,8,143.52,240.46,14,2026-08-20,2
477,4627xzFkr4qymUx03um6FX,3AQgdwMNCiN7awXch5fAaG,2x9SpqnPi8rlE9pjHBwmSC,The Overload - 2005 Remaster,Talking Heads,Remain in Light (Deluxe Version),2026-08-14T14:45:19,362933,2026-08-14,6.05,99,73,18,455.23,637.02,14,2026-08-14,6
478,438kAOxGJQtpEkVMom9WXJ,3AQgdwMNCiN7awXch5fAaG,2x9SpqnPi8rlE9pjHBwmSC,Listening Wind - 2005 Remaster,Talking Heads,Remain in Light (Deluxe Version),2026-08-14T14:39:16,282906,2026-08-14,4.72,99,73,18,455.23,637.02,14,2026-08-14,6
479,58uyNQ2aC329uLMZpU9Ptz,3AQgdwMNCiN7awXch5fAaG,2x9SpqnPi8rlE9pjHBwmSC,Seen and Not Seen - 2005 Remaster,Talking Heads,Remain in Light (Deluxe Version),2026-08-14T14:34:34,204520,2026-08-14,3.41,99,73,18,455.23,637.02,14,2026-08-14,6
480,2hDMI3I7WGgHmP4EGAk7la,3AQgdwMNCiN7awXch5fAaG,2x9SpqnPi8rlE9pjHBwmSC,Houses in Motion - 2005 Remaster,Talking Heads,Remain in Light (Deluxe Version),2026-08-14T14:31:09,273200,2026-08-14,4.55,99,73,18,455.23,637.02,14,2026-08-14,6
481,38Ngied9rBORlAbLYNCl4k,3AQgdwMNCiN7awXch5fAaG,2x9SpqnPi8rlE9pjHBwmSC,Once in a Lifetime - 2005 Remaster,Talking Heads,Remain in Light (Deluxe Version),2026-08-14T14:26:35,259906,2026-08-14,4.33,99,73,18,455.23,637.02,14,2026-08-14,6
482,35ljOibZSLEjOEPGrbaJsH,3AQgdwMNCiN7awXch5fAaG,2x9SpqnPi8rlE9pjHBwmSC,The Great Curve - 2005 Remaster,Talking Heads,Remain in Light (Deluxe Version),2026-08-14T14:22:15,387560,2026-08-14,6.46,99,73,18,455.23,637.02,14,2026-08-14,6
483,0yhwdmbgkKdE1plV8xWdrd,3AQgdwMNCiN7awXch5fAaG,2x9SpqnPi8rlE9pjHBwmSC,Crosseyed and Painless - 2005 Remaster,Talking Heads,Remain in Light (Deluxe Version),2026-08-14T14:15:48,285613,2026-08-14,4.76,99,73,18,455.23,637.02,14,2026-08-14,6
484,4eBCTzBsSjYgrLH5clQf2x,3AQgdwMNCiN7awXch5fAaG,2x9SpqnPi8rlE9pjHBwmSC,Born Under Punches (The Heat Goes On) - 2005 Remaster,Talking Heads,Remain in Light (Deluxe Version),2026-08-14T14:11:02,349280,2026-08-14,5.82,99,73,18,455.23,637.02,14,2026-08-14,6
485,02eyUrxu8saTFZoxzNHtHz,5Dja2ASXd7MOM628iwYdtA,2x9SpqnPi8rlE9pjHBwmSC,Television Man - 2005 Remaster,Talking Heads,Little Creatures,2026-08-14T14:04:33,370680,2026-08-14,6.18,99,73,18,455.23,637.02,14,2026-08-14,6
486,6qSzRfSevJwvfCL1Y2gK45,0r7o2FeARRr23EZ0TJ0a8S,2x9SpqnPi8rlE9pjHBwmSC,Pulled Up,Talking Heads,Talking Heads '77,2026-08-14T13:58:22,268866,2026-08-14,4.48,99,73,18,455.23,637.02,14,2026-08-14,6
487,7dSCxR4LqkmxoBrq9MzVSD,0r7o2FeARRr23EZ0TJ0a8S,2x9SpqnPi8rlE9pjHBwmSC,Psycho Killer,Talking Heads,Talking Heads '77,2026-08-14T13:53:53,260506,2026-08-14,4.34,99,73,18,455.23,637.02,14,2026-08-14,6
488,2GscQnQSHd0n8GXN0JCej1,0r7o2FeARRr23EZ0TJ0a8S,2x9SpqnPi8rlE9pjHBwmSC,First Week / Last Week...Carefree,Talking Heads,Talking Heads '77,2026-08-14T13:49:32,201133,2026-08-14,3.35,99,73,18,455.23,637.02,14,2026-08-14,6
489,7pAAeToDaCaFROvuu8pZ92,0r7o2FeARRr23EZ0TJ0a8S,2x9SpqnPi8rlE9pjHBwmSC,Don't Worry About the Government,Talking Heads,Talking Heads '77,2026-08-14T13:46:12,180400,2026-08-14,3.01,99,73,18,455.23,637.02,14,2026-08-14,6
490,4OT7Ndu29Z7JfhwRS2iCJX,0r7o2FeARRr23EZ0TJ0a8S,2x9SpqnPi8rlE9pjHBwmSC,The Book I Read,Talking Heads,Talking Heads '77,2026-08-14T13:43:11,250066,2026-08-14,4.17,99,73,18,455.23,637.02,14,2026-08-14,6
491,50hhrjB7kkqdOLEy6jX0HR,0r7o2FeARRr23EZ0TJ0a8S,2x9SpqnPi8rlE9pjHBwmSC,No Compassion,Talking Heads,Talking Heads '77,2026-08-14T13:39:01,290800,2026-08-14,4.85,99,73,18,455.23,637.02,14,2026-08-14,6
492,6eWXOFlkEHm7qB4ngFImyH,0r7o2FeARRr23EZ0TJ0a8S,2x9SpqnPi8rlE9pjHBwmSC,Who Is It?,Talking Heads,Talking Heads '77,2026-08-14T13:34:10,104026,2026-08-14,1.73,99,73,18,455.23,637.02,14,2026-08-14,6
493,5uG9swITtOM3d84wl59WJH,0r7o2FeARRr23EZ0TJ0a8S,2x9SpqnPi8rlE9pjHBwmSC,Happy Day,Talking Heads,Talking Heads '77,2026-08-14T13:32:26,235333,2026-08-14,3.92,99,73,18,455.23,637.02,14,2026-08-14,6
494,4mBytlVMXz6HVvaRi0XDgQ,0r7o2FeARRr23EZ0TJ0a8S,2x9SpqnPi8rlE9pjHBwmSC,Tentative Decisions,Talking Heads,Talking Heads '77,2026-08-14T13:28:31,188306,2026-08-14,3.14,99,73,18,455.23,637.02,14,2026-08-14,6
495,4FrDdv5Hnsg93UuYKqvX3R,0r7o2FeARRr23EZ0TJ0a8S,2x9SpqnPi8rlE9pjHBwmSC,New Feeling,Talking Heads,Talking Heads '77,2026-08-14T13:25:22,189266,2026-08-14,3.15,99,73,18,455.23,637.02,14,2026-08-14,6
496,06JKOTOoHXuuKkiSBDdU6n,0r7o2FeARRr23EZ0TJ0a8S,2x9SpqnPi8rlE9pjHBwmSC,"Uh-Oh, Love Comes to Town",Talking Heads,Talking Heads '77,2026-08-14T13:22:13,169160,2026-08-14,2.82,99,73,18,455.23,637.02,14,2026-08-14,6
497,6RtyDR21q21OXaoKXoAsJK,0xM84XzqFGTDsFjPgCrXh9,0f3kLT4wvi2mFHlHJgV8Hl,The Lion's Mouth - Beast Mix,Kajagoogoo,Islands,2026-08-14T08:47:12,339240,2026-08-14,5.65,10,5,8,54.67,103.18,14,2026-08-21,2
498,5prIsUvI0KGSrz2oNX1UGp,3tZmzx3Og386HMV4vp4Dli,4lianjyuR1tqf6oUX8kjrZ,Lode All'Inviolato - 2008 Remaster,Franco Battiato,Caffé De La Paix (2008 Remastered Edition),2026-08-14T08:41:33,233440,2026-08-14,3.89,71,55,10,273.03,435.24,14,2026-08-12,2
499,08Yjr6SQehUAK2GIcNdFbK,4ksJGDgtixAqJ390XWv0Ua,2x9SpqnPi8rlE9pjHBwmSC,Sax and Violins,Talking Heads,Popular Favorites 1976 - 1992 / Sand in the Vaseline,2026-08-14T08:37:35,318200,2026-08-14,5.3,99,73,18,455.23,637.02,14,2026-08-14,6
500,1LI9qxcm3n6iTxPi6fT6HM,2ODAEaYlqS88SU4ZZu1bI6,0yNLKJebCb8Aueb54LYya3,World (The Price of Love) - Radio Edit; 2015 Remaster,New Order,Singles (2016 Remaster),2026-08-14T08:32:16,222146,2026-08-14,3.7,82,53,21,429.43,576.21,14,2026-08-03,6
501,6hHc7Pks7wtBIW8Z6A0iFq,6iHuSGy6pq4tNGFV3ZVPtl,0yNLKJebCb8Aueb54LYya3,Blue Monday,New Order,Substance,2026-08-14T08:28:22,449160,2026-08-14,7.49,82,53,21,429.43,576.21,14,2026-08-03,6
502,66gi3NC1bkALOldkw06uPh,57UuXCYkx1wZW7gfl8hvjB,3iUjRVvYCsMfz7tuAQtBDI,"All Stood Still - Soundcheck, The Lyceum 17/8/80",Ultravox,Vienna (Remastered Definitive Edition),2026-08-13T19:47:42,275346,2026-08-13,4.59,58,29,14,275.81,391.41,13,2026-08-05,4
503,5yLTzfcVczlN6f6QQegpeB,4VRRvBdZNnQGAmNN2fHhVh,6ra4GIOgCZQZMOaUECftGN,Uncle Meat,Frank Zappa,The Yellow Shark,2026-08-15T14:28:01,204200,2026-08-15,3.4,28,28,5,140.82,234.56,15,2026-08-09,2
504,0MGdMLE0oo28ueP6xNSBdN,4VRRvBdZNnQGAmNN2fHhVh,6ra4GIOgCZQZMOaUECftGN,Dog Breath Variations,Frank Zappa,The Yellow Shark,2026-08-15T14:24:37,127040,2026-08-15,2.12,28,28,5,140.82,234.56,15,2026-08-09,2
505,04nJi2CiWbwvUFBDLX1JsV,4VRRvBdZNnQGAmNN2fHhVh,6ra4GIOgCZQZMOaUECftGN,Intro,Frank Zappa,The Yellow Shark,2026-08-15T14:22:30,103173,2026-08-15,1.72,28,28,5,140.82,234.56,15,2026-08-09,2
506,4gzHAYB47X812HF4LiuP1R,6sLuXZdrb1cmsAnfrmgbrU,2qT62DYO8Ajb276vUJmvhz,No Language In Our Lungs - 2001 Remaster,XTC,Black Sea,2026-08-15T14:13:47,293066,2026-08-15,4.88,16,15,5,68.72,134.47,15,2026-08-16,2
507,3zHiy9GGgpxssEDv4sYzPz,6sLuXZdrb1cmsAnfrmgbrU,2qT62DYO8Ajb276vUJmvhz,Rocket From A Bottle - 2001 Remaster,XTC,Black Sea,2026-08-15T14:08:54,210094,2026-08-15,3.5,16,15,5,68.72,134.47,15,2026-08-16,2
508,6BBYNpkwZ5gNukxVqOPiqc,6sLuXZdrb1cmsAnfrmgbrU,2qT62DYO8Ajb276vUJmvhz,Love At First Sight - 2001 Remaster,XTC,Black Sea,2026-08-15T14:05:24,187666,2026-08-15,3.13,16,15,5,68.72,134.47,15,2026-08-16,2
509,2zvQfaRGtJrjH4RSbmCRsg,6sLuXZdrb1cmsAnfrmgbrU,2qT62DYO8Ajb276vUJmvhz,Living Through Another Cuba - 2001 Remaster,XTC,Black Sea,2026-08-15T14:02:16,284133,2026-08-15,4.74,16,15,5,68.72,134.47,15,2026-08-16,2
510,3jJm28Q9MEhnRbxk2LdfkK,6sLuXZdrb1cmsAnfrmgbrU,2qT62DYO8Ajb276vUJmvhz,Generals And Majors - 2001 Remaster,XTC,Black Sea,2026-08-15T13:57:32,244506,2026-08-15,4.08,16,15,5,68.72,134.47,15,2026-08-16,2
511,0n3ByoRnf82cKwnKf7PVlW,6GFPi1qjT1aZGiIZho28z7,6ra4GIOgCZQZMOaUECftGN,Massaggio Galore,Frank Zappa,Jazz From Hell,2026-08-15T13:53:24,155986,2026-08-15,2.6,28,28,5,140.82,234.56,15,2026-08-09,2
512,2s3DtpqlOgNzWPKw0kRaix,6GFPi1qjT1aZGiIZho28z7,6ra4GIOgCZQZMOaUECftGN,St. Etienne,Frank Zappa,Jazz From Hell,2026-08-15T13:50:48,386880,2026-08-15,6.45,28,28,5,140.82,234.56,15,2026-08-09,2
513,07ZE554AJYu6T6MBFdktL9,6GFPi1qjT1aZGiIZho28z7,6ra4GIOgCZQZMOaUECftGN,Damp Ankles,Frank Zappa,Jazz From Hell,2026-08-15T13:44:21,225466,2026-08-15,3.76,28,28,5,140.82,234.56,15,2026-08-09,2
514,6K9aktMY6A4ESKcbW82XLT,6GFPi1qjT1aZGiIZho28z7,6ra4GIOgCZQZMOaUECftGN,G-Spot Tornado,Frank Zappa,Jazz From Hell,2026-08-15T13:40:35,197426,2026-08-15,3.29,28,28,5,140.82,234.56,15,2026-08-09,2
515,5WD3tYeoBnaK0vD5lCaCju,6GFPi1qjT1aZGiIZho28z7,6ra4GIOgCZQZMOaUECftGN,Jazz From Hell,Frank Zappa,Jazz From Hell,2026-08-15T13:37:18,180426,2026-08-15,3.01,28,28,5,140.82,234.56,15,2026-08-09,2
516,1Oo3YN9TSrbxSCzeaSFnGI,6GFPi1qjT1aZGiIZho28z7,6ra4GIOgCZQZMOaUECftGN,While You Were Art II,Frank Zappa,Jazz From Hell,2026-08-15T13:34:17,437946,2026-08-15,7.3,28,28,5,140.82,234.56,15,2026-08-09,2
517,0stFT3j8Qz3pDJ89zft1u6,6GFPi1qjT1aZGiIZho28z7,6ra4GIOgCZQZMOaUECftGN,The Beltway Bandits,Frank Zappa,Jazz From Hell,2026-08-15T13:27:00,206146,2026-08-15,3.44,28,28,5,140.82,234.56,15,2026-08-09,2
518,4K3xKKlXiCytV823s54Jju,6GFPi1qjT1aZGiIZho28z7,6ra4GIOgCZQZMOaUECftGN,Night School,Frank Zappa,Jazz From Hell,2026-08-15T13:23:34,290586,2026-08-15,4.84,28,28,5,140.82,234.56,15,2026-08-09,2
519,6p6u9hueWa9XeDJLVr0R7Z,6vUUBFECAo0oLUWfjqmXtZ,1MD5pgVzlusqGyuSTcTxvu,Scary Light - Live In Japan 2002,Premiata Forneria Marconi,Live In Japan 2002,2026-08-15T13:01:08,180000,2026-08-15,3.0,24,24,5,129.1,214.01,15,2026-08-11,2
520,1fwRthITo9ILtndSwrNCW0,2KjQDjHb6EeDmAscOhlaTp,1MD5pgVzlusqGyuSTcTxvu,Appena Un Po',Premiata Forneria Marconi,Un Amico,2026-08-15T12:58:07,424186,2026-08-15,7.07,24,24,5,129.1,214.01,15,2026-08-11,2
521,13C6Xuygi7FR8e5RkFR4YG,2KjQDjHb6EeDmAscOhlaTp,1MD5pgVzlusqGyuSTcTxvu,Rain Birth,Premiata Forneria Marconi,Un Amico,2026-08-15T12:51:03,106520,2026-08-15,1.78,24,24,5,129.1,214.01,15,2026-08-11,2
522,1K5L4MAOT2AWvJ8iZWle3Q,2WTDHjiVNCHY3ju9kmGNOY,2x9SpqnPi8rlE9pjHBwmSC,"Drugs - Live at Emerald City, New Jersey; 2004 Remaster",Talking Heads,The Name of This Band Is Talking Heads (Expanded 2004 Remaster),2026-08-15T12:49:15,281000,2026-08-15,4.68,99,73,18,455.23,637.02,15,2026-08-14,6
523,6ifU94wrrExLmkQiEIkBJ5,2WTDHjiVNCHY3ju9kmGNOY,2x9SpqnPi8rlE9pjHBwmSC,"I Zimbra - Live at Emerald City, New Jersey; 2004 Remaster",Talking Heads,The Name of This Band Is Talking Heads (Expanded 2004 Remaster),2026-08-15T12:44:35,210400,2026-08-15,3.51,99,73,18,455.23,637.02,15,2026-08-14,6
524,2KZvXesfP2yzvE37zYLkrF,2WTDHjiVNCHY3ju9kmGNOY,2x9SpqnPi8rlE9pjHBwmSC,"The Book I Read - Live at WCOZ, Massachusetts",Talking Heads,The Name of This Band Is Talking Heads (Expanded 2004 Remaster),2026-08-15T12:41:03,262226,2026-08-15,4.37,99,73,18,455.23,637.02,15,2026-08-14,6
525,49xCMsqiFCzoUY9yZY55kf,2WTDHjiVNCHY3ju9kmGNOY,2x9SpqnPi8rlE9pjHBwmSC,"Who Is It? - Live at WCOZ, Massachusetts",Talking Heads,The Name of This Band Is Talking Heads (Expanded 2004 Remaster),2026-08-15T12:36:41,104373,2026-08-15,1.74,99,73,18,455.23,637.02,15,2026-08-14,6
526,0Z01AjGHev2FXejMpS6QR8,2WTDHjiVNCHY3ju9kmGNOY,2x9SpqnPi8rlE9pjHBwmSC,"Psycho Killer - Live at WCOZ, Massachusetts); 2004 Remaster",Talking Heads,The Name of This Band Is Talking Heads (Expanded 2004 Remaster),2026-08-15T12:34:57,331560,2026-08-15,5.53,99,73,18,455.23,637.02,15,2026-08-14,6
527,68yow9yxBkB2zFoGhH21il,2WTDHjiVNCHY3ju9kmGNOY,2x9SpqnPi8rlE9pjHBwmSC,"Pulled Up - Live at WCOZ, Massachusetts; 2004 Remaster",Talking Heads,The Name of This Band Is Talking Heads (Expanded 2004 Remaster),2026-08-15T12:29:25,244466,2026-08-15,4.07,99,73,18,455.23,637.02,15,2026-08-14,6
528,7tIXa0v4ucC5g7YhgAnIsP,2WTDHjiVNCHY3ju9kmGNOY,2x9SpqnPi8rlE9pjHBwmSC,"Don't Worry About the Government - Live at WCOZ, Massachusetts; 2004 Remaster",Talking Heads,The Name of This Band Is Talking Heads (Expanded 2004 Remaster),2026-08-15T12:25:21,183866,2026-08-15,3.06,99,73,18,455.23,637.02,15,2026-08-14,6
529,2q6YXRcGHRM25TPrNfhRfH,2WTDHjiVNCHY3ju9kmGNOY,2x9SpqnPi8rlE9pjHBwmSC,"A Clean Break (Let's Work) - Live at WCOZ, Massachusetts; 2004 Remaster",Talking Heads,The Name of This Band Is Talking Heads (Expanded 2004 Remaster),2026-08-15T12:22:17,305000,2026-08-15,5.08,99,73,18,455.23,637.02,15,2026-08-14,6
530,32dGQgjFB1UWcorjMEZOqg,2WTDHjiVNCHY3ju9kmGNOY,2x9SpqnPi8rlE9pjHBwmSC,"New Feeling - Live at WCOZ, Massachusetts; 2004 Remaster",Talking Heads,The Name of This Band Is Talking Heads (Expanded 2004 Remaster),2026-08-15T12:17:12,189866,2026-08-15,3.16,99,73,18,455.23,637.02,15,2026-08-14,6
531,6fCRWk36SFKSuxlepKpsgY,2lm0ytMRpYQPcv11JFASDl,1GkiKu2FJFSBrXSL8wKFzy,Things Fall Apart,Jerry Harrison,The Red And The Black,2026-08-15T09:40:25,302746,2026-08-15,5.05,21,12,9,94.97,167.1,15,2026-08-08,3
532,3caRFTnvIzPw6wlbwsZt2x,57UuXCYkx1wZW7gfl8hvjB,3iUjRVvYCsMfz7tuAQtBDI,Passing Strangers - 2008 Remaster,Ultravox,Vienna (Remastered Definitive Edition),2026-08-15T09:35:21,230960,2026-08-15,3.85,58,29,14,275.81,391.41,15,2026-08-05,4
533,5CMHrrdnlmvYH3zOwTGP7J,3tZmzx3Og386HMV4vp4Dli,4lianjyuR1tqf6oUX8kjrZ,Ricerca Sul Terzo - 2008 Remaster,Franco Battiato,Caffé De La Paix (2008 Remastered Edition),2026-08-15T09:31:30,239213,2026-08-15,3.99,71,55,10,273.03,435.24,15,2026-08-12,2
534,3fpPXbov1Tfv4gNWn7iGeF,0PSWY4XyjTWppfBb0tBtqu,0yNLKJebCb8Aueb54LYya3,All Day Long,New Order,Brotherhood (Collector's Edition),2026-08-15T09:27:31,311773,2026-08-15,5.2,82,53,21,429.43,576.21,15,2026-08-03,6
535,438kAOxGJQtpEkVMom9WXJ,3AQgdwMNCiN7awXch5fAaG,2x9SpqnPi8rlE9pjHBwmSC,Listening Wind - 2005 Remaster,Talking Heads,Remain in Light (Deluxe Version),2026-08-15T09:22:18,282906,2026-08-15,4.72,99,73,18,455.23,637.02,15,2026-08-14,6
536,5rvY5aFTSvQAo2VNUR1Fxy,3rPC5Y8e9S6dGGkWvRYPRD,0yNLKJebCb8Aueb54LYya3,Blue Monday - 2011 Total Version,New Order,TOTAL,2026-08-16T13:54:49,449906,2026-08-16,7.5,82,53,21,429.43,576.21,16,2026-08-03,6
537,4ELWT1yVHNK5Bo6MOpI4oR,3rPC5Y8e9S6dGGkWvRYPRD,0yNLKJebCb8Aueb54LYya3,Temptation,New Order,TOTAL,2026-08-16T13:47:19,324653,2026-08-16,5.41,82,53,21,429.43,576.21,16,2026-08-03,6
538,61E8w4M1XI9PSYjWNXIRkA,3rPC5Y8e9S6dGGkWvRYPRD,0yNLKJebCb8Aueb54LYya3,Ceremony - 2011 Total Version,New Order,TOTAL,2026-08-16T13:41:54,277813,2026-08-16,4.63,82,53,21,429.43,576.21,16,2026-08-03,6
539,345bkgXOneUbSi9qETPLUE,3rPC5Y8e9S6dGGkWvRYPRD,432R46LaYsJZV2Gmc4jUV5,Atmosphere,Joy Division,TOTAL,2026-08-16T13:37:16,251866,2026-08-16,4.2,23,22,5,98.82000000000001,181.8,16,2026-08-11,2
540,3XoatMhgpuxOkpb6GtQl9E,3rPC5Y8e9S6dGGkWvRYPRD,432R46LaYsJZV2Gmc4jUV5,She's Lost Control,Joy Division,TOTAL,2026-08-16T13:33:05,286960,2026-08-16,4.78,23,22,5,98.82000000000001,181.8,16,2026-08-11,2
541,1QYbNr50d9pKjd7chN4AHh,3rPC5Y8e9S6dGGkWvRYPRD,432R46LaYsJZV2Gmc4jUV5,Isolation,Joy Division,TOTAL,2026-08-16T13:28:17,174093,2026-08-16,2.9,23,22,5,98.82000000000001,181.8,16,2026-08-11,2
542,4N42ow0h4JoK68OQwOzsQn,3rPC5Y8e9S6dGGkWvRYPRD,432R46LaYsJZV2Gmc4jUV5,Love Will Tear Us Apart,Joy Division,TOTAL,2026-08-16T13:25:23,206226,2026-08-16,3.44,23,22,5,98.82000000000001,181.8,16,2026-08-11,2
543,4quX6Y6cvrP9hY4hiZBHiG,3rPC5Y8e9S6dGGkWvRYPRD,432R46LaYsJZV2Gmc4jUV5,Transmission,Joy Division,TOTAL,2026-08-16T13:21:57,218213,2026-08-16,3.64,23,22,5,98.82000000000001,181.8,16,2026-08-11,2
544,69uyiCMqXdr7qVYGHL4I8t,33qkK1brpt6t8unIpeM2Oy,432R46LaYsJZV2Gmc4jUV5,Wilderness - 2007 Remaster,Joy Division,Unknown Pleasures (Collector's Edition),2026-08-16T13:18:17,160173,2026-08-16,2.67,23,22,5,98.82000000000001,181.8,16,2026-08-11,2
545,4ZuC5MfGjRQs3pZtPxqMYP,33qkK1brpt6t8unIpeM2Oy,432R46LaYsJZV2Gmc4jUV5,Shadowplay - 2007 Remaster,Joy Division,Unknown Pleasures (Collector's Edition),2026-08-16T13:15:37,233719,2026-08-16,3.9,23,22,5,98.82000000000001,181.8,16,2026-08-11,2
546,0rcLhYRihks3t4lFPtHhQV,33qkK1brpt6t8unIpeM2Oy,432R46LaYsJZV2Gmc4jUV5,She's Lost Control - 2007 Remaster,Joy Division,Unknown Pleasures (Collector's Edition),2026-08-16T13:11:44,237013,2026-08-16,3.95,23,22,5,98.82000000000001,181.8,16,2026-08-11,2
547,5EabbLQZbdhCqG6aK9PFLU,33qkK1brpt6t8unIpeM2Oy,432R46LaYsJZV2Gmc4jUV5,New Dawn Fades - 2007 Remaster,Joy Division,Unknown Pleasures (Collector's Edition),2026-08-16T13:07:47,291706,2026-08-16,4.86,23,22,5,98.82000000000001,181.8,16,2026-08-11,2
548,12bBG2L6kHEzHANNaXNMHN,2fDm6GpssR8S6uQnDE4MKM,2qT62DYO8Ajb276vUJmvhz,Jason And The Argonauts - 2001 Remaster,XTC,English Settlement,2026-08-16T13:02:48,367066,2026-08-16,6.12,16,15,5,68.72,134.47,16,2026-08-16,2
549,0XDv7SLyMkGcAnb12fMHa1,2fDm6GpssR8S6uQnDE4MKM,2qT62DYO8Ajb276vUJmvhz,Senses Working Overtime - Remastered 2001,XTC,English Settlement,2026-08-16T12:56:41,290667,2026-08-16,4.84,16,15,5,68.72,134.47,16,2026-08-16,2
550,0KlWpxzYGq2sjVmwPHprxM,2fDm6GpssR8S6uQnDE4MKM,2qT62DYO8Ajb276vUJmvhz,Ball And Chain - 2001 Remaster,XTC,English Settlement,2026-08-16T12:51:51,272533,2026-08-16,4.54,16,15,5,68.72,134.47,16,2026-08-16,2
551,6Z4O4Ugbk9jpDrXyrpFG8g,2fDm6GpssR8S6uQnDE4MKM,2qT62DYO8Ajb276vUJmvhz,Runaways - 2001 Remaster,XTC,English Settlement,2026-08-16T12:47:18,274533,2026-08-16,4.58,16,15,5,68.72,134.47,16,2026-08-16,2
552,7AVJJ59wIsmeWUJJ84XUWP,6sLuXZdrb1cmsAnfrmgbrU,2qT62DYO8Ajb276vUJmvhz,Sgt. Rock (Is Going To Help Me) - 2001 Remaster,XTC,Black Sea,2026-08-16T12:42:33,236800,2026-08-16,3.95,16,15,5,68.72,134.47,16,2026-08-16,2
553,7BNAL8q6bTflAHgQuoUQPk,6sLuXZdrb1cmsAnfrmgbrU,2qT62DYO8Ajb276vUJmvhz,Burning With Optimism's Flames - 2001 Remaster,XTC,Black Sea,2026-08-16T12:38:36,255866,2026-08-16,4.26,16,15,5,68.72,134.47,16,2026-08-16,2
554,5BaGrRU0REqixcoZS8B40H,6sLuXZdrb1cmsAnfrmgbrU,2qT62DYO8Ajb276vUJmvhz,Paper And Iron (Notes And Coins) - 2001 Remaster,XTC,Black Sea,2026-08-16T12:34:20,257440,2026-08-16,4.29,16,15,5,68.72,134.47,16,2026-08-16,2
555,2HtyBiR2vbgOHEKbbfgQOT,6sLuXZdrb1cmsAnfrmgbrU,2qT62DYO8Ajb276vUJmvhz,Towers Of London - 2001 Remaster,XTC,Black Sea,2026-08-16T12:30:03,324226,2026-08-16,5.4,16,15,5,68.72,134.47,16,2026-08-16,2
556,4ZFeCnlyMwzhjuNhKHlmQD,38dDUvG4WftuwpWB4RJaLY,1aX2dmV8XoHYCOQRxjPESG,Don't You Want Me - Extended Dance Mix / Remastered 2021,The Human League,Dare: Singles & Remixes,2026-08-16T10:42:42,452986,2026-08-16,7.55,79,44,18,428.81,554.77,16,2026-08-08,5
557,6RtyDR21q21OXaoKXoAsJK,0xM84XzqFGTDsFjPgCrXh9,0f3kLT4wvi2mFHlHJgV8Hl,The Lion's Mouth - Beast Mix,Kajagoogoo,Islands,2026-08-16T10:35:06,339240,2026-08-16,5.65,10,5,8,54.67,103.18,16,2026-08-21,2
558,7veDNtXlh2n0noGdD0oqBB,4OLsnJQPTX0S6lODXw1MqC,2x9SpqnPi8rlE9pjHBwmSC,Life During Wartime,Talking Heads,Fear of Music,2026-08-16T10:23:21,221066,2026-08-16,3.68,99,73,18,455.23,637.02,16,2026-08-14,6
559,0xRpjqtl3xQz56b41iytTp,4OLsnJQPTX0S6lODXw1MqC,2x9SpqnPi8rlE9pjHBwmSC,Cities,Talking Heads,Fear of Music,2026-08-16T10:19:41,250306,2026-08-16,4.17,99,73,18,455.23,637.02,16,2026-08-14,6
560,3kfsFQhrPxNKmZLgm26u0U,4OLsnJQPTX0S6lODXw1MqC,2x9SpqnPi8rlE9pjHBwmSC,Paper,Talking Heads,Fear of Music,2026-08-16T10:15:31,159426,2026-08-16,2.66,99,73,18,455.23,637.02,16,2026-08-14,6
561,1FPi0KsUABEXojN4z6noG4,4OLsnJQPTX0S6lODXw1MqC,2x9SpqnPi8rlE9pjHBwmSC,Mind,Talking Heads,Fear of Music,2026-08-16T10:12:51,252733,2026-08-16,4.21,99,73,18,455.23,637.02,16,2026-08-14,6
562,6WXWvuIVR2g3MklmHXXZp8,4OLsnJQPTX0S6lODXw1MqC,2x9SpqnPi8rlE9pjHBwmSC,I Zimbra,Talking Heads,Fear of Music,2026-08-16T10:08:38,188666,2026-08-16,3.14,99,73,18,455.23,637.02,16,2026-08-14,6
563,3EosA6lnwrp6hShE27mPcF,39jsLMRmrTpfdq2vE4TCUe,2x9SpqnPi8rlE9pjHBwmSC,The Girl Wants to Be with the Girls,Talking Heads,More Songs About Buildings and Food,2026-08-16T10:05:26,158400,2026-08-16,2.64,99,73,18,455.23,637.02,16,2026-08-14,6
564,0DO7AUeYAx9oUG7gyrbdTD,39jsLMRmrTpfdq2vE4TCUe,2x9SpqnPi8rlE9pjHBwmSC,The Good Thing,Talking Heads,More Songs About Buildings and Food,2026-08-16T10:02:45,183760,2026-08-16,3.06,99,73,18,455.23,637.02,16,2026-08-14,6
565,35ljOibZSLEjOEPGrbaJsH,3AQgdwMNCiN7awXch5fAaG,2x9SpqnPi8rlE9pjHBwmSC,The Great Curve - 2005 Remaster,Talking Heads,Remain in Light (Deluxe Version),2026-08-16T09:59:40,387560,2026-08-16,6.46,99,73,18,455.23,637.02,16,2026-08-14,6
566,7FJMRaPU32nqAHK3jMPkyQ,6iHuSGy6pq4tNGFV3ZVPtl,0yNLKJebCb8Aueb54LYya3,Bizarre Love Triangle - Extended Dance Mix,New Order,Substance,2026-08-16T09:53:08,404560,2026-08-16,6.74,82,53,21,429.43,576.21,16,2026-08-03,6
567,3bjw9qvm2LZJ0RfYlay5QI,28X6zmcFUzFrR6dqh7N4Or,1aX2dmV8XoHYCOQRxjPESG,Being Boiled,The Human League,Original Remixes & Rarities,2026-08-18T10:15:51,258146,2026-08-18,4.3,79,44,18,428.81,554.77,18,2026-08-08,5
568,6URuvrJDQYS3iHpEGzeVon,48SZZN11hILDNJ6qPdGUot,1aX2dmV8XoHYCOQRxjPESG,The Touchables - 2003 Remaster,The Human League,All The Best,2026-08-18T10:11:33,198680,2026-08-18,3.31,79,44,18,428.81,554.77,18,2026-08-08,5
569,3Tx7cZZn8vJutWOtgaV6Jp,48SZZN11hILDNJ6qPdGUot,1aX2dmV8XoHYCOQRxjPESG,Life Kills - 2003 Remaster,The Human League,All The Best,2026-08-18T10:08:14,184386,2026-08-18,3.07,79,44,18,428.81,554.77,18,2026-08-08,5
570,1alb6GTSFPWIy9nrOKhOwu,48SZZN11hILDNJ6qPdGUot,1aX2dmV8XoHYCOQRxjPESG,Only After Dark - 2003 Remaster,The Human League,All The Best,2026-08-18T10:05:09,225760,2026-08-18,3.76,79,44,18,428.81,554.77,18,2026-08-08,5
571,7ggZVSqJuKDzRwBH5gkDn1,1nkKDM0EfKvJNKHsMFSvSS,1GkiKu2FJFSBrXSL8wKFzy,Man With A Gun,Jerry Harrison,Casual Gods,2026-08-18T10:01:23,280200,2026-08-18,4.67,21,12,9,94.97,167.1,18,2026-08-08,3
572,0tIYxXxxZWpyRNd7Cv1Kpv,1nkKDM0EfKvJNKHsMFSvSS,1GkiKu2FJFSBrXSL8wKFzy,Song Of Angels,Jerry Harrison,Casual Gods,2026-08-18T09:56:43,217466,2026-08-18,3.62,21,12,9,94.97,167.1,18,2026-08-08,3
573,3CAWvns1fmJrNMPk4prasj,1nkKDM0EfKvJNKHsMFSvSS,1GkiKu2FJFSBrXSL8wKFzy,Rev It Up,Jerry Harrison,Casual Gods,2026-08-18T09:53:05,251466,2026-08-18,4.19,21,12,9,94.97,167.1,18,2026-08-08,3
574,1b5loVZjltvWbn0fFmslca,6cjugjFHB3T1alJxAffyxQ,0yNLKJebCb8Aueb54LYya3,Touched by the Hand of God,New Order,The Best of New Order,2026-08-18T09:48:48,225933,2026-08-18,3.77,82,53,21,429.43,576.21,18,2026-08-03,6
575,39Xzpsh8hScnRJPVVLNp4W,3rPC5Y8e9S6dGGkWvRYPRD,0yNLKJebCb8Aueb54LYya3,Hellbent - 2011 Total Version,New Order,TOTAL,2026-08-18T09:45:02,269266,2026-08-18,4.49,82,53,21,429.43,576.21,18,2026-08-03,6
576,126LOo9hvJrJDSZ2DTrEx7,3rPC5Y8e9S6dGGkWvRYPRD,0yNLKJebCb8Aueb54LYya3,Krafty - 2011 Total Version,New Order,TOTAL,2026-08-18T09:40:33,227666,2026-08-18,3.79,82,53,21,429.43,576.21,18,2026-08-03,6
577,0amyZf66rtgZdKBdF3Xy4C,3rPC5Y8e9S6dGGkWvRYPRD,0yNLKJebCb8Aueb54LYya3,Crystal - 2011 Total Version,New Order,TOTAL,2026-08-18T09:36:45,260373,2026-08-18,4.34,82,53,21,429.43,576.21,18,2026-08-03,6
578,4vdbv3h39aApvT5Z4CR1E4,3rPC5Y8e9S6dGGkWvRYPRD,0yNLKJebCb8Aueb54LYya3,Regret - 2011 Total Version,New Order,TOTAL,2026-08-18T09:32:25,250773,2026-08-18,4.18,82,53,21,429.43,576.21,18,2026-08-03,6
579,32M0ikSpg3bflPutVcVBlK,3rPC5Y8e9S6dGGkWvRYPRD,0yNLKJebCb8Aueb54LYya3,World in Motion - 2011 Total Version,New Order,TOTAL,2026-08-18T09:28:14,272240,2026-08-18,4.54,82,53,21,429.43,576.21,18,2026-08-03,6
580,1bdncbVU0JivC4d1jieIVD,3rPC5Y8e9S6dGGkWvRYPRD,0yNLKJebCb8Aueb54LYya3,Fine Time - 2011 Total Version,New Order,TOTAL,2026-08-18T09:23:42,190800,2026-08-18,3.18,82,53,21,429.43,576.21,18,2026-08-03,6
581,0E8IiKUfS98p3cUbQgh3yO,3rPC5Y8e9S6dGGkWvRYPRD,0yNLKJebCb8Aueb54LYya3,True Faith - 2011 Total Version,New Order,TOTAL,2026-08-18T09:20:31,252680,2026-08-18,4.21,82,53,21,429.43,576.21,18,2026-08-03,6
582,1g5BzgVrAJ5bJ30rCQcguG,3rPC5Y8e9S6dGGkWvRYPRD,0yNLKJebCb8Aueb54LYya3,"Bizarre Love Triangle - 2011 Total Version; Shep Pettibone 7"" Remix",New Order,TOTAL,2026-08-18T09:16:18,226293,2026-08-18,3.77,82,53,21,429.43,576.21,18,2026-08-03,6
583,4x0iR9vptJhOa4iRliwtPN,3rPC5Y8e9S6dGGkWvRYPRD,0yNLKJebCb8Aueb54LYya3,The Perfect Kiss - 2011 Total Version,New Order,TOTAL,2026-08-18T09:12:32,266373,2026-08-18,4.44,82,53,21,429.43,576.21,18,2026-08-03,6
584,6io2uRCFnAXfh7NIweqcfg,78KHtR3cIS1akiOcg2POtr,4lianjyuR1tqf6oUX8kjrZ,Medley Last Summer Dance - Live 2003,Franco Battiato,Last Summer Dance - Live,2026-08-19T17:30:17,503786,2026-08-19,8.4,71,55,10,273.03,435.24,19,2026-08-12,2
585,5wWENYt2OudVbFbg82SXcb,57fbjGPdv6Ey7RkzOJQ46y,4lianjyuR1tqf6oUX8kjrZ,"Strade Dell'Est - Live From Lugo Di Romagna, Italy / 1994",Franco Battiato,"Unprotected (Live at Lugo di Romagna, Padova, Genova 1994)",2026-08-19T17:21:52,154680,2026-08-19,2.58,71,55,10,273.03,435.24,19,2026-08-12,2
586,3lZCJ6rTherMwvlMWPsRq2,6AUIAGxee5KOCQeiZSZDrg,4lianjyuR1tqf6oUX8kjrZ,Era De Maggio - Remastered 2019,Franco Battiato,Fleurs (Remastered 2019),2026-08-19T17:19:17,206893,2026-08-19,3.45,71,55,10,273.03,435.24,19,2026-08-12,2
587,149xUJZG1IvlmpmHUdl7IL,5W1KoMpZ8gCbnVxbQP13OW,4lianjyuR1tqf6oUX8kjrZ,Un Irresistible Reclamo,Franco Battiato,Ábrete Sésamo,2026-08-19T17:15:50,214746,2026-08-19,3.58,71,55,10,273.03,435.24,19,2026-08-12,2
588,4Ku2odQUvdhYrkcpQkt28n,6AUIAGxee5KOCQeiZSZDrg,4lianjyuR1tqf6oUX8kjrZ,J'entends siffler le train - Remastered 2019,Franco Battiato,Fleurs (Remastered 2019),2026-08-19T17:12:15,189493,2026-08-19,3.16,71,55,10,273.03,435.24,19,2026-08-12,2
589,2N19eHMGsCOioyvH9nBrog,1Kn7Ds2UpJTdpBj7oweUh7,4lianjyuR1tqf6oUX8kjrZ,Medievale,Franco Battiato,Fleurs,2026-08-19T17:09:04,157266,2026-08-19,2.62,71,55,10,273.03,435.24,19,2026-08-12,2
590,26N2xkplcWTtbcNcZjdoGX,4m6VPHNL1niVyCbdDU3f80,7AC976RDJzL2asmZuz7qil,Pt. II: Sad Night At The Airfield - Instrumental,Yes,Fly From Here - Complete Return Trip,2026-08-20T17:19:59,325053,2026-08-20,5.42,10,10,3,91.41,140.65,20,2026-08-21,2
591,63Pv7GkY1Zn35V4xKqkgdx,4m6VPHNL1niVyCbdDU3f80,7AC976RDJzL2asmZuz7qil,Pt. I: We Can Fly - Instrumental,Yes,Fly From Here - Complete Return Trip,2026-08-20T17:14:35,304333,2026-08-20,5.07,10,10,3,91.41,140.65,20,2026-08-21,2
592,12cYHsjSoMyzGd3wRYwYi4,4m6VPHNL1niVyCbdDU3f80,7AC976RDJzL2asmZuz7qil,Overture - Instrumental,Yes,Fly From Here - Complete Return Trip,2026-08-20T17:09:30,112266,2026-08-20,1.87,10,10,3,91.41,140.65,20,2026-08-21,2
595,23Glh1ykxUAZI43Ac9E8xw,4ttC4XUinZXn3GMIQNrjFZ,7M1FPw29m5FbicYzS2xdpi,The Great Deceiver,King Crimson,Starless And Bible Black,2026-08-20T16:52:22,241945,2026-08-20,4.03,30,26,8,143.52,240.46,20,2026-08-20,2
596,5QzZDAATnQhIEQSyktZFEU,2U4JHXMiBxsKH4dnYEQg2g,7AC976RDJzL2asmZuz7qil,Awaken - 2003 Remaster,Yes,Going for the One (Deluxe Edition),2026-08-20T16:48:19,931146,2026-08-20,15.52,10,10,3,91.41,140.65,20,2026-08-21,2
597,7Gu0jlVAOwKGLoVnAoE5Pk,3UuS2eUXelR9MsI3gvEW9w,6ra4GIOgCZQZMOaUECftGN,Po-Jama People,Frank Zappa,One Size Fits All,2026-08-20T16:32:44,461613,2026-08-20,7.69,28,28,5,140.82,234.56,20,2026-08-09,2
598,0QPSEHa4xVcvhliExodM3y,6ELt0QaMOwPGPzfdEXE839,7M1FPw29m5FbicYzS2xdpi,Easy Money,King Crimson,Larks' Tongues In Aspic (Expanded & Remastered Original Album Mix),2026-08-20T16:25:02,474072,2026-08-20,7.9,30,26,8,143.52,240.46,20,2026-08-20,2
599,0a5gIHQxZl2WjLTLgzKsAW,1eaXejTN5Xy1AYQ9ry5Wpq,1aX2dmV8XoHYCOQRxjPESG,The Lebanon - 7'' Version,The Human League,Anthology - A Very British Synthesizer Group (Deluxe),2026-08-20T20:51:38,224360,2026-08-20,3.74,79,44,18,428.81,554.77,20,2026-08-08,5
600,1s18YBpt77bMZaiZO0ebGM,09H76Y3uRhgJSu7u5f3e6f,3iUjRVvYCsMfz7tuAQtBDI,Life At Rainbow's End (For All The Tax Exiles On Main Street),Ultravox,Ultravox!,2026-08-20T20:47:53,224253,2026-08-20,3.74,58,29,14,275.81,391.41,20,2026-08-05,4
601,1BTj6f7eJ4QVFXKkC23xuw,09H76Y3uRhgJSu7u5f3e6f,3iUjRVvYCsMfz7tuAQtBDI,Saturday Night In The City Of The Dead,Ultravox,Ultravox!,2026-08-20T20:44:09,155586,2026-08-20,2.59,58,29,14,275.81,391.41,20,2026-08-05,4
602,0wPoe0kV61FhydkBOKeus7,1eaXejTN5Xy1AYQ9ry5Wpq,1aX2dmV8XoHYCOQRxjPESG,Being Boiled,The Human League,Anthology - A Very British Synthesizer Group (Deluxe),2026-08-20T19:39:12,230106,2026-08-20,3.84,79,44,18,428.81,554.77,20,2026-08-08,5
603,3bjw9qvm2LZJ0RfYlay5QI,28X6zmcFUzFrR6dqh7N4Or,1aX2dmV8XoHYCOQRxjPESG,Being Boiled,The Human League,Original Remixes & Rarities,2026-08-20T19:35:19,258146,2026-08-20,4.3,79,44,18,428.81,554.77,20,2026-08-08,5
604,6A8v6RAVn2d5Jy1EZ4Tyq1,3rPC5Y8e9S6dGGkWvRYPRD,0yNLKJebCb8Aueb54LYya3,Thieves like Us - 2011 Total Version,New Order,TOTAL,2026-08-20T19:30:42,236613,2026-08-20,3.94,82,53,21,429.43,576.21,20,2026-08-03,6
605,1VZFmtsZuuqm0EV6KQihE8,6iHuSGy6pq4tNGFV3ZVPtl,0yNLKJebCb8Aueb54LYya3,Everythings Gone Green,New Order,Substance,2026-08-20T19:26:43,330680,2026-08-20,5.51,82,53,21,429.43,576.21,20,2026-08-03,6
606,15RZjKzG8HbbS9arAq9YvK,2lm0ytMRpYQPcv11JFASDl,1GkiKu2FJFSBrXSL8wKFzy,Slink,Jerry Harrison,The Red And The Black,2026-08-20T19:21:12,262266,2026-08-20,4.37,21,12,9,94.97,167.1,20,2026-08-08,3
608,3mQWrQaGsawjYowozDp7mq,6gp8D4NmYCcBz55J0s4QXH,7M1FPw29m5FbicYzS2xdpi,Neurotica,King Crimson,Beat,2026-08-20T19:13:02,288493,2026-08-20,4.81,30,26,8,143.52,240.46,20,2026-08-20,2
609,3YsHGJXTTpsV6Iu4DbNBjs,3UuS2eUXelR9MsI3gvEW9w,6ra4GIOgCZQZMOaUECftGN,Andy,Frank Zappa,One Size Fits All,2026-08-20T19:08:13,362066,2026-08-20,6.03,28,28,5,140.82,234.56,20,2026-08-09,2
610,7vF3z9YvJcQhdTkyB3f3zz,4eJ3LJl4sHKs3nd8CZ9hq5,7M1FPw29m5FbicYzS2xdpi,"Larks' Tongues In Aspic, Pt. III",King Crimson,Three of a Perfect Pair,2026-08-20T19:01:40,365045,2026-08-20,6.08,30,26,8,143.52,240.46,20,2026-08-20,2
611,7lUzT76hrITBfzhhAYtIIk,4eJ3LJl4sHKs3nd8CZ9hq5,7M1FPw29m5FbicYzS2xdpi,No Warning,King Crimson,Three of a Perfect Pair,2026-08-20T18:55:04,209297,2026-08-20,3.49,30,26,8,143.52,240.46,20,2026-08-20,2
612,38QjojU2fPzO3zsmxHkJnt,4eJ3LJl4sHKs3nd8CZ9hq5,7M1FPw29m5FbicYzS2xdpi,Dig Me,King Crimson,Three of a Perfect Pair,2026-08-20T18:51:34,197019,2026-08-20,3.28,30,26,8,143.52,240.46,20,2026-08-20,2
613,6Y3U2SduygAkHp08WdOfuu,4eJ3LJl4sHKs3nd8CZ9hq5,7M1FPw29m5FbicYzS2xdpi,Industry,King Crimson,Three of a Perfect Pair,2026-08-20T18:48:17,424823,2026-08-20,7.08,30,26,8,143.52,240.46,20,2026-08-20,2
614,3fI6xSQqR37GqFTfdKzBBQ,4eJ3LJl4sHKs3nd8CZ9hq5,7M1FPw29m5FbicYzS2xdpi,"Nuages (That Which Passes, Passes Like Clouds)",King Crimson,Three of a Perfect Pair,2026-08-20T18:41:13,287386,2026-08-20,4.79,30,26,8,143.52,240.46,20,2026-08-20,2
615,67sjNlg6wPl1LlI086NpgA,4eJ3LJl4sHKs3nd8CZ9hq5,7M1FPw29m5FbicYzS2xdpi,Man With An Open Heart,King Crimson,Three of a Perfect Pair,2026-08-20T18:36:25,185266,2026-08-20,3.09,30,26,8,143.52,240.46,20,2026-08-20,2
616,31pnz5Ct5tI1lwKO7jklMn,4eJ3LJl4sHKs3nd8CZ9hq5,7M1FPw29m5FbicYzS2xdpi,Sleepless,King Crimson,Three of a Perfect Pair,2026-08-20T18:33:20,324000,2026-08-20,5.4,30,26,8,143.52,240.46,20,2026-08-20,2
617,0NgBe6cubzUkCr0rYrFgCI,4eJ3LJl4sHKs3nd8CZ9hq5,7M1FPw29m5FbicYzS2xdpi,Model Man,King Crimson,Three of a Perfect Pair,2026-08-20T18:27:56,229720,2026-08-20,3.83,30,26,8,143.52,240.46,20,2026-08-20,2
618,6K77y4p0cJYxQghBxv5lVx,4eJ3LJl4sHKs3nd8CZ9hq5,7M1FPw29m5FbicYzS2xdpi,Three of a Perfect Pair,King Crimson,Three of a Perfect Pair,2026-08-20T18:24:06,250786,2026-08-20,4.18,30,26,8,143.52,240.46,20,2026-08-20,2
619,1sdXRfmGDkEeqo2ShrMBr9,4eJ3LJl4sHKs3nd8CZ9hq5,7M1FPw29m5FbicYzS2xdpi,Industrial Zone B,King Crimson,Three of a Perfect Pair,2026-08-21T08:57:19,273000,2026-08-21,4.55,30,26,8,143.52,240.46,21,2026-08-20,2
620,5we7FsjBUXXot82scZKFHx,4eJ3LJl4sHKs3nd8CZ9hq5,7M1FPw29m5FbicYzS2xdpi,Industrial Zone A,King Crimson,Three of a Perfect Pair,2026-08-21T08:52:46,104000,2026-08-21,1.73,30,26,8,143.52,240.46,21,2026-08-20,2
621,0CiXi9VLDxkQsN0YiegZif,3rWr9v5saPs29Pvu05extl,762310PdDnwsDxAQxzQkfX,Everything Counts - Live in Mexico City,Depeche Mode,Memento Mori: Mexico City,2026-08-21T08:46:39,409894,2026-08-21,6.83,31,30,7,143.86,246.26,21,2026-08-25,3
622,73K2ceM2MoikxsFc5aaw8N,3rWr9v5saPs29Pvu05extl,762310PdDnwsDxAQxzQkfX,In Your Room - Live in Mexico City,Depeche Mode,Memento Mori: Mexico City,2026-08-21T08:39:50,308122,2026-08-21,5.14,31,30,7,143.86,246.26,21,2026-08-25,3
623,1TQPAGhCAe85NT83438Mgk,3rWr9v5saPs29Pvu05extl,762310PdDnwsDxAQxzQkfX,Sister Of Night - Live in Mexico City,Depeche Mode,Memento Mori: Mexico City,2026-08-21T08:34:42,341761,2026-08-21,5.7,31,30,7,143.86,246.26,21,2026-08-25,3
624,0TvOEFT089hozSVCWf4XbV,3rWr9v5saPs29Pvu05extl,762310PdDnwsDxAQxzQkfX,It's No Good - Live in Mexico City,Depeche Mode,Memento Mori: Mexico City,2026-08-21T08:29:00,298546,2026-08-21,4.98,31,30,7,143.86,246.26,21,2026-08-25,3
625,2lqHvCYOUpU1URkqg7QhQU,3rWr9v5saPs29Pvu05extl,762310PdDnwsDxAQxzQkfX,Walking In My Shoes - Live in Mexico City,Depeche Mode,Memento Mori: Mexico City,2026-08-21T08:24:01,409410,2026-08-21,6.82,31,30,7,143.86,246.26,21,2026-08-25,3
626,0bJ9yKvYupAr6ynROxwnUr,3rWr9v5saPs29Pvu05extl,762310PdDnwsDxAQxzQkfX,Wagging Tongue - Live in Mexico City,Depeche Mode,Memento Mori: Mexico City,2026-08-21T08:17:12,210636,2026-08-21,3.51,31,30,7,143.86,246.26,21,2026-08-25,3
627,5Kcmeylcl9trkg0vgikhBr,3rWr9v5saPs29Pvu05extl,762310PdDnwsDxAQxzQkfX,My Cosmos Is Mine - Live in Mexico City,Depeche Mode,Memento Mori: Mexico City,2026-08-21T08:13:41,299714,2026-08-21,5.0,31,30,7,143.86,246.26,21,2026-08-25,3
628,6Ot7CMmF7FIjPwGAfYAJtp,3rWr9v5saPs29Pvu05extl,762310PdDnwsDxAQxzQkfX,Intro - Live in Mexico City,Depeche Mode,Memento Mori: Mexico City,2026-08-21T08:08:41,137232,2026-08-21,2.29,31,30,7,143.86,246.26,21,2026-08-25,3
629,1you7aXePTmCHkLGikaHrR,0c2eDi1S58XzaqxwOC1FMZ,762310PdDnwsDxAQxzQkfX,Personal Jesus - Holier Than Thou Approach,Depeche Mode,"Violator | The 12"" Singles",2026-08-21T08:06:22,349530,2026-08-21,5.83,31,30,7,143.86,246.26,21,2026-08-25,3
630,6PtvseepBgNAPL72MScPYv,6Emuji4zhaeR5DQEcAQSxY,4lianjyuR1tqf6oUX8kjrZ,Duplice intelletto,Franco Battiato,Telesio,2026-08-21T06:12:49,57333,2026-08-21,0.96,71,55,10,273.03,435.24,21,2026-08-12,2
631,3sc9YIcDSPCXsQ0zzX3JLW,6Ws5YQCEOfwmpTK01EALgv,4lianjyuR1tqf6oUX8kjrZ,La Cura,Franco Battiato,L'Imboscata,2026-08-21T06:11:51,243333,2026-08-21,4.06,71,55,10,273.03,435.24,21,2026-08-12,2
632,0OeNM51JkKKPkpcgrDlEo8,0b33cACjsSPVBchGgsFGMu,4lianjyuR1tqf6oUX8kjrZ,Conforto alla vita,Franco Battiato,Universi paralleli di Franco Battiato,2026-08-21T06:07:36,202826,2026-08-21,3.38,71,55,10,273.03,435.24,21,2026-08-12,2
633,3bW2NX6jPQivrlt94qUKfZ,1HTpAHdE8esLx5trzLOaxQ,4lianjyuR1tqf6oUX8kjrZ,Crocifissione,Franco Battiato,Una Vita Scellerata: Musiche Per Il Film,2026-08-21T06:04:10,85906,2026-08-21,1.43,71,55,10,273.03,435.24,21,2026-08-12,2
634,7xUzqtmGmOA3vJ8kfa8J9m,4v4CPvh7qDax72R4u2TXFc,4lianjyuR1tqf6oUX8kjrZ,L'Animale,Franco Battiato,Correnti Gravitazionali,2026-08-21T06:02:40,175386,2026-08-21,2.92,71,55,10,273.03,435.24,21,2026-08-12,2
635,5prIsUvI0KGSrz2oNX1UGp,3tZmzx3Og386HMV4vp4Dli,4lianjyuR1tqf6oUX8kjrZ,Lode All'Inviolato - 2008 Remaster,Franco Battiato,Caffé De La Paix (2008 Remastered Edition),2026-08-21T05:59:30,233440,2026-08-21,3.89,71,55,10,273.03,435.24,21,2026-08-12,2
636,1VZFmtsZuuqm0EV6KQihE8,6iHuSGy6pq4tNGFV3ZVPtl,0yNLKJebCb8Aueb54LYya3,Everythings Gone Green,New Order,Substance,2026-08-21T05:55:36,330680,2026-08-21,5.51,82,53,21,429.43,576.21,21,2026-08-03,6
637,0T4X2GccMCUlsjrTV1L9jw,2ODAEaYlqS88SU4ZZu1bI6,0yNLKJebCb8Aueb54LYya3,"The Perfect Kiss - 7"" Edit; 2015 Remaster",New Order,Singles (2016 Remaster),2026-08-21T05:50:05,265293,2026-08-21,4.42,82,53,21,429.43,576.21,21,2026-08-03,6
638,438kAOxGJQtpEkVMom9WXJ,3AQgdwMNCiN7awXch5fAaG,2x9SpqnPi8rlE9pjHBwmSC,Listening Wind - 2005 Remaster,Talking Heads,Remain in Light (Deluxe Version),2026-08-21T05:45:39,282906,2026-08-21,4.72,99,73,18,455.23,637.02,21,2026-08-14,6
639,3caRFTnvIzPw6wlbwsZt2x,57UuXCYkx1wZW7gfl8hvjB,3iUjRVvYCsMfz7tuAQtBDI,Passing Strangers - 2008 Remaster,Ultravox,Vienna (Remastered Definitive Edition),2026-08-21T05:40:56,230960,2026-08-21,3.85,58,29,14,275.81,391.41,21,2026-08-05,4
640,6wVViUl2xSRoDK2T7dMZbR,0PSWY4XyjTWppfBb0tBtqu,0yNLKJebCb8Aueb54LYya3,Bizarre Love Triangle,New Order,Brotherhood (Collector's Edition),2026-08-21T05:37:04,263213,2026-08-21,4.39,82,53,21,429.43,576.21,21,2026-08-03,6
641,2iOSFP5zgP7uX54oUAnPG7,48e5bZFgvlWlVN8KVdaNON,3iUjRVvYCsMfz7tuAQtBDI,Reap the Wild Wind - 2009 Remaster,Ultravox,Quartet (2009 Remaster),2026-08-21T05:32:41,229346,2026-08-21,3.82,58,29,14,275.81,391.41,21,2026-08-05,4
642,3fpPXbov1Tfv4gNWn7iGeF,0PSWY4XyjTWppfBb0tBtqu,0yNLKJebCb8Aueb54LYya3,All Day Long,New Order,Brotherhood (Collector's Edition),2026-08-21T05:28:51,311773,2026-08-21,5.2,82,53,21,429.43,576.21,21,2026-08-03,6
643,6leYEYciYSJc8wmpmeAE0g,57UuXCYkx1wZW7gfl8hvjB,3iUjRVvYCsMfz7tuAQtBDI,Western Promise - 2008 Remaster,Ultravox,Vienna (Remastered Definitive Edition),2026-08-21T05:23:39,318560,2026-08-21,5.31,58,29,14,275.81,391.41,21,2026-08-05,4
644,4GzoUsQcVpe3HhzKEaGsEG,0PSWY4XyjTWppfBb0tBtqu,0yNLKJebCb8Aueb54LYya3,Way of Life,New Order,Brotherhood (Collector's Edition),2026-08-21T05:18:20,246173,2026-08-21,4.1,82,53,21,429.43,576.21,21,2026-08-03,6
645,6fCRWk36SFKSuxlepKpsgY,2lm0ytMRpYQPcv11JFASDl,1GkiKu2FJFSBrXSL8wKFzy,Things Fall Apart,Jerry Harrison,The Red And The Black,2026-08-21T05:14:13,302746,2026-08-21,5.05,21,12,9,94.97,167.1,21,2026-08-08,3
646,0vNeV6bl2TyXjKKJRwnVrG,0PSWY4XyjTWppfBb0tBtqu,0yNLKJebCb8Aueb54LYya3,Paradise,New Order,Brotherhood (Collector's Edition),2026-08-21T05:09:10,232626,2026-08-21,3.88,82,53,21,429.43,576.21,21,2026-08-03,6
647,5VUSidYgDkT1bv44GVVz21,2s4Imr2HMS9Dk5Jp5AooTu,1MD5pgVzlusqGyuSTcTxvu,Umani Alieni - Italian version,Premiata Forneria Marconi,I Dreamed of Electric Sheep,2026-08-21T15:16:26,295346,2026-08-21,4.92,24,24,5,129.1,214.01,21,2026-08-11,2
648,6tRQbnLLjMvh5Zx8ipd0SS,2s4Imr2HMS9Dk5Jp5AooTu,1MD5pgVzlusqGyuSTcTxvu,Mondi Paralleli - Italian version,Premiata Forneria Marconi,I Dreamed of Electric Sheep,2026-08-21T15:11:31,197560,2026-08-21,3.29,24,24,5,129.1,214.01,21,2026-08-11,2
649,6HBJSNzelw2rJb5N9Doxg6,3xGbStrCsniIAMHDk88aoH,7AC976RDJzL2asmZuz7qil,"The Gates of Delirium - Live at Roosevelt Stadium, Jersey City, NJ, 6/17/1976",Yes,"Roosevelt Stadium, Jersey City, NJ, 17 June 1976 (Live)",2026-08-21T15:08:13,1331310,2026-08-21,22.19,10,10,3,91.41,140.65,21,2026-08-21,2
650,0U0S2HHuKoTahlr7IWCpNi,3xGbStrCsniIAMHDk88aoH,7AC976RDJzL2asmZuz7qil,"Sound Chaser - Live at Roosevelt Stadium, Jersey City, NJ, 6/17/1976",Yes,"Roosevelt Stadium, Jersey City, NJ, 17 June 1976 (Live)",2026-08-21T14:46:02,663036,2026-08-21,11.05,10,10,3,91.41,140.65,21,2026-08-21,2
651,0epcj1X1V7FKfVe8eP2dXb,3xGbStrCsniIAMHDk88aoH,7AC976RDJzL2asmZuz7qil,"Siberian Khatru - Live at Roosevelt Stadium, Jersey City, NJ, 6/17/1976",Yes,"Roosevelt Stadium, Jersey City, NJ, 17 June 1976 (Live)",2026-08-21T14:34:59,554917,2026-08-21,9.25,10,10,3,91.41,140.65,21,2026-08-21,2
652,2xbOGVZFuxDXyrJjWFmY9P,3xGbStrCsniIAMHDk88aoH,7AC976RDJzL2asmZuz7qil,"Apocalypse - Live at Roosevelt Stadium, Jersey City, NJ, 6/17/1976",Yes,"Roosevelt Stadium, Jersey City, NJ, 17 June 1976 (Live)",2026-08-21T14:25:44,76792,2026-08-21,1.28,10,10,3,91.41,140.65,21,2026-08-21,2
653,3MubLrfaCK0V5g9SjOhe7l,5fzq6dBmRtfrqpVNpuEbJB,7AC976RDJzL2asmZuz7qil,Starship Trooper: Life Seeker / Disillusion / Würm - 2023 Remaster,Yes,The Yes Album (Super Deluxe Edition),2026-08-21T14:24:24,573133,2026-08-21,9.55,10,10,3,91.41,140.65,21,2026-08-21,2
654,3l4l1oUSFH4JWkRm2HsNOr,52koatNHePHRWEmmkP0z2Z,0f3kLT4wvi2mFHlHJgV8Hl,Ooh to Be Ah - The Construction Mix,Kajagoogoo,White Feathers,2026-08-21T13:32:48,394994,2026-08-21,6.58,10,5,8,54.67,103.18,21,2026-08-21,2
655,4ZFeCnlyMwzhjuNhKHlmQD,38dDUvG4WftuwpWB4RJaLY,1aX2dmV8XoHYCOQRxjPESG,Don't You Want Me - Extended Dance Mix / Remastered 2021,The Human League,Dare: Singles & Remixes,2026-08-21T13:26:13,452986,2026-08-21,7.55,79,44,18,428.81,554.77,21,2026-08-08,5
656,6RtyDR21q21OXaoKXoAsJK,0xM84XzqFGTDsFjPgCrXh9,0f3kLT4wvi2mFHlHJgV8Hl,The Lion's Mouth - Beast Mix,Kajagoogoo,Islands,2026-08-21T13:18:18,339240,2026-08-21,5.65,10,5,8,54.67,103.18,21,2026-08-21,2
657,3bjw9qvm2LZJ0RfYlay5QI,28X6zmcFUzFrR6dqh7N4Or,1aX2dmV8XoHYCOQRxjPESG,Being Boiled,The Human League,Original Remixes & Rarities,2026-08-21T13:12:12,258146,2026-08-21,4.3,79,44,18,428.81,554.77,21,2026-08-08,5
658,4ZFeCnlyMwzhjuNhKHlmQD,38dDUvG4WftuwpWB4RJaLY,1aX2dmV8XoHYCOQRxjPESG,Don't You Want Me - Extended Dance Mix / Remastered 2021,The Human League,Dare: Singles & Remixes,2026-08-22T03:22:22,452986,2026-08-22,7.55,79,44,18,428.81,554.77,22,2026-08-08,5
659,06BiZXstMGADTs649izouN,38dDUvG4WftuwpWB4RJaLY,1aX2dmV8XoHYCOQRxjPESG,The Sound Of The Crowd - Extended / Remastered 2021,The Human League,Dare: Singles & Remixes,2026-08-22T03:14:50,388346,2026-08-22,6.47,79,44,18,428.81,554.77,22,2026-08-08,5
660,5cVNRrUletBANnNWUzuR5O,38dDUvG4WftuwpWB4RJaLY,1aX2dmV8XoHYCOQRxjPESG,Love Action (I Believe In Love) - Edit / Remastered 2021,The Human League,Dare: Singles & Remixes,2026-08-22T03:08:21,232493,2026-08-22,3.87,79,44,18,428.81,554.77,22,2026-08-08,5
661,5OtCnDafWFGmHIW6LEX38f,38dDUvG4WftuwpWB4RJaLY,1aX2dmV8XoHYCOQRxjPESG,Hard Times / Love Action - B-Side Instrumental / Remastered 2021,The Human League,Dare: Singles & Remixes,2026-08-22T03:04:29,667306,2026-08-22,11.12,79,44,18,428.81,554.77,22,2026-08-08,5
662,45oM1vS9xeTXCNq6BOkNzO,38dDUvG4WftuwpWB4RJaLY,1aX2dmV8XoHYCOQRxjPESG,The Sound Of The Crowd (Add Your Voice) - B-Side / Remastered 2021,The Human League,Dare: Singles & Remixes,2026-08-22T02:53:21,252053,2026-08-22,4.2,79,44,18,428.81,554.77,22,2026-08-08,5
663,6TWqJAxovKiFZGABttpXRV,38dDUvG4WftuwpWB4RJaLY,1aX2dmV8XoHYCOQRxjPESG,Non-Stop - B-Side / Remastered 2021,The Human League,Dare: Singles & Remixes,2026-08-21T22:10:30,258320,2026-08-21,4.31,79,44,18,428.81,554.77,21,2026-08-08,5
664,6XJK2hIYBpOruk5Z9cRwer,38dDUvG4WftuwpWB4RJaLY,1aX2dmV8XoHYCOQRxjPESG,Dancevision - B-Side / Remastered 2021,The Human League,Dare: Singles & Remixes,2026-08-21T22:06:11,140733,2026-08-21,2.35,79,44,18,428.81,554.77,21,2026-08-08,5
665,4Gw7TFTofjl2lFBKpYtUCU,3UMZ86HUxicc6lMVv7bVzK,1aX2dmV8XoHYCOQRxjPESG,The Lebanon - Instrumental,The Human League,The Lebanon,2026-08-21T22:03:48,308000,2026-08-21,5.13,79,44,18,428.81,554.77,21,2026-08-08,5
666,2nkRXI2IWPrye8THCOizqX,3UMZ86HUxicc6lMVv7bVzK,1aX2dmV8XoHYCOQRxjPESG,The Lebanon - 12'' Extended,The Human League,The Lebanon,2026-08-21T21:58:40,355733,2026-08-21,5.93,79,44,18,428.81,554.77,21,2026-08-08,5
667,1yTOtki9JyA4oM1svzdE1K,3UMZ86HUxicc6lMVv7bVzK,1aX2dmV8XoHYCOQRxjPESG,Thirteen,The Human League,The Lebanon,2026-08-21T21:52:45,249706,2026-08-21,4.16,79,44,18,428.81,554.77,21,2026-08-08,5
668,59L0HXJFQyE1NkElij08pL,3UMZ86HUxicc6lMVv7bVzK,1aX2dmV8XoHYCOQRxjPESG,The Lebanon - 7'' Version,The Human League,The Lebanon,2026-08-21T21:48:35,224693,2026-08-21,3.74,79,44,18,428.81,554.77,21,2026-08-08,5
669,4d3CcegqHYECmc0JWw57AD,3XJ0aTzPJetIieldeVADht,1aX2dmV8XoHYCOQRxjPESG,Being Boiled - State Of The Art Mix,The Human League,Anthology - A Very British Synthesizer Group (Super Deluxe),2026-08-21T21:44:50,252666,2026-08-21,4.21,79,44,18,428.81,554.77,21,2026-08-08,5
670,5dUK5h41IMCZcFdZvmHNG0,7tc1nTdBA717D74uJ07VRn,1aX2dmV8XoHYCOQRxjPESG,Empire State Human - Remastered 2003,The Human League,Reproduction,2026-08-21T21:40:36,197853,2026-08-21,3.3,79,44,18,428.81,554.77,21,2026-08-08,5
671,7xKNfOEveYS2iXNI4RcOWQ,7igf6n63YTkjloaIPCXstH,4lianjyuR1tqf6oUX8kjrZ,Sud Afternoon 3,Franco Battiato,Sentieri Selvaggi Plays Franco Battiato,2026-08-23T14:35:59,158773,2026-08-23,2.65,71,55,10,273.03,435.24,23,2026-08-12,2
672,6GFF4hjtPxL43hGhUARJI4,7CdGW9JRoTbqk2v5imOHQd,4lianjyuR1tqf6oUX8kjrZ,Povera Patria - Remastered,Franco Battiato,Come Un Cammello In Una Grondaia (2008 Remastered Edition),2026-08-23T14:33:09,225320,2026-08-23,3.76,71,55,10,273.03,435.24,23,2026-08-12,2
673,39QrPQjBJKKw3KPy6sUrCM,4l0xO28Y37MBBXQEcBIbXQ,3WrFJ7ztbogyGnTHbHJFl2,Not Guilty - Take 102 Edited,The Beatles,Anthology 3,2026-08-23T14:29:22,202453,2026-08-23,3.37,37,37,4,122.38,238.87,23,2026-08-05,2
674,7kDKBw086a6Y7lyaqSPA5c,0L7ggz4vMdACCCnGV2lioZ,3WrFJ7ztbogyGnTHbHJFl2,Now And Then,The Beatles,Anthology 4,2026-08-23T14:25:59,249266,2026-08-23,4.15,37,37,4,122.38,238.87,23,2026-08-05,2
675,3QA599capcsQEvh952BNYx,0L7ggz4vMdACCCnGV2lioZ,3WrFJ7ztbogyGnTHbHJFl2,Real Love (2025 Mix),The Beatles,Anthology 4,2026-08-23T14:21:49,214973,2026-08-23,3.58,37,37,4,122.38,238.87,23,2026-08-05,2
676,0Btrmt27yXVTrcXbx1mTxG,0L7ggz4vMdACCCnGV2lioZ,3WrFJ7ztbogyGnTHbHJFl2,Free As A Bird (2025 Mix),The Beatles,Anthology 4,2026-08-23T14:18:14,267240,2026-08-23,4.45,37,37,4,122.38,238.87,23,2026-08-05,2
677,2MvRC3OtnEKQWHVe9FYtqP,0L7ggz4vMdACCCnGV2lioZ,3WrFJ7ztbogyGnTHbHJFl2,Something (Take 39 - Strings Only Instrumental),The Beatles,Anthology 4,2026-08-23T14:13:47,155760,2026-08-23,2.6,37,37,4,122.38,238.87,23,2026-08-05,2
678,0VvnilE4NFQKe7U6zngovj,0L7ggz4vMdACCCnGV2lioZ,3WrFJ7ztbogyGnTHbHJFl2,Here Comes The Sun (Take 9),The Beatles,Anthology 4,2026-08-23T14:11:11,221653,2026-08-23,3.69,37,37,4,122.38,238.87,23,2026-08-05,2
679,7b7nmsHE20eSCemNADqNhM,0L7ggz4vMdACCCnGV2lioZ,3WrFJ7ztbogyGnTHbHJFl2,You Never Give Me Your Money (Take 36),The Beatles,Anthology 4,2026-08-23T14:07:30,317693,2026-08-23,5.29,37,37,4,122.38,238.87,23,2026-08-05,2
680,0w6gBCURwcO9RZ4rgThOxO,0L7ggz4vMdACCCnGV2lioZ,3WrFJ7ztbogyGnTHbHJFl2,Don’t Let Me Down (First Rooftop Performance),The Beatles,Anthology 4,2026-08-23T14:02:12,207493,2026-08-23,3.46,37,37,4,122.38,238.87,23,2026-08-05,2
681,58uyNQ2aC329uLMZpU9Ptz,3AQgdwMNCiN7awXch5fAaG,2x9SpqnPi8rlE9pjHBwmSC,Seen and Not Seen - 2005 Remaster,Talking Heads,Remain in Light (Deluxe Version),2026-08-23T13:58:42,204520,2026-08-23,3.41,99,73,18,455.23,637.02,23,2026-08-14,6
682,1bzvBWOR69GeV2IOaDxiZM,6iHuSGy6pq4tNGFV3ZVPtl,0yNLKJebCb8Aueb54LYya3,Shellshock - John Robie Remix; Substance Edit,New Order,Substance,2026-08-25T14:02:07,388840,2026-08-25,6.48,82,53,21,429.43,576.21,25,2026-08-03,6
683,4oWQeGyPFyr4EpTrv5v0gJ,3zA1d01hWRRchi5sGcb3VR,762310PdDnwsDxAQxzQkfX,Everything Counts,Depeche Mode,The Singles 81-85,2026-08-25T13:52:10,237693,2026-08-25,3.96,31,30,7,143.86,246.26,25,2026-08-25,3
684,08Yjr6SQehUAK2GIcNdFbK,4ksJGDgtixAqJ390XWv0Ua,2x9SpqnPi8rlE9pjHBwmSC,Sax and Violins,Talking Heads,Popular Favorites 1976 - 1992 / Sand in the Vaseline,2026-08-25T08:12:08,318200,2026-08-25,5.3,99,73,18,455.23,637.02,25,2026-08-14,6
685,6sz4X50uh12Ps8mt3BrFea,0PSWY4XyjTWppfBb0tBtqu,0yNLKJebCb8Aueb54LYya3,Evil Dust,New Order,Brotherhood (Collector's Edition),2026-08-25T08:05:27,224000,2026-08-25,3.73,82,53,21,429.43,576.21,25,2026-08-03,6
686,50YXixoQGzhFbMImtSDFKK,6HQo3byKYGsHxOqofRmgCh,0yNLKJebCb8Aueb54LYya3,Mr Disco - 2015 Remaster,New Order,Technique,2026-08-25T08:01:43,261786,2026-08-25,4.36,82,53,21,429.43,576.21,25,2026-08-03,6
687,0DO7AUeYAx9oUG7gyrbdTD,39jsLMRmrTpfdq2vE4TCUe,2x9SpqnPi8rlE9pjHBwmSC,The Good Thing,Talking Heads,More Songs About Buildings and Food,2026-08-25T07:57:21,183760,2026-08-25,3.06,99,73,18,455.23,637.02,25,2026-08-14,6
688,3a2n6ktGMY67SeryFDbNyn,0xM84XzqFGTDsFjPgCrXh9,0f3kLT4wvi2mFHlHJgV8Hl,Turn Your Back on Me - Thompson & Barbiero US Mix,Kajagoogoo,Islands,2026-08-25T07:00:37,237066,2026-08-25,3.95,10,5,8,54.67,103.18,25,2026-08-21,2
689,3bjw9qvm2LZJ0RfYlay5QI,28X6zmcFUzFrR6dqh7N4Or,1aX2dmV8XoHYCOQRxjPESG,Being Boiled,The Human League,Original Remixes & Rarities,2026-08-24T16:39:33,258146,2026-08-24,4.3,79,44,18,428.81,554.77,24,2026-08-08,5
690,1LI9qxcm3n6iTxPi6fT6HM,2ODAEaYlqS88SU4ZZu1bI6,0yNLKJebCb8Aueb54LYya3,World (The Price of Love) - Radio Edit; 2015 Remaster,New Order,Singles (2016 Remaster),2026-08-24T16:35:14,222146,2026-08-24,3.7,82,53,21,429.43,576.21,24,2026-08-03,6
691,4r2whEL3h1ZA7rQJikSksw,5ueP8JeD2SeNSYzX7ybnPc,3iUjRVvYCsMfz7tuAQtBDI,The Thin Wall - 2008 Remaster,Ultravox,Rage in Eden,2026-08-24T16:31:27,341920,2026-08-24,5.7,58,29,14,275.81,391.41,24,2026-08-05,4
692,7FUnNify4HPRBWZozhFaYh,4eJ3LJl4sHKs3nd8CZ9hq5,7M1FPw29m5FbicYzS2xdpi,Sleepless (Francois Kevorkian dance mix),King Crimson,Three of a Perfect Pair,2026-08-24T16:25:40,378707,2026-08-24,6.31,30,26,8,143.52,240.46,24,2026-08-20,2
693,76bQ9pdTmSkw8tOEKo8VSE,2QDolqCMmtvKMT3EEQKFAv,3iUjRVvYCsMfz7tuAQtBDI,Lament - Single Version,Ultravox,The Very Best of Ultravox,2026-08-24T16:19:17,258880,2026-08-24,4.31,58,29,14,275.81,391.41,24,2026-08-05,4
694,0lmB7rb7KzPP4oJRSGrcks,57UuXCYkx1wZW7gfl8hvjB,3iUjRVvYCsMfz7tuAQtBDI,Mr. X - 2008 Remaster,Ultravox,Vienna (Remastered Definitive Edition),2026-08-24T16:14:58,395346,2026-08-24,6.59,58,29,14,275.81,391.41,24,2026-08-05,4
695,3HI1yqFW7yhSkNXhtBTwly,6cjugjFHB3T1alJxAffyxQ,0yNLKJebCb8Aueb54LYya3,Shellshock,New Order,The Best of New Order,2026-08-24T16:08:15,264866,2026-08-24,4.41,82,53,21,429.43,576.21,24,2026-08-03,6
696,0wORXH5RaIXOxKnyltuF9e,32QIAykZFP3GI8Q5QqoNCD,762310PdDnwsDxAQxzQkfX,Get the Balance Right!,Depeche Mode,Construction Time Again (Deluxe),2026-08-24T16:03:44,194466,2026-08-24,3.24,31,30,7,143.86,246.26,24,2026-08-25,3
697,15RZjKzG8HbbS9arAq9YvK,2lm0ytMRpYQPcv11JFASDl,1GkiKu2FJFSBrXSL8wKFzy,Slink,Jerry Harrison,The Red And The Black,2026-08-24T15:48:22,262266,2026-08-24,4.37,21,12,9,94.97,167.1,24,2026-08-08,3
698,70gsGvTtjXyYAp0M1X6DPH,0xM84XzqFGTDsFjPgCrXh9,0f3kLT4wvi2mFHlHJgV8Hl,Big Apple - Metro Mix,Kajagoogoo,Islands,2026-08-24T15:43:59,365880,2026-08-24,6.1,10,5,8,54.67,103.18,24,2026-08-21,2
699,0DO7AUeYAx9oUG7gyrbdTD,39jsLMRmrTpfdq2vE4TCUe,2x9SpqnPi8rlE9pjHBwmSC,The Good Thing,Talking Heads,More Songs About Buildings and Food,2026-08-24T15:37:53,183760,2026-08-24,3.06,99,73,18,455.23,637.02,24,2026-08-14,6
700,2FiIUkT9U0JqPxnVp8ufVT,39jsLMRmrTpfdq2vE4TCUe,2x9SpqnPi8rlE9pjHBwmSC,With Our Love,Talking Heads,More Songs About Buildings and Food,2026-08-24T15:32:49,211266,2026-08-24,3.52,99,73,18,455.23,637.02,24,2026-08-14,6
701,70Whdlh6T8az2AOXtDedPM,39jsLMRmrTpfdq2vE4TCUe,2x9SpqnPi8rlE9pjHBwmSC,Thank You for Sending Me an Angel,Talking Heads,More Songs About Buildings and Food,2026-08-24T15:29:18,131573,2026-08-24,2.19,99,73,18,455.23,637.02,24,2026-08-14,6
702,3p5JD79PQP737dyEY2hnmf,3QWc9HhBWgk9dIEwOkJx4q,762310PdDnwsDxAQxzQkfX,Ghosts Again,Depeche Mode,Memento Mori,2026-08-26T09:17:59,238945,2026-08-26,3.98,31,30,7,143.86,246.26,26,2026-08-25,3
703,1FD5Ls4IazGePpuS5PphMn,3QWc9HhBWgk9dIEwOkJx4q,762310PdDnwsDxAQxzQkfX,Don't Say You Love Me,Depeche Mode,Memento Mori,2026-08-26T09:13:59,228473,2026-08-26,3.81,31,30,7,143.86,246.26,26,2026-08-25,3
704,7zqgw3dMGegkAAICkM8ncf,2xEeSf4j9XsAAI15co5cNh,762310PdDnwsDxAQxzQkfX,Stripped,Depeche Mode,Black Celebration (Deluxe),2026-08-26T09:10:10,257160,2026-08-26,4.29,31,30,7,143.86,246.26,26,2026-08-25,3
705,6Ipaqc1ybISGpoJ8E9Qs0E,0Zp2eVzR9FW6lKX05lRpcu,762310PdDnwsDxAQxzQkfX,Photographic,Depeche Mode,Speak and Spell (Deluxe),2026-08-26T09:05:53,283413,2026-08-26,4.72,31,30,7,143.86,246.26,26,2026-08-25,3
706,1R1vbkHj40yexphG1i7x27,32QIAykZFP3GI8Q5QqoNCD,762310PdDnwsDxAQxzQkfX,Everything Counts,Depeche Mode,Construction Time Again (Deluxe),2026-08-26T09:01:09,261053,2026-08-26,4.35,31,30,7,143.86,246.26,26,2026-08-25,3
707,0TVCdbfSedZCcEJDE0Eb9c,38dDUvG4WftuwpWB4RJaLY,1aX2dmV8XoHYCOQRxjPESG,Open Your Heart / Non-Stop - Instrumental / Remastered 2021,The Human League,Dare: Singles & Remixes,2026-08-25T17:04:55,521440,2026-08-25,8.69,79,44,18,428.81,554.77,25,2026-08-08,5
708,6XBp6leRUrTjejpdqoobs8,38dDUvG4WftuwpWB4RJaLY,1aX2dmV8XoHYCOQRxjPESG,"Open Your Heart / Non-Stop - 12"" Single Version / Remastered 2021",The Human League,Dare: Singles & Remixes,2026-08-25T16:56:14,495133,2026-08-25,8.25,79,44,18,428.81,554.77,25,2026-08-08,5
709,5dU9kE6TAe3NDUFMZUKIS0,4eJ3LJl4sHKs3nd8CZ9hq5,7M1FPw29m5FbicYzS2xdpi,Sleepless (Bob Clearmountain Mix),King Crimson,Three of a Perfect Pair,2026-08-25T16:47:57,324000,2026-08-25,5.4,30,26,8,143.52,240.46,25,2026-08-20,2
710,70YU4Tk89iy1YJxeCEVWlL,5wfikaEZXnQTXWBZ5osw9A,762310PdDnwsDxAQxzQkfX,Stories of Old,Depeche Mode,Some Great Reward (Deluxe),2026-08-25T16:42:28,194240,2026-08-25,3.24,31,30,7,143.86,246.26,25,2026-08-25,3
711,1bVYSVOMiFR6GzOUm7WDi2,15BhyErNMCS96rXaeAkMre,3iUjRVvYCsMfz7tuAQtBDI,White China - 2009 Remaster,Ultravox,Lament (2009 Remaster),2026-08-25T16:39:14,233346,2026-08-25,3.89,58,29,14,275.81,391.41,25,2026-08-05,4
712,6N91EGCujEqRU6RfflN0op,4PACSjpgl1unuvybxtiZqo,762310PdDnwsDxAQxzQkfX,Everything Counts - Reprise,Depeche Mode,Construction Time Again,2026-08-25T16:35:20,59613,2026-08-25,0.99,31,30,7,143.86,246.26,25,2026-08-25,3
713,6QkiZkSYS7sTbq2JhEuqgj,4PACSjpgl1unuvybxtiZqo,762310PdDnwsDxAQxzQkfX,And Then...,Depeche Mode,Construction Time Again,2026-08-25T16:34:20,279733,2026-08-25,4.66,31,30,7,143.86,246.26,25,2026-08-25,3
714,6YC2wTgOwgoxrmZKcXNaSm,4PACSjpgl1unuvybxtiZqo,762310PdDnwsDxAQxzQkfX,Told You So,Depeche Mode,Construction Time Again,2026-08-25T16:29:41,267093,2026-08-25,4.45,31,30,7,143.86,246.26,25,2026-08-25,3
715,6awZ6UBOjQaz9oGNU5kKvh,4PACSjpgl1unuvybxtiZqo,762310PdDnwsDxAQxzQkfX,The Landscape Is Changing,Depeche Mode,Construction Time Again,2026-08-25T16:25:14,288920,2026-08-25,4.82,31,30,7,143.86,246.26,25,2026-08-25,3
716,278Y45DulD55wqErfiCyOq,4PACSjpgl1unuvybxtiZqo,762310PdDnwsDxAQxzQkfX,Shame,Depeche Mode,Construction Time Again,2026-08-25T16:20:25,231933,2026-08-25,3.87,31,30,7,143.86,246.26,25,2026-08-25,3
717,2pHi16f8XDaf9N8bnMo4vh,4PACSjpgl1unuvybxtiZqo,762310PdDnwsDxAQxzQkfX,Two Minute Warning,Depeche Mode,Construction Time Again,2026-08-25T16:16:33,253613,2026-08-25,4.23,31,30,7,143.86,246.26,25,2026-08-25,3
718,1mb5bblw96UieIjCPlWyEw,4PACSjpgl1unuvybxtiZqo,762310PdDnwsDxAQxzQkfX,Everything Counts,Depeche Mode,Construction Time Again,2026-08-25T16:12:19,261053,2026-08-25,4.35,31,30,7,143.86,246.26,25,2026-08-25,3
719,5xR2CiohW0rfZKmaoAp9jh,4PACSjpgl1unuvybxtiZqo,762310PdDnwsDxAQxzQkfX,Pipeline,Depeche Mode,Construction Time Again,2026-08-25T16:07:58,354893,2026-08-25,5.91,31,30,7,143.86,246.26,25,2026-08-25,3
720,7KOSTQ5Dl85DOwAxwGCUQy,4PACSjpgl1unuvybxtiZqo,762310PdDnwsDxAQxzQkfX,More Than a Party,Depeche Mode,Construction Time Again,2026-08-25T16:02:03,285466,2026-08-25,4.76,31,30,7,143.86,246.26,25,2026-08-25,3
721,0oeX1SiNu9qhGDMwRgQstR,4PACSjpgl1unuvybxtiZqo,762310PdDnwsDxAQxzQkfX,Love In Itself,Depeche Mode,Construction Time Again,2026-08-25T15:57:18,269093,2026-08-25,4.48,31,30,7,143.86,246.26,25,2026-08-25,3
722,4ZFeCnlyMwzhjuNhKHlmQD,38dDUvG4WftuwpWB4RJaLY,1aX2dmV8XoHYCOQRxjPESG,Don't You Want Me - Extended Dance Mix / Remastered 2021,The Human League,Dare: Singles & Remixes,2026-08-26T13:52:10,452986,2026-08-26,7.55,79,44,18,428.81,554.77,26,2026-08-08,5
723,06BiZXstMGADTs649izouN,38dDUvG4WftuwpWB4RJaLY,1aX2dmV8XoHYCOQRxjPESG,The Sound Of The Crowd - Extended / Remastered 2021,The Human League,Dare: Singles & Remixes,2026-08-26T13:33:20,388346,2026-08-26,6.47,79,44,18,428.81,554.77,26,2026-08-08,5
724,5cVNRrUletBANnNWUzuR5O,38dDUvG4WftuwpWB4RJaLY,1aX2dmV8XoHYCOQRxjPESG,Love Action (I Believe In Love) - Edit / Remastered 2021,The Human League,Dare: Singles & Remixes,2026-08-26T13:26:51,232493,2026-08-26,3.87,79,44,18,428.81,554.77,26,2026-08-08,5
725,5OtCnDafWFGmHIW6LEX38f,38dDUvG4WftuwpWB4RJaLY,1aX2dmV8XoHYCOQRxjPESG,Hard Times / Love Action - B-Side Instrumental / Remastered 2021,The Human League,Dare: Singles & Remixes,2026-08-26T13:22:59,667306,2026-08-26,11.12,79,44,18,428.81,554.77,26,2026-08-08,5
726,45oM1vS9xeTXCNq6BOkNzO,38dDUvG4WftuwpWB4RJaLY,1aX2dmV8XoHYCOQRxjPESG,The Sound Of The Crowd (Add Your Voice) - B-Side / Remastered 2021,The Human League,Dare: Singles & Remixes,2026-08-26T13:11:49,252053,2026-08-26,4.2,79,44,18,428.81,554.77,26,2026-08-08,5
727,6TWqJAxovKiFZGABttpXRV,38dDUvG4WftuwpWB4RJaLY,1aX2dmV8XoHYCOQRxjPESG,Non-Stop - B-Side / Remastered 2021,The Human League,Dare: Singles & Remixes,2026-08-26T13:07:38,258320,2026-08-26,4.31,79,44,18,428.81,554.77,26,2026-08-08,5
728,6XJK2hIYBpOruk5Z9cRwer,38dDUvG4WftuwpWB4RJaLY,1aX2dmV8XoHYCOQRxjPESG,Dancevision - B-Side / Remastered 2021,The Human League,Dare: Singles & Remixes,2026-08-26T13:03:19,140733,2026-08-26,2.35,79,44,18,428.81,554.77,26,2026-08-08,5
729,1cyITp0gGxQHtW9WrK8aga,38dDUvG4WftuwpWB4RJaLY,1aX2dmV8XoHYCOQRxjPESG,Boys And Girls - B-Side / Remastered 2021,The Human League,Dare: Singles & Remixes,2026-08-26T13:00:58,193653,2026-08-26,3.23,79,44,18,428.81,554.77,26,2026-08-08,5
730,5AsvlvXMbxFsNFwWElSgX4,38dDUvG4WftuwpWB4RJaLY,1aX2dmV8XoHYCOQRxjPESG,Tom Baker - B-Side / Remastered 2021,The Human League,Dare: Singles & Remixes,2026-08-26T12:57:45,240200,2026-08-26,4.0,79,44,18,428.81,554.77,26,2026-08-08,5
731,43AaU6ZczMNX0AocXLW5EO,38dDUvG4WftuwpWB4RJaLY,1aX2dmV8XoHYCOQRxjPESG,Hard Times - B-Side / Remastered 2021,The Human League,Dare: Singles & Remixes,2026-08-26T12:53:45,294666,2026-08-26,4.91,79,44,18,428.81,554.77,26,2026-08-08,5
732,551Mr9INSzPxxTJsM7NmUZ,38dDUvG4WftuwpWB4RJaLY,1aX2dmV8XoHYCOQRxjPESG,Hard Times / Love Action - Single Version / Remastered 2021,The Human League,Dare: Singles & Remixes,2026-08-26T12:48:50,613253,2026-08-26,10.22,79,44,18,428.81,554.77,26,2026-08-08,5
733,0yhwdmbgkKdE1plV8xWdrd,3AQgdwMNCiN7awXch5fAaG,2x9SpqnPi8rlE9pjHBwmSC,Crosseyed and Painless - 2005 Remaster,Talking Heads,Remain in Light (Deluxe Version),2026-08-27T17:29:18,285613,2026-08-27,4.76,99,73,18,455.23,637.02,27,2026-08-14,6
734,3zn2VZ7WnxKp2qsTXxo0Hm,1Ev1xHc1xIP1fWtqREdd2H,1aX2dmV8XoHYCOQRxjPESG,Stay With Me Tonight - Single Version,The Human League,Octopus (Special Edition),2026-08-27T17:24:29,240800,2026-08-27,4.01,79,44,18,428.81,554.77,27,2026-08-08,5
735,06z3y7PDxRdbjX8jobgBHA,38dDUvG4WftuwpWB4RJaLY,1aX2dmV8XoHYCOQRxjPESG,I Am The Law - A Very British Synthesizer Group / Remastered 2021,The Human League,Dare: Singles & Remixes,2026-08-27T17:20:28,255160,2026-08-27,4.25,79,44,18,428.81,554.77,27,2026-08-08,5
736,6TGRuG4GPS3nauh02WiECj,38dDUvG4WftuwpWB4RJaLY,1aX2dmV8XoHYCOQRxjPESG,Do Or Die - Methods Of Dance / Remastered 2021,The Human League,Dare: Singles & Remixes,2026-08-27T17:16:13,395213,2026-08-27,6.59,79,44,18,428.81,554.77,27,2026-08-08,5
737,51rsiuJiH1tEdUAMhQeZ5i,38dDUvG4WftuwpWB4RJaLY,1aX2dmV8XoHYCOQRxjPESG,Darkness - A Very British Synthesizer Group / Remastered 2021,The Human League,Dare: Singles & Remixes,2026-08-27T17:09:38,256306,2026-08-27,4.27,79,44,18,428.81,554.77,27,2026-08-08,5
738,0TVCdbfSedZCcEJDE0Eb9c,38dDUvG4WftuwpWB4RJaLY,1aX2dmV8XoHYCOQRxjPESG,Open Your Heart / Non-Stop - Instrumental / Remastered 2021,The Human League,Dare: Singles & Remixes,2026-08-27T17:05:22,521440,2026-08-27,8.69,79,44,18,428.81,554.77,27,2026-08-08,5
739,6XBp6leRUrTjejpdqoobs8,38dDUvG4WftuwpWB4RJaLY,1aX2dmV8XoHYCOQRxjPESG,"Open Your Heart / Non-Stop - 12"" Single Version / Remastered 2021",The Human League,Dare: Singles & Remixes,2026-08-27T16:56:40,495133,2026-08-27,8.25,79,44,18,428.81,554.77,27,2026-08-08,5
740,2iOSFP5zgP7uX54oUAnPG7,48e5bZFgvlWlVN8KVdaNON,3iUjRVvYCsMfz7tuAQtBDI,Reap the Wild Wind - 2009 Remaster,Ultravox,Quartet (2009 Remaster),2026-08-28T15:16:08,229346,2026-08-28,3.82,58,29,14,275.81,391.41,28,2026-08-05,4
741,1PhCr4uxuRnrkdiUPSzbbC,32QIAykZFP3GI8Q5QqoNCD,762310PdDnwsDxAQxzQkfX,Get the Balance Right! - Combination Mix,Depeche Mode,Construction Time Again (Deluxe),2026-08-28T15:12:18,478213,2026-08-28,7.97,31,30,7,143.86,246.26,28,2026-08-25,3
742,0TVCdbfSedZCcEJDE0Eb9c,38dDUvG4WftuwpWB4RJaLY,1aX2dmV8XoHYCOQRxjPESG,Open Your Heart / Non-Stop - Instrumental / Remastered 2021,The Human League,Dare: Singles & Remixes,2026-08-28T15:04:19,521440,2026-08-28,8.69,79,44,18,428.81,554.77,28,2026-08-08,5
743,5OtCnDafWFGmHIW6LEX38f,38dDUvG4WftuwpWB4RJaLY,1aX2dmV8XoHYCOQRxjPESG,Hard Times / Love Action - B-Side Instrumental / Remastered 2021,The Human League,Dare: Singles & Remixes,2026-08-28T14:56:13,667306,2026-08-28,11.12,79,44,18,428.81,554.77,28,2026-08-08,5
744,4kce4Pp3zYbzeuq30MPvpr,57UuXCYkx1wZW7gfl8hvjB,3iUjRVvYCsMfz7tuAQtBDI,Astradyne - 2008 Remaster,Ultravox,Vienna (Remastered Definitive Edition),2026-08-28T14:44:57,428880,2026-08-28,7.15,58,29,14,275.81,391.41,28,2026-08-05,4
745,3caRFTnvIzPw6wlbwsZt2x,57UuXCYkx1wZW7gfl8hvjB,3iUjRVvYCsMfz7tuAQtBDI,Passing Strangers - 2008 Remaster,Ultravox,Vienna (Remastered Definitive Edition),2026-08-28T14:37:28,230960,2026-08-28,3.85,58,29,14,275.81,391.41,28,2026-08-05,4
746,0DO7AUeYAx9oUG7gyrbdTD,39jsLMRmrTpfdq2vE4TCUe,2x9SpqnPi8rlE9pjHBwmSC,The Good Thing,Talking Heads,More Songs About Buildings and Food,2026-08-28T14:33:37,183760,2026-08-28,3.06,99,73,18,455.23,637.02,28,2026-08-14,6
747,7FJMRaPU32nqAHK3jMPkyQ,6iHuSGy6pq4tNGFV3ZVPtl,0yNLKJebCb8Aueb54LYya3,Bizarre Love Triangle - Extended Dance Mix,New Order,Substance,2026-08-28T14:30:25,404560,2026-08-28,6.74,82,53,21,429.43,576.21,28,2026-08-03,6
748,58uyNQ2aC329uLMZpU9Ptz,3AQgdwMNCiN7awXch5fAaG,2x9SpqnPi8rlE9pjHBwmSC,Seen and Not Seen - 2005 Remaster,Talking Heads,Remain in Light (Deluxe Version),2026-08-28T14:23:40,204520,2026-08-28,3.41,99,73,18,455.23,637.02,28,2026-08-14,6
749,4r2whEL3h1ZA7rQJikSksw,5ueP8JeD2SeNSYzX7ybnPc,3iUjRVvYCsMfz7tuAQtBDI,The Thin Wall - 2008 Remaster,Ultravox,Rage in Eden,2026-08-28T14:20:15,341920,2026-08-28,5.7,58,29,14,275.81,391.41,28,2026-08-05,4
750,7A4rW6quroPut2I6OsCys9,23enz9nXJhH1BR1Rm5CzDJ,5NGO30tJxFlKixkPSgXcFE,Canary In A Coalmine,The Police,Zenyatta Mondatta (Remastered 2003),2026-08-28T14:14:33,146666,2026-08-28,2.44,15,13,3,50.37,108.0,28,2026-08-06,2
751,32WE94qL2TY9zOLauARoFt,5PvkD4XryLL9oC4NFItYIM,2x9SpqnPi8rlE9pjHBwmSC,Papa Legba - Pop Staples Vocal Version,Talking Heads,True Stories,2026-08-30T10:51:57,361693,2026-08-30,6.03,99,73,18,455.23,637.02,30,2026-08-14,6
752,2iOSFP5zgP7uX54oUAnPG7,48e5bZFgvlWlVN8KVdaNON,3iUjRVvYCsMfz7tuAQtBDI,Reap the Wild Wind - 2009 Remaster,Ultravox,Quartet (2009 Remaster),2026-08-30T10:45:55,229346,2026-08-30,3.82,58,29,14,275.81,391.41,30,2026-08-05,4
753,7ln0aztR553ZJLoHsF3FxD,0c2eDi1S58XzaqxwOC1FMZ,762310PdDnwsDxAQxzQkfX,Enjoy the Silence - Hands and Feet Mix,Depeche Mode,"Violator | The 12"" Singles",2026-08-30T10:41:57,408175,2026-08-30,6.8,31,30,7,143.86,246.26,30,2026-08-25,3
754,1bVYSVOMiFR6GzOUm7WDi2,15BhyErNMCS96rXaeAkMre,3iUjRVvYCsMfz7tuAQtBDI,White China - 2009 Remaster,Ultravox,Lament (2009 Remaster),2026-08-30T10:35:09,233346,2026-08-30,3.89,58,29,14,275.81,391.41,30,2026-08-05,4
755,1b5loVZjltvWbn0fFmslca,6cjugjFHB3T1alJxAffyxQ,0yNLKJebCb8Aueb54LYya3,Touched by the Hand of God,New Order,The Best of New Order,2026-08-30T10:31:15,225933,2026-08-30,3.77,82,53,21,429.43,576.21,30,2026-08-03,6
756,3sAsM39lExnrDY9R3NCNh2,0KBdfMTMxi0oD1oVqApTjr,432R46LaYsJZV2Gmc4jUV5,A Means to an End - 2020 Digital Master,Joy Division,Closer,2026-08-30T10:27:23,249546,2026-08-30,4.16,23,22,5,98.82000000000001,181.8,30,2026-08-11,2
757,1nMPAoLnWTBuxH4G5236Ip,0PSWY4XyjTWppfBb0tBtqu,0yNLKJebCb8Aueb54LYya3,"Blue Monday '88 - 12"" Version",New Order,Brotherhood (Collector's Edition),2026-08-30T10:23:02,430213,2026-08-30,7.17,82,53,21,429.43,576.21,30,2026-08-03,6
758,4oWQeGyPFyr4EpTrv5v0gJ,3zA1d01hWRRchi5sGcb3VR,762310PdDnwsDxAQxzQkfX,Everything Counts,Depeche Mode,The Singles 81-85,2026-08-30T10:15:44,237693,2026-08-30,3.96,31,30,7,143.86,246.26,30,2026-08-25,3
759,4kce4Pp3zYbzeuq30MPvpr,57UuXCYkx1wZW7gfl8hvjB,3iUjRVvYCsMfz7tuAQtBDI,Astradyne - 2008 Remaster,Ultravox,Vienna (Remastered Definitive Edition),2026-08-30T10:11:39,428880,2026-08-30,7.15,58,29,14,275.81,391.41,30,2026-08-05,4
760,76bQ9pdTmSkw8tOEKo8VSE,2QDolqCMmtvKMT3EEQKFAv,3iUjRVvYCsMfz7tuAQtBDI,Lament - Single Version,Ultravox,The Very Best of Ultravox,2026-08-30T10:00:36,258880,2026-08-30,4.31,58,29,14,275.81,391.41,30,2026-08-05,4
761,6sz4X50uh12Ps8mt3BrFea,0PSWY4XyjTWppfBb0tBtqu,0yNLKJebCb8Aueb54LYya3,Evil Dust,New Order,Brotherhood (Collector's Edition),2026-08-30T09:56:17,224000,2026-08-30,3.73,82,53,21,429.43,576.21,30,2026-08-03,6
762,06BiZXstMGADTs649izouN,38dDUvG4WftuwpWB4RJaLY,1aX2dmV8XoHYCOQRxjPESG,The Sound Of The Crowd - Extended / Remastered 2021,The Human League,Dare: Singles & Remixes,2026-08-30T09:52:33,388346,2026-08-30,6.47,79,44,18,428.81,554.77,30,2026-08-08,5
