track,track_id,artist,artist_id,album_id,album_name,track_score,plays,track_unique_days,dur_min,squared
"Touched by the Hand of God - 7"" Edit; 2015 Remaster",7xOoJsp1De6gHeFCS0ENPf,New Order,0yNLKJebCb8Aueb54LYya3,2ODAEaYlqS88SU4ZZu1bI6,Singles (2016 Remaster),40.2,13,9,3.72,0.0
"Fine Time - 7"" Version; 2015 Remaster",6zJYzNtno7ehjOtDryEBIF,New Order,0yNLKJebCb8Aueb54LYya3,2ODAEaYlqS88SU4ZZu1bI6,Singles (2016 Remaster),31.9,9,8,3.18,0.0
True Faith - 2015 Remaster,5uyJ7fbjk6xZzt5UL5jcQg,New Order,0yNLKJebCb8Aueb54LYya3,2ODAEaYlqS88SU4ZZu1bI6,Singles (2016 Remaster),28.237100361316102,8,7,4.2,0.02439508208471609
Blue Monday '88 - 2015 Remaster,3PQEaRs2JEwtk79IqbQYt1,New Order,0yNLKJebCb8Aueb54LYya3,2ODAEaYlqS88SU4ZZu1bI6,Singles (2016 Remaster),25.925878623557132,8,6,4.2,0.02439508208471609
White China - Special Re-Mix 2018 Remaster,6Svnu0Wu1tTs80BVM5u0SC,Ultravox,3iUjRVvYCsMfz7tuAQtBDI,49eDZSAR7As1J68vvKNCVI,Extended,24.49161714598298,6,6,8.4,0.3709686723646887
Dancing with Tears in My Eyes - Special Re-Mix 2018 Remaster,5d6fv3EOvOhvfLGbO74xQJ,Ultravox,3iUjRVvYCsMfz7tuAQtBDI,49eDZSAR7As1J68vvKNCVI,Extended,20.739051439927085,5,5,9.99,0.4576451157702857
Lode All'Inviolato - 2008 Remaster,5prIsUvI0KGSrz2oNX1UGp,Franco Battiato,4lianjyuR1tqf6oUX8kjrZ,3tZmzx3Og386HMV4vp4Dli,Caffé De La Paix (2008 Remastered Edition),20.5,6,5,3.89,0.0
One Small Day - Special Re-Mix Extra 2018 Remaster,6irQF2oc0oG9Jlunn1EUfl,Ultravox,3iUjRVvYCsMfz7tuAQtBDI,49eDZSAR7As1J68vvKNCVI,Extended,20.438860500729024,5,5,8.53,0.3786475001918485
World in Motion - 2015 Remaster,1itQXrdFdilpN4OI4Nxh6Q,New Order,0yNLKJebCb8Aueb54LYya3,2ODAEaYlqS88SU4ZZu1bI6,Singles (2016 Remaster),19.240602036773396,5,5,4.54,0.06331632546668307
Divine Intervention,1BqDpIOzTzfJCZZc89lpAe,The Rolling Stones,22bE4uQ6baNwSHPVcDxLCe,6jfU2DEetUUo8nmxrzwkhc,Foreign Tongues,19.232738173744877,8,3,4.77,0.08802597189017966
Divine Intervention,0xfsrFFZovlGjNtfIh4OUr,The Rolling Stones,22bE4uQ6baNwSHPVcDxLCe,7ubZyifk1IUlccV9qKsOoM,Jealous Lover,19.232738173744877,8,3,4.77,0.08802597189017966
"Round & Round - 7"" Version; 2015 Remaster",5O9xPwtOVjjFviwu2oJZKu,New Order,0yNLKJebCb8Aueb54LYya3,2ODAEaYlqS88SU4ZZu1bI6,Singles (2016 Remaster),19.0,5,5,4.0,0.0
Rough And Twisted,095K0Tsihjj4xWc3mBY3Ci,The Rolling Stones,22bE4uQ6baNwSHPVcDxLCe,6jfU2DEetUUo8nmxrzwkhc,Foreign Tongues,17.665734691410734,7,3,4.66,0.07636054350883202
Rough And Twisted,1ilnthAuHvDnqO5rshz0Wy,The Rolling Stones,22bE4uQ6baNwSHPVcDxLCe,1nk0CV2agKlG3G0dV4vyqK,In The Stars,17.665734691410734,7,3,4.66,0.07636054350883202
Jealous Lover,1XNnPznoORAP2t1rFKnBhj,The Rolling Stones,22bE4uQ6baNwSHPVcDxLCe,6jfU2DEetUUo8nmxrzwkhc,Foreign Tongues,17.4,7,3,3.83,0.0
Jealous Lover,2W1okJYTmZtO70IRDGEFVu,The Rolling Stones,22bE4uQ6baNwSHPVcDxLCe,7ubZyifk1IUlccV9qKsOoM,Jealous Lover,17.4,7,3,3.83,0.0
Reap the Wild Wind - 2009 Remaster,2iOSFP5zgP7uX54oUAnPG7,Ultravox,3iUjRVvYCsMfz7tuAQtBDI,48e5bZFgvlWlVN8KVdaNON,Quartet (2009 Remaster),16.7,5,4,3.82,0.0
Reap the Wild Wind - 2009 Remaster,6NeW5t7zeApR7H0QfHyUZu,Ultravox,3iUjRVvYCsMfz7tuAQtBDI,2QDolqCMmtvKMT3EEQKFAv,The Very Best of Ultravox,16.7,5,4,3.82,0.0
Lament - Extended Version 2018 Remaster,4pHJ1IZHbe3qzqUMStFWHR,Ultravox,3iUjRVvYCsMfz7tuAQtBDI,49eDZSAR7As1J68vvKNCVI,Extended,16.26494117700594,4,4,8.06,0.35030959769932324
We Came to Dance - Unedited Extended Version 2018 Remaster,4l6NV1DrIT9iVlC9paMXgb,Ultravox,3iUjRVvYCsMfz7tuAQtBDI,49eDZSAR7As1J68vvKNCVI,Extended,16.255482527939773,4,4,8.01,0.3471981999801887
One Small Day - Special Re-Mix 2018 Remaster,2zcSUkyTehpfbLsQv5X2EF,Ultravox,3iUjRVvYCsMfz7tuAQtBDI,49eDZSAR7As1J68vvKNCVI,Extended,16.222875599328486,4,4,7.84,0.3364722366212129
Side Effects,463PiN9LTK31VIjID2h9iL,The Rolling Stones,22bE4uQ6baNwSHPVcDxLCe,6jfU2DEetUUo8nmxrzwkhc,Foreign Tongues,16.11529337283986,6,3,4.58,0.06770231850310146
Some Of Us,5igfpGVhHEuMbev0WS205q,The Rolling Stones,22bE4uQ6baNwSHPVcDxLCe,6jfU2DEetUUo8nmxrzwkhc,Foreign Tongues,15.903970039515753,6,3,4.01,0.001248440099293643
Center Of Gravity,0RW29DaLDvm4VnIvqxPsUp,Franco Battiato,4lianjyuR1tqf6oUX8kjrZ,0mq6gm5cbSU2dMNBV06UGB,Anthology - Le Nostre Anime,15.2,4,4,3.41,0.0
You Know I'm No Good,71tQVEDx49QVZDvDqzmWdb,The Rolling Stones,22bE4uQ6baNwSHPVcDxLCe,6jfU2DEetUUo8nmxrzwkhc,Foreign Tongues,13.875999547835498,6,2,4.9,0.10147042199834515
Mr Charm,7FNkY47xx3oKTjr5tk5m8k,The Rolling Stones,22bE4uQ6baNwSHPVcDxLCe,6jfU2DEetUUo8nmxrzwkhc,Foreign Tongues,13.781177627549262,6,2,4.57,0.0666094218931114
Never Wanna Lose You,35lIzvRVigUkb830xs4bru,The Rolling Stones,22bE4uQ6baNwSHPVcDxLCe,6jfU2DEetUUo8nmxrzwkhc,Foreign Tongues,13.763203797656786,6,2,4.51,0.06000139619734821
"Bizarre Love Triangle - 7"" Remix Edit; 2015 Remaster",1lDzg2JUvcQSPgIfzMWmFe,New Order,0yNLKJebCb8Aueb54LYya3,2ODAEaYlqS88SU4ZZu1bI6,Singles (2016 Remaster),12.899999999999999,4,3,3.75,0.0
Fade To Grey - Extended Version,3EoCDkviATM3JgWYsxrIJl,Visage,0EPf9vAXPdFV5Ezp1sMX8B,5Y50elNMGixIglZpMK2gzW,Fade To Grey (Orchestral),12.275281424853508,3,3,8.62,0.3838953617778555
Fade To Grey - Extended Version,2SAC2na7eq3ZNZsrX4KLv2,Visage,0EPf9vAXPdFV5Ezp1sMX8B,22yF4x7dMFKEhWiZEIZW14,Fade To Grey (Orchestral),12.275281424853508,3,3,8.62,0.3838953617778555
Blue Monday - 2016 Remaster,1RSy7B2vfPi84N80QJ6frX,New Order,0yNLKJebCb8Aueb54LYya3,2ODAEaYlqS88SU4ZZu1bI6,Singles (2016 Remaster),12.118132859308012,3,3,7.51,0.31497055232807636
Astradyne - 2008 Remaster,4kce4Pp3zYbzeuq30MPvpr,Ultravox,3iUjRVvYCsMfz7tuAQtBDI,57UuXCYkx1wZW7gfl8hvjB,Vienna (Remastered Definitive Edition),12.062132514968066,3,3,7.15,0.2904089977930128
I Never Wanted to Begin - Extended Version 2018 Remaster,1pCSpK5PfWU0awKbVe1BRC,Ultravox,3iUjRVvYCsMfz7tuAQtBDI,49eDZSAR7As1J68vvKNCVI,Extended,11.919659099593883,3,3,6.31,0.22792065771661563
All Stood Still - Extended Version 2018 Remaster,0IBHFXgxamyaLuTNZJQMc5,Ultravox,3iUjRVvYCsMfz7tuAQtBDI,49eDZSAR7As1J68vvKNCVI,Extended,11.681420488841937,3,3,5.12,0.12343003896576289
Reap the Wild Wind - Extended Version 2018 Remaster,2OlEUkCbNS9Tzu47LVm19b,Ultravox,3iUjRVvYCsMfz7tuAQtBDI,49eDZSAR7As1J68vvKNCVI,Extended,11.588686459864434,3,3,4.72,0.0827572192387866
"The Perfect Kiss - 7"" Edit; 2015 Remaster",0T4X2GccMCUlsjrTV1L9jw,New Order,0yNLKJebCb8Aueb54LYya3,2ODAEaYlqS88SU4ZZu1bI6,Singles (2016 Remaster),11.513823681865476,3,3,4.42,0.049922667484858026
Up Patriots To Arms - Mix 2015,3BW0oRiUzdrv5vx3Z2JIwD,Franco Battiato,4lianjyuR1tqf6oUX8kjrZ,0mq6gm5cbSU2dMNBV06UGB,Anthology - Le Nostre Anime,11.500854258705871,3,3,4.37,0.04423432399380402
"Confusion - UK 7"" Promo Edit; 2015 Remaster",4REb96ZoYZ9uKHGU2yIVTU,New Order,0yNLKJebCb8Aueb54LYya3,2ODAEaYlqS88SU4ZZu1bI6,Singles (2016 Remaster),11.441967929359894,3,3,4.15,0.01840698656135816
Gli Uccelli - Mix 2015,45tnRpjROx5dNj5YIAR8P2,Franco Battiato,4lianjyuR1tqf6oUX8kjrZ,0mq6gm5cbSU2dMNBV06UGB,Anthology - Le Nostre Anime,11.419777447701458,3,3,4.07,0.00867431916730648
Testamento,4XQOvd7r3F2bHUAP4nXx12,Franco Battiato,4lianjyuR1tqf6oUX8kjrZ,0mq6gm5cbSU2dMNBV06UGB,Anthology - Le Nostre Anime,11.399999999999999,3,3,3.59,0.0
Animals - 2005 Remaster,15l2kEwhZSsj01tZnNzyZ2,Talking Heads,2x9SpqnPi8rlE9pjHBwmSC,5dVZpNJraoqCo3BssinMoo,Fear of Music (Deluxe Version),11.399999999999999,3,3,3.51,0.0
"Run 2 - 7"" Remix Edit; 2015 Remaster",1kGG10Dvs406nFVgXcUgzc,New Order,0yNLKJebCb8Aueb54LYya3,2ODAEaYlqS88SU4ZZu1bI6,Singles (2016 Remaster),11.399999999999999,3,3,3.64,0.0
I Treni Di Tozeur - Remastered / 2005,30JB3QUCLD0mD3Ri1gcS9u,Franco Battiato,4lianjyuR1tqf6oUX8kjrZ,3pjXBNwPw6YTsFheYa3Khu,Rara la Vita in Due Franco Battiato Duets,11.399999999999999,3,3,3.19,0.0
La Musica Muore,2KFkGnmeVZERMgjv3ALzCX,Franco Battiato,4lianjyuR1tqf6oUX8kjrZ,3pjXBNwPw6YTsFheYa3Khu,Rara la Vita in Due Franco Battiato Duets,11.399999999999999,3,3,3.54,0.0
Tutto L'Universo Obbedisce All'Amore,201g0BXy1KLFVUYDT7TL2O,Franco Battiato,4lianjyuR1tqf6oUX8kjrZ,3pjXBNwPw6YTsFheYa3Khu,Rara la Vita in Due Franco Battiato Duets,11.399999999999999,3,3,3.46,0.0
Del Suo Veloce Volo (Frankestein) - Remastered 2019,18eIpxD6BLVsM6kU70u2Eu,Franco Battiato,4lianjyuR1tqf6oUX8kjrZ,3pjXBNwPw6YTsFheYa3Khu,Rara la Vita in Due Franco Battiato Duets,11.399999999999999,3,3,3.16,0.0
Ringing Hollow,2hr5YABAWkiM1sp5reO7oE,The Rolling Stones,22bE4uQ6baNwSHPVcDxLCe,6jfU2DEetUUo8nmxrzwkhc,Foreign Tongues,10.075784210249424,5,1,5.3,0.1407062297190927
In The Stars,2NxvINbGnBMtcphlpX3UDE,The Rolling Stones,22bE4uQ6baNwSHPVcDxLCe,6jfU2DEetUUo8nmxrzwkhc,Foreign Tongues,9.852469951589471,5,1,4.22,0.026770383464014932
Hit Me In The Head,0yS7srlmeNHZugMlfvKkRK,The Rolling Stones,22bE4uQ6baNwSHPVcDxLCe,6jfU2DEetUUo8nmxrzwkhc,Foreign Tongues,9.8,5,1,2.95,0.0
"Shellshock - 7"" Edit; 2015 Remaster",0LlfU7ff0f4HItHUxa5gI5,New Order,0yNLKJebCb8Aueb54LYya3,2ODAEaYlqS88SU4ZZu1bI6,Singles (2016 Remaster),9.188798098788366,3,2,4.41,0.04879016416943205
"Sub-culture - 7"" Edit; 2015 Remaster",5sBqPuJPv00Vv5GDcEfL8y,New Order,0yNLKJebCb8Aueb54LYya3,2ODAEaYlqS88SU4ZZu1bI6,Singles (2016 Remaster),9.1,3,2,3.44,0.0
"State of the Nation - 7"" Edit; 2015 Remaster",1JJnMIHRpnxUsHnMVhhkPc,New Order,0yNLKJebCb8Aueb54LYya3,2ODAEaYlqS88SU4ZZu1bI6,Singles (2016 Remaster),9.1,3,2,3.53,0.0
Heart of the Country - Special Re-Mix 2018 Remaster,2SEqhzCm9c7fFUi1VKjtL9,Ultravox,3iUjRVvYCsMfz7tuAQtBDI,49eDZSAR7As1J68vvKNCVI,Extended,8.372950882580465,2,2,11.06,0.5085203174871491
White China - Special Mix,6twaMVNxGJgVc3qBKjiQ4M,Ultravox,3iUjRVvYCsMfz7tuAQtBDI,15BhyErNMCS96rXaeAkMre,Lament (2009 Remaster),8.16296708111301,2,2,8.39,0.3703730796796122
Dancing with Tears in My Eyes - US Extended Re-Mix,7vKA7l2WCbdIuS6WvFWVK8,Ultravox,3iUjRVvYCsMfz7tuAQtBDI,49eDZSAR7As1J68vvKNCVI,Extended,8.099715202216762,2,2,7.72,0.3287600014583971
One Small Day - US Club Version 2018 Remaster,657kDbiyvJNfTIUZUhYltp,Ultravox,3iUjRVvYCsMfz7tuAQtBDI,49eDZSAR7As1J68vvKNCVI,Extended,8.099715202216762,2,2,7.72,0.3287600014583971
One Small Day - Final Mix 2018 Remaster,3UEG9u0mlv4Z1cmKeGrJvp,Ultravox,3iUjRVvYCsMfz7tuAQtBDI,49eDZSAR7As1J68vvKNCVI,Extended,8.091798463964489,2,2,7.64,0.3235516210292692
Mr. X - 2008 Remaster,0lmB7rb7KzPP4oJRSGrcks,Ultravox,3iUjRVvYCsMfz7tuAQtBDI,57UuXCYkx1wZW7gfl8hvjB,Vienna (Remastered Definitive Edition),7.9794368304198375,2,2,6.59,0.24962949369726256
Making Flippy Floppy - 2005 Remaster,2OsuNPRc9qt34UOatyrAlZ,Talking Heads,2x9SpqnPi8rlE9pjHBwmSC,4sLCQxMRfn3gAHrBNZtbTH,Speaking in Tongues (Deluxe Version),7.895380072241755,2,2,5.9,0.19432899489589153
Mata Hari,7lLBgF01T6H34UhTZzQ5pZ,Dissidenten,7LGjULfs3CUorLei47BKKk,27sWqCRbz5QqrfNTAXn07g,Life At The Pyramids,7.8902099842764635,2,2,5.86,0.19092762123451534
Love's Great Adventure - Extended Version 2018 Remaster,4FO1dPnvt27wJU0UnV7MR6,Ultravox,3iUjRVvYCsMfz7tuAQtBDI,49eDZSAR7As1J68vvKNCVI,Extended,7.870502743536501,2,2,5.71,0.17796233127401417
Love's Great Adventure - Extended Version,6F4rMeKGASZgAq5Q5weswg,Ultravox,3iUjRVvYCsMfz7tuAQtBDI,15BhyErNMCS96rXaeAkMre,Lament (2009 Remaster),7.8664992224260075,2,2,5.68,0.17532843580658458
We Stand Alone - 2008 Remaster,5kGo8wkpR1GCHyPJQUoimD,Ultravox,3iUjRVvYCsMfz7tuAQtBDI,5ueP8JeD2SeNSYzX7ybnPc,Rage in Eden,7.865160015031026,2,2,5.67,0.17444737830988502
586,4GTNodNqM9aamZ0s9Yc5GA,New Order,0yNLKJebCb8Aueb54LYya3,5BmnaerQ5nGMIZshBW4TmE,Live at Bestival 2012,7.862474499869229,2,2,5.65,0.17268059201922953
"Temptation - 7"" Version; 2015 Remaster",4Lz7zvtWOXJlJ591pSo7Tu,New Order,0yNLKJebCb8Aueb54LYya3,2ODAEaYlqS88SU4ZZu1bI6,Singles (2016 Remaster),7.829485596121258,2,2,5.41,0.15097736586924979
Heart of the Country - Instrumental,3zF5ahmpBlOt7XHTEgvJyd,Ultravox,3iUjRVvYCsMfz7tuAQtBDI,15BhyErNMCS96rXaeAkMre,Lament (2009 Remaster),7.786127832752748,2,2,5.11,0.12245252154786135
Kiew Mission pt.02 - Live from Coventry Cathedral 2022,07YEex2ZTxqf7d7uyU1tR5,Tangerine Dream,1BGN1IdyiSR0ZYrkoKNchl,2MrDi1gCFcd0sfGgjlTVz0,From Virgin To Quantum Years - Coventry Cathedral 22,7.781652844357579,2,2,5.08,0.11950845023524988
Garden Of Earthly Delights - 2001 Remaster,4cu7ZE0JqPJRrNVXTv9wh2,XTC,2qT62DYO8Ajb276vUJmvhz,3suXBde2fATz1UzA6f7UoA,Oranges & Lemons,7.778654812856407,2,2,5.06,0.11753606108974171
Krafty,4ThLct8Gkyl2K6JjJoGYjw,New Order,0yNLKJebCb8Aueb54LYya3,5BmnaerQ5nGMIZshBW4TmE,Live at Bestival 2012,7.769589098998798,2,2,5.0,0.11157177565710492
Lament - Work in Progress Mix,36f2BtrUNQdNGnGLsqnVJL,Ultravox,3iUjRVvYCsMfz7tuAQtBDI,15BhyErNMCS96rXaeAkMre,Lament (2009 Remaster),7.754235041437484,2,2,4.9,0.10147042199834515
L'Ombra Della Luce,5zs69nUZY4kvHRVgGPYyOz,Franco Battiato,4lianjyuR1tqf6oUX8kjrZ,0mq6gm5cbSU2dMNBV06UGB,Anthology - Le Nostre Anime,7.752682436198835,2,2,4.89,0.10044897118344492
Summer On A Solitary Beach - Mix 2015,7ueeP0gbCZpcp8cTpz7lAG,Franco Battiato,4lianjyuR1tqf6oUX8kjrZ,0mq6gm5cbSU2dMNBV06UGB,Anthology - Le Nostre Anime,7.743299600973889,2,2,4.83,0.09427605327229545
Mine for Life - 2009 Remaster,027FtsrH8qfX2kDFjf3lSr,Ultravox,3iUjRVvYCsMfz7tuAQtBDI,48e5bZFgvlWlVN8KVdaNON,Quartet (2009 Remaster),7.73539110089144,2,2,4.78,0.08907309269173712
Accent on Youth - 2008 Remaster,3RfuCGu5GaLPZnmazkXldx,Ultravox,3iUjRVvYCsMfz7tuAQtBDI,5ueP8JeD2SeNSYzX7ybnPc,Rage in Eden,7.7306061952642615,2,2,4.75,0.08592512846332971
Spooky - 2015 Remaster,5n7sDwrDADAep1mIdCpsh1,New Order,0yNLKJebCb8Aueb54LYya3,2ODAEaYlqS88SU4ZZu1bI6,Singles (2016 Remaster),7.727399439451801,2,2,4.73,0.08381542069197548
Ceremony - Version 1; 2016 Remaster,1c4OpZ2G1MEcEKSknUZjdD,New Order,0yNLKJebCb8Aueb54LYya3,2ODAEaYlqS88SU4ZZu1bI6,Singles (2016 Remaster),7.714435372444324,2,2,4.65,0.07528642923968727
Minor Turbulence,2TNBLzoU5a9BIhvQaQDUTO,Tangerine Dream,1BGN1IdyiSR0ZYrkoKNchl,5EJAJsaHhQYLwVbynpcGkD,"The Music of Grand Theft Auto V, Vol. 2: The Score",7.699581479428866,2,2,4.56,0.06551413120320204
One Small Day - 2009 Remaster,2CUH7LxiuXEpfGBA4fsG1W,Ultravox,3iUjRVvYCsMfz7tuAQtBDI,15BhyErNMCS96rXaeAkMre,Lament (2009 Remaster),7.699581479428866,2,2,4.56,0.06551413120320204
Houses in Motion,5B6S9xKyasHFf1ldBkxsdC,Talking Heads,2x9SpqnPi8rlE9pjHBwmSC,1JvXxLsm0PxlGH4LXzqMGq,Remain in Light,7.697912982600655,2,2,4.55,0.06441643592148429
Nobody's Diary,2kxWb7TClJzV3DNMunpqon,Yazoo,1G1mX30GpUJqOr1QU2eBSs,2S9hNX05TJt2zKSSgDeNpd,You and Me Both,7.696240814709358,2,2,4.54,0.06331632546668307
Procession - 2015 Remaster,0DVgUfiIYPPE5UurNn1mqm,New Order,0yNLKJebCb8Aueb54LYya3,2ODAEaYlqS88SU4ZZu1bI6,Singles (2016 Remaster),7.68951510709885,2,2,4.5,0.05889151782819164
Telekon,6wiqkvwldN1xLKEXWucHRZ,Gary Numan,5KQMtyPE8DCQNUzoNqlEsE,2McSfMOhsYBkGNA47IjtnG,Telekon,7.687824338882046,2,2,4.49,0.057779170317136135
Man of Two Worlds - 2009 Remaster,7ojPUFFORfySCjwFeTwA2d,Ultravox,3iUjRVvYCsMfz7tuAQtBDI,15BhyErNMCS96rXaeAkMre,Lament (2009 Remaster),7.6861298008333225,2,2,4.48,0.056664342653501676
The Thin Wall - Steven Wilson Single Mix,6oDGQPXgV0gXuDNzgB6LRq,Ultravox,3iUjRVvYCsMfz7tuAQtBDI,5QOfwhXOAIAPdN0UdeodJw,The Thin Wall (Steven Wilson Single Mix),7.681023398644276,2,2,4.45,0.05330486752912906
All Stood Still - 2008 Remaster,1MDUDmSxJSr50SLGaLIk5O,Ultravox,3iUjRVvYCsMfz7tuAQtBDI,57UuXCYkx1wZW7gfl8hvjB,Vienna (Remastered Definitive Edition),7.6775999694322365,2,2,4.43,0.0510526114685767
All Stood Still - 2008 Remaster,6QaXewwBOo2i5fCd0gtYSA,Ultravox,3iUjRVvYCsMfz7tuAQtBDI,2QDolqCMmtvKMT3EEQKFAv,The Very Best of Ultravox,7.6775999694322365,2,2,4.43,0.0510526114685767
The Voice,2EG2fWCFxHwNqo6gEOxOW0,Ultravox,3iUjRVvYCsMfz7tuAQtBDI,3gMzGxXgstsEZEfjdsIwnM,The Collection,7.6741610495375365,2,2,4.41,0.04879016416943205
Shellshock,3HI1yqFW7yhSkNXhtBTwly,New Order,0yNLKJebCb8Aueb54LYya3,6cjugjFHB3T1alJxAffyxQ,The Best of New Order,7.6741610495375365,2,2,4.41,0.04879016416943205
I Go Wild - Remastered,0trapmPLLO4k2YQehFrO3v,The Rolling Stones,22bE4uQ6baNwSHPVcDxLCe,3oyjbpNQs5Qm5DNVJW4AlV,Voodoo Lounge (Remastered 2009),7.672435736651286,2,2,4.4,0.04765508990216251
I'll Stay with You - 2015 Remaster,1DTfeFm3A7UyGhjO6Dln3O,New Order,0yNLKJebCb8Aueb54LYya3,2ODAEaYlqS88SU4ZZu1bI6,Singles (2016 Remaster),7.670706498135064,2,2,4.39,0.04651743298359468
Mr. Jones,7lOYBPQvJBuLgH5UR2cnZe,Talking Heads,2x9SpqnPi8rlE9pjHBwmSC,4ksJGDgtixAqJ390XWv0Ua,Popular Favorites 1976 - 1992 / Sand in the Vaseline,7.6620007901142415,2,2,4.34,0.040789993496211444
L'Oceano Di Silenzio - 2008 Remaster,2DXw0mMw8YbMJ6nglSEub7,Franco Battiato,4lianjyuR1tqf6oUX8kjrZ,4sWf0wkRfi49tW4NLxdLj2,Fisiognomica (2008 Remastered Edition),7.6620007901142415,2,2,4.34,0.040789993496211444
Once in a Lifetime,1Tr4K5MU5XYE44umXGDndd,Talking Heads,2x9SpqnPi8rlE9pjHBwmSC,1JvXxLsm0PxlGH4LXzqMGq,Remain in Light,7.6602476174798255,2,2,4.33,0.03963659044725386
Crystal - Radio Edit; 2015 Remaster,6we46yC7yWsGc9qTIpxaXR,New Order,0yNLKJebCb8Aueb54LYya3,2ODAEaYlqS88SU4ZZu1bI6,Singles (2016 Remaster),7.6602476174798255,2,2,4.33,0.03963659044725386
"Everythings Gone Green - 7"" Version; 2015 Remaster",1wAvaUHRV7ThdmEgBT3W2A,New Order,0yNLKJebCb8Aueb54LYya3,2ODAEaYlqS88SU4ZZu1bI6,Singles (2016 Remaster),7.658490391263457,2,2,4.32,0.03848052056806427
Cities - 2005 Remaster,4jSSPIBpwdh1KpAYqZTJbC,Talking Heads,2x9SpqnPi8rlE9pjHBwmSC,5dVZpNJraoqCo3BssinMoo,Fear of Music (Deluxe Version),7.642489800273105,2,2,4.23,0.027953815969148133
Scarecrow People - 2001 Remaster,5qoJCrVHq60horajlEnl9y,XTC,2qT62DYO8Ajb276vUJmvhz,3suXBde2fATz1UzA6f7UoA,Oranges & Lemons,7.640690982865303,2,2,4.22,0.026770383464014932
Turn - Stephen Street Edit; 2015 Remaster,18GGANUUrvb5exlNwp7cVb,New Order,0yNLKJebCb8Aueb54LYya3,2ODAEaYlqS88SU4ZZu1bI6,Singles (2016 Remaster),7.637080524768768,2,2,4.2,0.02439508208471609
Mind - 2005 Remaster,5VMTSLp2WX3dsnsVWiVGB7,Talking Heads,2x9SpqnPi8rlE9pjHBwmSC,5dVZpNJraoqCo3BssinMoo,Fear of Music (Deluxe Version),7.637080524768768,2,2,4.2,0.02439508208471609
Up Patriots To Arms,5YFXIIfBrnVRl6FRe7Lp33,Subsonica,7DzxfMQ3VNYR5vw2UFjzSK,3pjXBNwPw6YTsFheYa3Khu,Rara la Vita in Due Franco Battiato Duets,7.629807741996493,2,2,4.16,0.019610356576640713
Up Patriots To Arms,2TzgcheLIDIkXzCmls3WHS,Subsonica,7DzxfMQ3VNYR5vw2UFjzSK,7qqmPYkgoVBLwG8LL8VSyE,Eden (Deluxe Edition),7.629807741996493,2,2,4.16,0.019610356576640713
Regret - 2015 Remaster,3Mqo76SMHsjGZknwQvajJr,New Order,0yNLKJebCb8Aueb54LYya3,2ODAEaYlqS88SU4ZZu1bI6,Singles (2016 Remaster),7.6279786195732635,2,2,4.15,0.01840698656135816
La Paranoia (Frankenstein - Battiato / Bmg Ricordi) 1972,4JKLpB9PYUghQDkM4sMElh,"Franco Battiato, Juri Camisasca, Osage Tribe",5eCgvKqJkLy8zD2RkhQhuQ,05lAJNmh0iYB4CbtDXicDD,La Convenzione,7.622464689703574,2,2,4.12,0.014779401120772211
Winter Kills,4F0HPVZzFHV2AbMWXUvuOC,Yazoo,1G1mX30GpUJqOr1QU2eBSs,3ka6eg73IDCDYhhrlZHpUb,Upstairs at Eric’s,7.616910462790463,2,2,4.09,0.011125304467409853
Dancing with Tears in My Eyes,3or3oEITvJmMwZRYeWSaen,Ultravox,3iUjRVvYCsMfz7tuAQtBDI,3gMzGxXgstsEZEfjdsIwnM,The Collection,7.613184965134305,2,2,4.07,0.00867431916730648
Nineteen63 - Arthur Baker Radio Remix; 2015 Remaster,35KkE4IibzJmc7kvKyJqX1,New Order,0yNLKJebCb8Aueb54LYya3,2ODAEaYlqS88SU4ZZu1bI6,Singles (2016 Remaster),7.609441115198902,2,2,4.05,0.006211259999278537
La Cura - Mix 2015,0btOgKDXOFZIAJ4aqXLU3R,Franco Battiato,4lianjyuR1tqf6oUX8kjrZ,0mq6gm5cbSU2dMNBV06UGB,Anthology - Le Nostre Anime,7.607562251448408,2,2,4.04,0.004975165426583965
North Yankton Memories,0DDvwrpilEocDgLWlmSEP3,Tangerine Dream,1BGN1IdyiSR0ZYrkoKNchl,5EJAJsaHhQYLwVbynpcGkD,"The Music of Grand Theft Auto V, Vol. 2: The Score",7.607562251448408,2,2,4.04,0.004975165426583965
Heaven - 2005 Remaster,5IpKduzyTWSCebGXkfJ2Mm,Talking Heads,2x9SpqnPi8rlE9pjHBwmSC,5dVZpNJraoqCo3BssinMoo,Fear of Music (Deluxe Version),7.603790531548389,2,2,4.02,0.0024937707555195312
Cinnamon Road,2T6XMyhjVL3mGNLRdd3r2U,Tangerine Dream,1BGN1IdyiSR0ZYrkoKNchl,4Mft3FkYzPHdWTmRW0yS1U,Hyperborea (Deluxe Version / Remastered 2020),7.6,2,2,3.96,0.0
Here to Stay - Radio Edit; 2015 Remaster,1Tsz0XQarLCHMAxtEbPYG4,New Order,0yNLKJebCb8Aueb54LYya3,2ODAEaYlqS88SU4ZZu1bI6,Singles (2016 Remaster),7.6,2,2,3.94,0.0
Passacaglia,7aMyDTnpohDEGZn0zpx1XY,Franco Battiato,4lianjyuR1tqf6oUX8kjrZ,0mq6gm5cbSU2dMNBV06UGB,Anthology - Le Nostre Anime,7.6,2,2,3.39,0.0
60 Miles an Hour - Radio Edit; 2015 Remaster,0MuNOo4Io9BJnkgJQu4N7L,New Order,0yNLKJebCb8Aueb54LYya3,2ODAEaYlqS88SU4ZZu1bI6,Singles (2016 Remaster),7.6,2,2,3.81,0.0
World (The Price of Love) - Radio Edit; 2015 Remaster,1LI9qxcm3n6iTxPi6fT6HM,New Order,0yNLKJebCb8Aueb54LYya3,2ODAEaYlqS88SU4ZZu1bI6,Singles (2016 Remaster),7.6,2,2,3.7,0.0
Sleepwalk - 2008 Remaster,28tm99nfjgD7zcZ7XrdXty,Ultravox,3iUjRVvYCsMfz7tuAQtBDI,57UuXCYkx1wZW7gfl8hvjB,Vienna (Remastered Definitive Edition),7.6,2,2,3.21,0.0
Doo Doo Doo Doo Doo (Heartbreaker),0f7VY69zhtS20Xm5PVYCm5,The Rolling Stones,22bE4uQ6baNwSHPVcDxLCe,6iVOz2hudE6dv5Yrcsw2c9,Goats Head Soup (Remastered 2009),7.6,2,2,3.44,0.0
Rocket From A Bottle - 2001 Remaster,3zHiy9GGgpxssEDv4sYzPz,XTC,2qT62DYO8Ajb276vUJmvhz,6sLuXZdrb1cmsAnfrmgbrU,Black Sea,7.6,2,2,3.5,0.0
We Were Set Up,3Fw1rM7G7L91F2WCnEeeyO,Tangerine Dream,1BGN1IdyiSR0ZYrkoKNchl,5EJAJsaHhQYLwVbynpcGkD,"The Music of Grand Theft Auto V, Vol. 2: The Score",7.6,2,2,3.53,0.0
White China - 2009 Remaster,1bVYSVOMiFR6GzOUm7WDi2,Ultravox,3iUjRVvYCsMfz7tuAQtBDI,15BhyErNMCS96rXaeAkMre,Lament (2009 Remaster),7.6,2,2,3.89,0.0
Voglio Vederti Danzare - Mix 2015,3blLWor9bRSmCcrKXUBeVQ,Franco Battiato,4lianjyuR1tqf6oUX8kjrZ,0mq6gm5cbSU2dMNBV06UGB,Anthology - Le Nostre Anime,7.6,2,2,3.47,0.0
Passing Strangers - 2008 Remaster,3caRFTnvIzPw6wlbwsZt2x,Ultravox,3iUjRVvYCsMfz7tuAQtBDI,57UuXCYkx1wZW7gfl8hvjB,Vienna (Remastered Definitive Edition),7.6,2,2,3.85,0.0
Inneres Auge,507zAPw9aVzXyjGaWqS312,Franco Battiato,4lianjyuR1tqf6oUX8kjrZ,0mq6gm5cbSU2dMNBV06UGB,Anthology - Le Nostre Anime,7.6,2,2,3.7,0.0
The Lion's Mouth,7zacyKvVMUsjbtvMiJPWlw,Kajagoogoo,0f3kLT4wvi2mFHlHJgV8Hl,0xM84XzqFGTDsFjPgCrXh9,Islands,7.6,2,2,3.6,0.0
Paper - 2005 Remaster,57jZdOq1zVM3GiFLumETkE,Talking Heads,2x9SpqnPi8rlE9pjHBwmSC,5dVZpNJraoqCo3BssinMoo,Fear of Music (Deluxe Version),7.6,2,2,2.64,0.0
Memories Can't Wait - 2005 Remaster,4Gw9ACmKi3O2vP8UwJqF0M,Talking Heads,2x9SpqnPi8rlE9pjHBwmSC,5dVZpNJraoqCo3BssinMoo,Fear of Music (Deluxe Version),7.6,2,2,3.5,0.0
Un'Altra Vita - Mix 2015,5Eu8z1aWw4lLCZzYYKql5o,Franco Battiato,4lianjyuR1tqf6oUX8kjrZ,0mq6gm5cbSU2dMNBV06UGB,Anthology - Le Nostre Anime,7.6,2,2,3.07,0.0
Krafty - Single Edit; 2015 Remaster,3GPMclL9sqQ88OrU2dDRK4,New Order,0yNLKJebCb8Aueb54LYya3,2ODAEaYlqS88SU4ZZu1bI6,Singles (2016 Remaster),7.6,2,2,3.78,0.0
The Ascent - 2008 Remaster,0eZ6clLIrnLZmeauR470Ev,Ultravox,3iUjRVvYCsMfz7tuAQtBDI,5ueP8JeD2SeNSYzX7ybnPc,Rage in Eden,7.6,2,2,2.33,0.0
Ventilator Blues,74mpiRPDd2rFeBR1Yl60I3,The Rolling Stones,22bE4uQ6baNwSHPVcDxLCe,5U4dnRZsfW8NmwBBkELFPh,Exile On Main Street (2010 Re-Mastered),7.6,2,2,3.41,0.0
Waiting for the Sirens' Call - Rich Costey Radio Version; 2015 Remaster,1Z2Eh6u6WQrjzz4W0CeXz9,New Order,0yNLKJebCb8Aueb54LYya3,2ODAEaYlqS88SU4ZZu1bI6,Singles (2016 Remaster),7.6,2,2,3.86,0.0
Air - 2005 Remaster,6XvpjZugZzMHa2nZ1uPOka,Talking Heads,2x9SpqnPi8rlE9pjHBwmSC,5dVZpNJraoqCo3BssinMoo,Fear of Music (Deluxe Version),7.6,2,2,3.57,0.0
The Song (We Go) - 2009 Remaster,0MPnhzitW4BXj6OX9WoJg7,Ultravox,3iUjRVvYCsMfz7tuAQtBDI,48e5bZFgvlWlVN8KVdaNON,Quartet (2009 Remaster),7.6,2,2,4.0,0.0
Tutto L'Universo Obbedisce All'Amore,0jy9magaYSgS6rF8ARVrUe,Franco Battiato,4lianjyuR1tqf6oUX8kjrZ,0mq6gm5cbSU2dMNBV06UGB,Anthology - Le Nostre Anime,7.6,2,2,3.46,0.0
L'Isola Elefante 2015,6p2Jwu1CS0LQncbh0rKOvI,Franco Battiato,4lianjyuR1tqf6oUX8kjrZ,0mq6gm5cbSU2dMNBV06UGB,Anthology - Le Nostre Anime,7.6,2,2,2.84,0.0
Jetstream - Radio Edit; 2015 Remaster,12bEqaMQnhHi5GZQwUHGJj,New Order,0yNLKJebCb8Aueb54LYya3,2ODAEaYlqS88SU4ZZu1bI6,Singles (2016 Remaster),7.6,2,2,3.76,0.0
Life During Wartime - 2005 Remaster,7CqleiaEqHVazV19P532X9,Talking Heads,2x9SpqnPi8rlE9pjHBwmSC,5dVZpNJraoqCo3BssinMoo,Fear of Music (Deluxe Version),7.6,2,2,3.69,0.0
Prospettiva Nevski - Mix 2015,1CUoqMoRE8A8ZKahFdt2xA,Franco Battiato,4lianjyuR1tqf6oUX8kjrZ,0mq6gm5cbSU2dMNBV06UGB,Anthology - Le Nostre Anime,7.6,2,2,3.57,0.0
Das Mädchen auf der Treppe - From 'Tatort' Original Television Soundtrack,0bnJOdcSRObdwGX3SSlcRP,Tangerine Dream,1BGN1IdyiSR0ZYrkoKNchl,0ePJ5EyUzkPWv9Bdv5rxOY,White Eagle (Deluxe Version / Remastered 2020),7.6,2,2,3.88,0.0
Back Street Girl,2WRV9CuTU1v3FM3GqlQFtL,The Rolling Stones,22bE4uQ6baNwSHPVcDxLCe,6zUGj6iIU30nuPTEoqbD9n,Between The Buttons (UK Version),7.6,2,2,3.45,0.0
I Zimbra - 2005 Remaster,2zdlkG9g5Mt0alUdqn7s3D,Talking Heads,2x9SpqnPi8rlE9pjHBwmSC,5dVZpNJraoqCo3BssinMoo,Fear of Music (Deluxe Version),7.6,2,2,3.15,0.0
Sleepwalk - 2008 Remaster,5CSYusN289NZHyU6TXcPiI,Ultravox,3iUjRVvYCsMfz7tuAQtBDI,2QDolqCMmtvKMT3EEQKFAv,The Very Best of Ultravox,7.6,2,2,3.21,0.0
"Thieves like Us - 7"" Promo Edit; 2015 Remaster",7i3VcCx9tvMKjWcPjf57eu,New Order,0yNLKJebCb8Aueb54LYya3,2ODAEaYlqS88SU4ZZu1bI6,Singles (2016 Remaster),7.6,2,2,3.94,0.0
Electric Guitar - 2005 Remaster,04xgGiUefNOWhtcQQx5Kzg,Talking Heads,2x9SpqnPi8rlE9pjHBwmSC,5dVZpNJraoqCo3BssinMoo,Fear of Music (Deluxe Version),7.6,2,2,3.02,0.0
100 Years Ago - Remastered,58TvHfaC4Hvf8IfkxT9BFq,The Rolling Stones,22bE4uQ6baNwSHPVcDxLCe,6iVOz2hudE6dv5Yrcsw2c9,Goats Head Soup (Remastered 2009),7.6,2,2,3.97,0.0
Sittin' On A Fence,2DL6pZw0UBIMaPfdYbNWtd,The Rolling Stones,22bE4uQ6baNwSHPVcDxLCe,0z2AF60sMpBcIrWh797cBi,Flowers,7.6,2,2,3.05,0.0
Mommy Daddy You and I,05eaIeCrkwpg5baqqL7Yqc,Talking Heads,2x9SpqnPi8rlE9pjHBwmSC,6iOPhFscLxdpzGug0qxpcZ,Naked,7.6,2,2,3.97,0.0
Passing Strangers - 2008 Remaster,4Za7lrWdCJXKtHzN7w5kiE,Ultravox,3iUjRVvYCsMfz7tuAQtBDI,2QDolqCMmtvKMT3EEQKFAv,The Very Best of Ultravox,7.6,2,2,3.85,0.0
Covered In You,0vSBTJalfOB6oyIHNMqG2t,The Rolling Stones,22bE4uQ6baNwSHPVcDxLCe,6jfU2DEetUUo8nmxrzwkhc,Foreign Tongues,6.884610753295036,3,1,4.53,0.06221378918752606
All Day Long,3fpPXbov1Tfv4gNWn7iGeF,New Order,0yNLKJebCb8Aueb54LYya3,0PSWY4XyjTWppfBb0tBtqu,Brotherhood (Collector's Edition),5.439053060167771,2,1,5.2,0.13118213223374559
One Small Day - Single Version,6r5u9BdzzqP5mp7bCatMn0,Ultravox,3iUjRVvYCsMfz7tuAQtBDI,2QDolqCMmtvKMT3EEQKFAv,The Very Best of Ultravox,5.374073829458834,2,1,4.6,0.06988097118757938
The Thin Wall - Single Version,51yshIyOkA4XTV8ESCAxCy,Ultravox,3iUjRVvYCsMfz7tuAQtBDI,2QDolqCMmtvKMT3EEQKFAv,The Very Best of Ultravox,5.355310808121849,2,1,4.44,0.05218000766212133
Hymn - Single Version,6Akvn4fF4L3y8g0SrMHwIM,Ultravox,3iUjRVvYCsMfz7tuAQtBDI,2QDolqCMmtvKMT3EEQKFAv,The Very Best of Ultravox,5.354115768156691,2,1,4.43,0.0510526114685767
The Voice - Single Version,0VK6qrYGJCQm4c2vGXiiX9,Ultravox,3iUjRVvYCsMfz7tuAQtBDI,2QDolqCMmtvKMT3EEQKFAv,The Very Best of Ultravox,5.349308478962611,2,1,4.39,0.04651743298359468
Bizarre Love Triangle,6wVViUl2xSRoDK2T7dMZbR,New Order,0yNLKJebCb8Aueb54LYya3,0PSWY4XyjTWppfBb0tBtqu,Brotherhood (Collector's Edition),5.349308478962611,2,1,4.39,0.04651743298359468
Visions in Blue - Single Version,1cf3Y9jn02odPxmurEIr0R,Ultravox,3iUjRVvYCsMfz7tuAQtBDI,2QDolqCMmtvKMT3EEQKFAv,The Very Best of Ultravox,5.3296310449272974,2,1,4.23,0.027953815969148133
Dancing with Tears in My Eyes - Single Version,7yZ5B35kyyxIp0WI8dTsXy,Ultravox,3iUjRVvYCsMfz7tuAQtBDI,2QDolqCMmtvKMT3EEQKFAv,The Very Best of Ultravox,5.320786977971238,2,1,4.16,0.019610356576640713
We Came to Dance - Single Version,6HLda9oV4DJcMHKM67Hbr0,Ultravox,3iUjRVvYCsMfz7tuAQtBDI,2QDolqCMmtvKMT3EEQKFAv,The Very Best of Ultravox,5.319511405755039,2,1,4.15,0.01840698656135816
Way of Life,4GzoUsQcVpe3HhzKEaGsEG,New Order,0yNLKJebCb8Aueb54LYya3,0PSWY4XyjTWppfBb0tBtqu,Brotherhood (Collector's Edition),5.313087084672897,2,1,4.1,0.012346306295185615
Paradise,0vNeV6bl2TyXjKKJRwnVrG,New Order,0yNLKJebCb8Aueb54LYya3,0PSWY4XyjTWppfBb0tBtqu,Brotherhood (Collector's Edition),5.3,2,1,3.88,0.0
Le Sacre Sinfonie Del Tempo,3GtO8pwjtqT5GiCDH5VUar,Franco Battiato,4lianjyuR1tqf6oUX8kjrZ,0mq6gm5cbSU2dMNBV06UGB,Anthology - Le Nostre Anime,5.3,2,1,3.78,0.0
Weirdo,2iurA3nSsyC52aowfjY28S,New Order,0yNLKJebCb8Aueb54LYya3,0PSWY4XyjTWppfBb0tBtqu,Brotherhood (Collector's Edition),5.3,2,1,3.87,0.0
My Obsession,4ZBswFafOYNV8hDThYQo6t,The Rolling Stones,22bE4uQ6baNwSHPVcDxLCe,6zUGj6iIU30nuPTEoqbD9n,Between The Buttons (UK Version),5.3,2,1,3.28,0.0
Broken Promise,5qzOqGo27cXSkDzTGgZaAY,New Order,0yNLKJebCb8Aueb54LYya3,0PSWY4XyjTWppfBb0tBtqu,Brotherhood (Collector's Edition),5.3,2,1,3.82,0.0
As It Is When It Was,0TeyV2MFkfC7bFgUEZg2Pc,New Order,0yNLKJebCb8Aueb54LYya3,0PSWY4XyjTWppfBb0tBtqu,Brotherhood (Collector's Edition),5.3,2,1,3.75,0.0
Mekanïk destruktïw kömmandöh - 2021 remastered,0N9x7vWxv0vcpL90OJbfTG,Magma,5JeJHWfm2ZxNd09hrIf7Zb,12XE52MlgP8Gr7VAdNSPlU,Retrospektïw 1-2-3 (2021 remastered),4.676025901091587,1,1,40.11,1.1526656593310354
"Right Off (feat. Steve Grossman, John McLaughlin, Herbie Hancock, Michael Henderson & Billy Cobham)",5UUwdWNpknUPQEMSRKlkWK,Miles Davis,0kbYTNQb4Pb1rPbbaF0pT4,0xr31or2qYglJpiX6pODjY,A Tribute To Jack Johnson,4.523933498723322,1,1,26.88,0.952544077267529
A Plague Of Lighthouse Keepers (Medley) - 2005 Digital Remaster,5RYh6KA70fdHJtQElMWIna,Van Der Graaf Generator,02frazNrWgZCxUEf4UTfHt,5Lrsef2F6ZHNC5yIUEJouw,Pawn Hearts,4.468149766483252,1,1,23.21,0.8791444295832276
Phaedra - Remastered 2018,6Qx7IRv8VmRTppmnks6fDm,Tangerine Dream,1BGN1IdyiSR0ZYrkoKNchl,6wugThEUTAa6BdI2hsqm5n,Phaedra (Deluxe Version),4.36430297694125,1,1,17.66,0.7425039170279617
Stuff,3RwzDnQnywFapwzIZY90dS,Miles Davis,0kbYTNQb4Pb1rPbbaF0pT4,2lmGOFtczCsoZCzmWORyWt,Miles in the Sky,4.3507222809068855,1,1,17.04,0.7246345801406395
Squid/Octopus,1ZKtEeLpBYk7Lxza660SvC,Van Der Graaf Generator,02frazNrWgZCxUEf4UTfHt,4kpBJuFpZBIuw4PQVxrN4t,H To He Who Am The Only One,4.3120209629577415,1,1,15.39,0.6737117933654486
Pioneers Over C - 2005 Digital Remaster,1ds7igokt8iHhnVtbpuHXW,Van Der Graaf Generator,02frazNrWgZCxUEf4UTfHt,4kpBJuFpZBIuw4PQVxrN4t,H To He Who Am The Only One,4.243774395922042,1,1,12.86,0.5839136788447914
Pioneers Over C - Remastered 2021,6bpg7TNG990JtVkIG6zlRR,Van Der Graaf Generator,02frazNrWgZCxUEf4UTfHt,1n6mujGDmusUYHfuFtZZvJ,"H To He, Who Am The Only One (Deluxe)",4.238418003397891,1,1,12.68,0.5768657939445946
Istanbul Suite,3gxaJtLT5SWKOeUfQpRLOv,Embryo,71TXox3zeu8QPFAiv07Qf4,68LAJiZ3jIjnzoy5cp0KZ8,Istanbul - Casablanca,4.237217370487551,1,1,12.64,0.5752860137994104
All alone,3Q9xkDyP0I11Wc17VVGNcR,Embryo,71TXox3zeu8QPFAiv07Qf4,68LAJiZ3jIjnzoy5cp0KZ8,Istanbul - Casablanca,4.193285659404828,1,1,11.26,0.5174811307958268
Lost: The Dance In Sand And Sea/The Dance In The Frost - 2005 Digital Remaster,5PFGWGJzxRaoKTcWuLlUCE,Van Der Graaf Generator,02frazNrWgZCxUEf4UTfHt,4kpBJuFpZBIuw4PQVxrN4t,H To He Who Am The Only One,4.191933344810371,1,1,11.22,0.5157017694873298
Lost - Remastered 2021,7f79xfhkMFJrDt42o9BfyD,Van Der Graaf Generator,02frazNrWgZCxUEf4UTfHt,1n6mujGDmusUYHfuFtZZvJ,"H To He, Who Am The Only One (Deluxe)",4.190576200510684,1,1,11.18,0.5139160533035313
"Hymn - Steven Wilson 12"" Re-Mix",4nGW4SDFbMO6ENj6mxUo36,Ultravox,3iUjRVvYCsMfz7tuAQtBDI,59I3dti6310mhQu69j6dgz,The Collection (Deluxe Edition),4.175672329512437,1,1,10.75,0.49430569672689056
Marquee Moon,7Me0vOSlJfaPY7Pc4GeItd,Television,0S7Zur2g8YhqlzqtlYStli,630o1rKTDsLeIPreOY1jqP,Marquee Moon,4.171763926661571,1,1,10.64,0.48916306139680393
Dancing with Tears in My Eyes - Special Remix,7tUMnbdZaPU8TtU6fS7n36,Ultravox,3iUjRVvYCsMfz7tuAQtBDI,15BhyErNMCS96rXaeAkMre,Lament (2009 Remaster),4.150085743886374,1,1,10.05,0.46063913669259715
Touched by the Hand of God - A Biff + Memphis Remix,3cVGWQzvNfVyxTC5MP0BDf,New Order,0yNLKJebCb8Aueb54LYya3,7cIIPSmmeDUaChBSJElK78,The Rest of New Order,4.148190478112179,1,1,10.0,0.4581453659370776
Mysterious Semblance At The Strand Of Nightmares - Remastered 2018,55pis8RoK3JumRCZzj31jg,Tangerine Dream,1BGN1IdyiSR0ZYrkoKNchl,6wugThEUTAa6BdI2hsqm5n,Phaedra (Deluxe Version),4.13817976748313,1,1,9.74,0.44497337826727656
Scorched Earth - 2005 Digital Remaster,5DJjwPtvPNARWVyzIdFnef,Van Der Graaf Generator,02frazNrWgZCxUEf4UTfHt,4irlewoGTUPndEinKcavLF,Godbluff,4.137398677793934,1,1,9.72,0.4439456286762285
"The Thin Wall - Steven Wilson 12"" Re-Mix",26SaFlzLTZ4oQQ5rDq8Jx5,Ultravox,3iUjRVvYCsMfz7tuAQtBDI,59I3dti6310mhQu69j6dgz,The Collection (Deluxe Edition),4.135438900371219,1,1,9.67,0.4413669741726562
Hortz fur dëhn stëkëhn west - 2017 Remastered Version,5cX0dK8irfFJisR3Kc76YO,Magma,5JeJHWfm2ZxNd09hrIf7Zb,1hWwZZvGF4CGT9AnSAPXlR,Mekanik destruktiw kommandoh (2017 Remastered Version),4.131885627727893,1,1,9.58,0.43669161543143925
Kiew Mission,3T1X7n3wbmUjOeVSyRKjpL,Tangerine Dream,1BGN1IdyiSR0ZYrkoKNchl,03bSmkQpSZyZUjmnAk4tFe,Exit (Remastered 2020),4.120613614834941,1,1,9.3,0.4218600195196599
"True Faith - Shep Pettibone 12"" Remix",6gIg6yHRojDG9Px3eSIZ3P,New Order,0yNLKJebCb8Aueb54LYya3,0PSWY4XyjTWppfBb0tBtqu,Brotherhood (Collector's Edition),4.110678408395299,1,1,9.06,0.4087873794674987
Nasredin,7lqzASEAHt6O0FnGv4aNyH,Embryo,71TXox3zeu8QPFAiv07Qf4,68LAJiZ3jIjnzoy5cp0KZ8,Istanbul - Casablanca,4.110258750704938,1,1,9.05,0.4082351982959721
Green Chimney's,3l4v3dN6GbDzkHFA4kwESo,Thelonious Monk,4PDpGtF16XpqvXxsrFwQnN,5rA4Fhdeq0an7JZR2JRSDn,Underground,4.108996989722764,1,1,9.02,0.40657498647732077
Academic - Extended Mix,0rp0LgCK6BnYbEn1xj1qzH,New Order,0yNLKJebCb8Aueb54LYya3,7Hm47KQv4uPp1ijUhmyqea,Complete Music,4.106460829029441,1,1,8.96,0.4032379329334743
Emperor In His War-Room: The Emperor/The Room - Early Take,5deHkbVkgHOQ54qjfxRUE6,Van Der Graaf Generator,02frazNrWgZCxUEf4UTfHt,4kpBJuFpZBIuw4PQVxrN4t,H To He Who Am The Only One,4.1013371559012715,1,1,8.84,0.3964962577648308
Mongolenblues,2hpbbHscYlGXjIy16B1GT9,Embryo,71TXox3zeu8QPFAiv07Qf4,68LAJiZ3jIjnzoy5cp0KZ8,Istanbul - Casablanca,4.090877780013037,1,1,8.6,0.38273392106978577
Killer - 2005 Digital Remaster,0xTDAeVrX4Kmmucaeo3VH3,Van Der Graaf Generator,02frazNrWgZCxUEf4UTfHt,4kpBJuFpZBIuw4PQVxrN4t,H To He Who Am The Only One,4.080576618884967,1,1,8.37,0.3691797616907467
Emperor In His War-room: The Emperor/The Room - 2005 Digital Remaster,64xGRKr0uFQ1OIEfps5B1J,Van Der Graaf Generator,02frazNrWgZCxUEf4UTfHt,4kpBJuFpZBIuw4PQVxrN4t,H To He Who Am The Only One,4.077842794144036,1,1,8.31,0.3655826238737331
Killer - Remastered 2021,0TMKja08JBRFwkdpl9IpI3,Van Der Graaf Generator,02frazNrWgZCxUEf4UTfHt,1n6mujGDmusUYHfuFtZZvJ,"H To He, Who Am The Only One (Deluxe)",4.077385238399411,1,1,8.3,0.3649805768413308
Tunnel Of Love,4ZSDreApKOo6eQYFx9qXfD,Dire Straits,0WwSkZ7LtFUFjGjMZBMt6T,3wvclpO3LJmpSQGQ9gBa2a,Making Movies,4.070920926985327,1,1,8.16,0.35647490392806247
When She Comes,3h7U2x8Xmutn6UMlRjGWTv,Van Der Graaf Generator,02frazNrWgZCxUEf4UTfHt,0kmpQ28yR2OJqnUxhjfRLU,World Record,4.065763537518021,1,1,8.05,0.3496888651552907
Tone,5PS38WcgloUslfvwXBjGPP,Bill Frisell,3SONlwqLIP2GtaMh9pLYe5,1vkLfWBiL2wHMxdGpDCbPC,Rambler,4.063870631984943,1,1,8.01,0.3471981999801887
Movements Of A Visionary - Remastered 2018,76lbYpKnn31T0nnRs5AZXs,Tangerine Dream,1BGN1IdyiSR0ZYrkoKNchl,6wugThEUTAa6BdI2hsqm5n,Phaedra (Deluxe Version),4.0614911627198325,1,1,7.96,0.34406731936820056
One Small Day - Special Remix,62QlhspiD1ioQcmORdMgym,Ultravox,3iUjRVvYCsMfz7tuAQtBDI,15BhyErNMCS96rXaeAkMre,Lament (2009 Remaster),4.056687053222065,1,1,7.86,0.3377461226606123
People on the High Line - Extended Mix,0T5ZpV04Eu6KynTHHcYeHD,New Order,0yNLKJebCb8Aueb54LYya3,7Hm47KQv4uPp1ijUhmyqea,Complete Music,4.056687053222065,1,1,7.86,0.3377461226606123
Da zeuhl wortz mekanïk - 2017 Remastered Version,66ASuE9Az8Rz34DcGPj7VM,Magma,5JeJHWfm2ZxNd09hrIf7Zb,1hWwZZvGF4CGT9AnSAPXlR,Mekanik destruktiw kommandoh (2017 Remastered Version),4.05328766952985,1,1,7.79,0.33327324938138314
One Small Day - Final Mix,4Qlom7UlZcZfXe7VrzJTP8,Ultravox,3iUjRVvYCsMfz7tuAQtBDI,15BhyErNMCS96rXaeAkMre,Lament (2009 Remaster),4.051331423253239,1,1,7.75,0.33069924112268245
Suggestioni Di Un Ritorno In Campagna,2zg2SNJf5P0ifA5lZvrZmn,Banco Del Mutuo Soccorso,4RuYtHjAKBufQRqBUMiOfK,5E9rFAvIQuZD9dLo6FL9wH,Garofano rosso (Colonna sonora originale del film),4.050349510562187,1,1,7.73,0.32940725073972
Nothing but a Fool,0o9S4PHp3FKt2JsKFXf4cE,New Order,0yNLKJebCb8Aueb54LYya3,1INPNU4BLdbKeLQqcYTGnx,Music Complete,4.049857601108381,1,1,7.72,0.3287600014583971
Darkness (11/11) [2005 - Remaster],6EEihoyAbhrobkEJfonlVZ,Van Der Graaf Generator,02frazNrWgZCxUEf4UTfHt,5GuP6isw4DZpsTaucdWkC5,The Least We Can Do Is Wave To Each Other,4.038871290580502,1,1,7.5,0.3143043297111871
Blue Monday,6hHc7Pks7wtBIW8Z6A0iFq,New Order,0yNLKJebCb8Aueb54LYya3,6iHuSGy6pq4tNGFV3ZVPtl,Substance,4.03836428583551,1,1,7.49,0.3136372182046187
Stranger Within - 2008 Remaster,4nVi466qAgKGGsfyFZ5LUU,Ultravox,3iUjRVvYCsMfz7tuAQtBDI,5ueP8JeD2SeNSYzX7ybnPc,Rage in Eden,4.037856603729268,1,1,7.48,0.31296921543324774
Cloudburst Flight,3vGCZR6nHYd3be31turwDA,Tangerine Dream,1BGN1IdyiSR0ZYrkoKNchl,3Fwvk0okeHHvxT5s90mK8T,Force Majeure (Remastered 2018 / Deluxe Version),4.037856603729268,1,1,7.48,0.31296921543324774
World (The Price of Love) - Perfecto Mix,4MkAYyz3GNFbXxCwbTcdUi,New Order,0yNLKJebCb8Aueb54LYya3,2OCcLfOyYhjOiWLBW0dIE2,Best Remixes,4.037348242449437,1,1,7.47,0.31230031901241767
Los Santos City Map,1q9OtIp10Ox2RWSbVfk6Zq,Tangerine Dream,1BGN1IdyiSR0ZYrkoKNchl,2BsaY7QYnmsW2PYVUwNx9a,Recurring Dreams,4.0347961845025715,1,1,7.42,0.3089423480296992
The Game - Extended Mix,2vEm6GoePcYRJvajcAvUsJ,New Order,0yNLKJebCb8Aueb54LYya3,7Hm47KQv4uPp1ijUhmyqea,Complete Music,4.033770542854289,1,1,7.4,0.3075928195451167
Ugly Beauty,5xHPuSBWJKa0dsVTyaFeGl,Thelonious Monk,4PDpGtF16XpqvXxsrFwQnN,5rA4Fhdeq0an7JZR2JRSDn,Underground,4.0332566820592834,1,1,7.39,0.3069166869201099
"Blue Monday '88 - 12"" Version",1nMPAoLnWTBuxH4G5236Ip,New Order,0yNLKJebCb8Aueb54LYya3,0PSWY4XyjTWppfBb0tBtqu,Brotherhood (Collector's Edition),4.021772291526823,1,1,7.17,0.2918056467458192
Superheated - Extended Mix 2,5ZdJxmY7MvDucdHpsYnBGd,New Order,0yNLKJebCb8Aueb54LYya3,7Hm47KQv4uPp1ijUhmyqea,Complete Music,4.019113078435517,1,1,7.12,0.28830668215199684
Memory Motel - 2025 Mix,0orxuykpQD4l66YL8cJksE,The Rolling Stones,22bE4uQ6baNwSHPVcDxLCe,5wEUIEpxAFSr5fEbQv1fud,Black And Blue (Super Deluxe),4.019113078435517,1,1,7.12,0.28830668215199684
"Touched by the Hand of God - 12"" Version",2VoIwdOVARpL4XCnVEFHUE,New Order,0yNLKJebCb8Aueb54LYya3,0PSWY4XyjTWppfBb0tBtqu,Brotherhood (Collector's Edition),4.018044160712404,1,1,7.1,0.28690021146368955
Sequenze E Frequenze - Live 1988 / Remastered 2020,0lUBWPZWiGQEKNzayTCpxT,Franco Battiato,4lianjyuR1tqf6oUX8kjrZ,4RD4REp6RE2kVZ96Uf1TgB,Giubbe Rosse (Deluxe 30th Anniversary Live & Remastered Edition / Remastered 2020),4.017508572181176,1,1,7.09,0.2861954897120728
Every Bloody Emperor,5lXhPtmylqSnznSAIvLZm4,Van Der Graaf Generator,02frazNrWgZCxUEf4UTfHt,53FDBLUHExEXpd0D0sqYRv,Present,4.015897262346399,1,1,7.06,0.28407534519263006
Brilliant - Blank & Jones Extended Remix 2018 Remaster,6UkJyJsxSRHfpT33hPrMBr,Ultravox,3iUjRVvYCsMfz7tuAQtBDI,49eDZSAR7As1J68vvKNCVI,Extended,4.015897262346399,1,1,7.06,0.28407534519263006
Shouldn't Do That - Disciplined Mix,5g4XZCOWnl418vddo8OZBd,Kajagoogoo,0f3kLT4wvi2mFHlHJgV8Hl,4sdT5KV2MJAik048qExBOs,Crazy People's Right To Speak,4.013196469172111,1,1,7.01,0.2805216699633041
Same Old Story - Extended Version 2018 Remaster,73x5b8fvuCjlqFaMWFmqEb,Ultravox,3iUjRVvYCsMfz7tuAQtBDI,49eDZSAR7As1J68vvKNCVI,Extended,4.011566731148668,1,1,6.98,0.27837727782719524
Torn Curtain,7p0Pk7IJw1c494Qz5lXopE,Television,0S7Zur2g8YhqlzqtlYStli,630o1rKTDsLeIPreOY1jqP,Marquee Moon,4.009382817091552,1,1,6.94,0.2755037066994113
Situation (The Aggressive Attitude Mix) (2018 Remaster),3ir0P6jLdRh7kQUNRIzBhD,Yazoo,1G1mX30GpUJqOr1QU2eBSs,6I5am7n34txDtqIRftZTj3,Four Pieces,4.008286135233681,1,1,6.92,0.2740607042548437
Ho Visto Anche Degli Zingari Felici - Intro; 2006 Digital Remastered,2anxaksNDKJJziakWiDLxq,Claudio Lolli,6x919AU6p0wfsUAdWV6M5K,4dMUtgiuiDgFMVHnb6iYfW,Ho Visto Anche Degli Zingari Felici,4.007736605130681,1,1,6.91,0.27333763832984403
"Bizarre Love Triangle - Shep Pettibone 12"" Remix",7y5fzeYh5bLrlJRB1OZrln,New Order,0yNLKJebCb8Aueb54LYya3,0PSWY4XyjTWppfBb0tBtqu,Brotherhood (Collector's Edition),3.9993968409952925,1,1,6.76,0.26236426446749106
La Pianura Rossa,6STQFSrsVpszi1hoMhSiu9,Banco Del Mutuo Soccorso,4RuYtHjAKBufQRqBUMiOfK,25zL1qPPiMUskPr8v8CWJv,Orlando: Le Forme dell'Amore,3.9931625475481916,1,1,6.65,0.25416124677393614
State of the Nation,3y6UNT1bb2eYblTWFT4n77,New Order,0yNLKJebCb8Aueb54LYya3,0PSWY4XyjTWppfBb0tBtqu,Brotherhood (Collector's Edition),3.990869931242608,1,1,6.61,0.2511446463718521
Brilliant - Blank & Jones Club Mix 2018 Remaster,4EmgcTByI0dBH4Y5Ge5tRY,Ultravox,3iUjRVvYCsMfz7tuAQtBDI,49eDZSAR7As1J68vvKNCVI,Extended,3.9891413460025875,1,1,6.58,0.2488701921086676
The Love Thieves,3hvScxvDCQMsRHWcpjNpxM,Depeche Mode,762310PdDnwsDxAQxzQkfX,0OWIVcNE4aItrlRvMUVueO,Ultra (Deluxe),3.9885633991231186,1,1,6.57,0.2481097356883142
House With No Door - Remastered 2021,2sfYPaNXqBH5wmz1d1uVVg,Van Der Graaf Generator,02frazNrWgZCxUEf4UTfHt,1n6mujGDmusUYHfuFtZZvJ,"H To He, Who Am The Only One (Deluxe)",3.9862427812240107,1,1,6.53,0.24505629108422455
The Love Thieves,66w448e95WVPp6mrExADp0,Depeche Mode,762310PdDnwsDxAQxzQkfX,7cmj0LC7Fob1p2BxsMYYAa,Ultra,3.9862427812240107,1,1,6.53,0.24505629108422455
House With No Door - 2005 Digital Remaster,2y9hoQ0o2Nrb16kz0wx4ir,Van Der Graaf Generator,02frazNrWgZCxUEf4UTfHt,4kpBJuFpZBIuw4PQVxrN4t,H To He Who Am The Only One,3.984492969997046,1,1,6.5,0.24275390789085033
Facts of Life,6CZS1Kqn3t42bd5ceKelFX,Talking Heads,2x9SpqnPi8rlE9pjHBwmSC,6iOPhFscLxdpzGug0qxpcZ,Naked,3.983321936712831,1,1,6.48,0.2412130746221463
The Great Curve,5N73ncX9gjmRv9lIpZ85nS,Talking Heads,2x9SpqnPi8rlE9pjHBwmSC,1JvXxLsm0PxlGH4LXzqMGq,Remain in Light,3.982147283536355,1,1,6.46,0.23966747833730992
El Mounadi - The Desert Life,6WMhyPDxdA4IfbBrFMafpY,Dissidenten,7LGjULfs3CUorLei47BKKk,3Vl1cnMHIBciZDPwmfZAk5,Sahara Elektrik,3.9786013791133796,1,1,6.4,0.2350018146228678
Renee - 1997 Remaster,5UUk3itO5nvah4Ngd9CW5X,Talk Talk,7Fo8TAyGJr4VmhE68QamMf,152Hw6E0tNz3EQNq9c1CDf,It's My Life,3.976815941216389,1,1,6.37,0.23265255423209075
Spooky - Out of Order Mix,7mKgWRA44P63GSnUntU16Y,New Order,0yNLKJebCb8Aueb54LYya3,2OCcLfOyYhjOiWLBW0dIE2,Best Remixes,3.9750220747851124,1,1,6.34,0.230292203664622
I Never Wanted to Begin - Extended Version,35psjjJl5Jy8pYXjsNFuax,Ultravox,3iUjRVvYCsMfz7tuAQtBDI,5ueP8JeD2SeNSYzX7ybnPc,Rage in Eden,3.973821441874773,1,1,6.32,0.2287124235194378
Here to Stay,5qODdo5pr25z8ULx9WXVpN,New Order,0yNLKJebCb8Aueb54LYya3,5BmnaerQ5nGMIZshBW4TmE,Live at Bestival 2012,3.9720133496451338,1,1,6.29,0.22633335479622924
Sympathy For The Devil,75zMKn5euxQdlkZgu4P42J,The Rolling Stones,22bE4uQ6baNwSHPVcDxLCe,0ACOqjq9mQuCZry2kj5zkB,The Rolling Stones Singles Collection: The London Years,3.9714087353568823,1,1,6.28,0.2255378096801083
NAKHLA,6Hyt6tjMs7CIvysRKFNSQZ,Cheikha Rimitti,364dHqe2BwXqmOhgdBXpw8,4pUoU89OnJtWvqJiREjaV5,Nouar,3.9714087353568823,1,1,6.28,0.2255378096801083
Ruined in a Day - Reunited in a Day Remix,72Kx1OSl8yZ9WeBR1SnGJ1,New Order,0yNLKJebCb8Aueb54LYya3,2OCcLfOyYhjOiWLBW0dIE2,Best Remixes,3.9695890989987994,1,1,6.25,0.22314355131420976
Nothing to Undo - Tangerine Dream Rework,2isloGjw6QO69kbLR9uVJS,Daniel Brandt,4OJgcDY2LiSjD0rKNygzH7,3NkOHdLZWppIE0lsXosiop,Without Us Reworks,3.967760707339855,1,1,6.22,0.22073777281559867
Back In Your Life,590rDHWNgViHdsFjXShHlP,The Rolling Stones,22bE4uQ6baNwSHPVcDxLCe,6jfU2DEetUUo8nmxrzwkhc,Foreign Tongues,3.9671492832336885,1,1,6.21,0.21993326741274843
Waiting for the Night,1VEIMGVXj7713dHY9gZLyU,Depeche Mode,762310PdDnwsDxAQxzQkfX,0Tg76MY2wNK4j37iCb6qyH,Violator (Deluxe),3.9616017394536507,1,1,6.12,0.21263386770217213
Jigsaw Puzzle - 50th Anniversary Edition,4FzDrD5KndBVrFaVwZToen,The Rolling Stones,22bE4uQ6baNwSHPVcDxLCe,6OHri5qNxwCdVSdyCslspd,Beggars Banquet (50th Anniversary Edition),3.9609803165841724,1,1,6.11,0.21181620603180668
Music for Chameleons,7igDDKaYTMkV5xbse143IW,Gary Numan,5KQMtyPE8DCQNUzoNqlEsE,1AbColVwAzX9BY56BPC0Rl,"I, Assassin",3.960357875822562,1,1,6.1,0.21099720502968744
"Face to Face - Live at St. Albans, Hertfordshire, 16 Aug 1980",6FmJHI5D21SRzGYf49bmic,Ultravox,3iUjRVvYCsMfz7tuAQtBDI,57UuXCYkx1wZW7gfl8hvjB,Vienna (Remastered Definitive Edition),3.9584844127015764,1,1,6.07,0.20853212197575824
Serenade - Special Re-Mix 2018 Remaster,2k389nvwXwuX5bevecDdMj,Ultravox,3iUjRVvYCsMfz7tuAQtBDI,49eDZSAR7As1J68vvKNCVI,Extended,3.9578578668053064,1,1,6.06,0.20770771948066627
Nëbëhr gudahtt - 2017 Remastered Version,0ylNkyLW9Yr12u06SySgZO,Magma,5JeJHWfm2ZxNd09hrIf7Zb,1hWwZZvGF4CGT9AnSAPXlR,Mekanik destruktiw kommandoh (2017 Remastered Version),3.9559720068552973,1,1,6.03,0.20522632480960168
The Voice - 2008 Remaster,0MMtL7yD36LLj3TS6J9YUt,Ultravox,3iUjRVvYCsMfz7tuAQtBDI,5ueP8JeD2SeNSYzX7ybnPc,Rage in Eden,3.9553413013163183,1,1,6.02,0.20439644910041943
Sunrise - 2022 Digital Master,6G7VdH8lLQAGI6HOO5sR7x,New Order,0yNLKJebCb8Aueb54LYya3,0fn2SPJjYECJG3BNvNOd9f,Low-Life,3.9547095472223455,1,1,6.01,0.2035651937136127
The Overload,3HBpOyKIvfSKysKZyXlaVY,Talking Heads,2x9SpqnPi8rlE9pjHBwmSC,1JvXxLsm0PxlGH4LXzqMGq,Remain in Light,3.9547095472223455,1,1,6.01,0.2035651937136127
The Sphinx In The Face - 2005 Digital Remaster,08h3NDXgRG2xFNDXiMRxvm,Van Der Graaf Generator,02frazNrWgZCxUEf4UTfHt,0eOBTsAhFUTOOcAcxJNE3V,The Quiet Zone/The Pleasure Dome,3.9528079586002067,1,1,5.98,0.20106310342132488
Tomorrow Started - 1997 Remaster,3khWEPmZJ8X1QMlW0iKcSF,Talk Talk,7Fo8TAyGJr4VmhE68QamMf,152Hw6E0tNz3EQNq9c1CDf,It's My Life,3.952171975188155,1,1,5.97,0.2002262831423101
Boo Boo's Birthday,48stcCjD6f2QyqYrF0RWCS,Thelonious Monk,4PDpGtF16XpqvXxsrFwQnN,5rA4Fhdeq0an7JZR2JRSDn,Underground,3.9502576134567717,1,1,5.94,0.19770738612733157
Easy Street,26wtc0ywX3xT9PXEEct8JL,Thelonious Monk,4PDpGtF16XpqvXxsrFwQnN,5rA4Fhdeq0an7JZR2JRSDn,Underground,3.9496173437181024,1,1,5.93,0.19686492594487168
The Fire - 2003 Remaster,7bNARG9hdnwtFQsSz0OIjl,Television,0S7Zur2g8YhqlzqtlYStli,5ha55jb1DQKy33CpmREvFq,Adventure,3.9496173437181024,1,1,5.93,0.19686492594487168
Making Flippy Floppy,2G6JBfCoeigrYoLGFSIA2X,Talking Heads,2x9SpqnPi8rlE9pjHBwmSC,78MM8HrabEGPLVWaJkM2t1,Speaking in Tongues,3.948333558713284,1,1,5.91,0.19517573514905812
World in Motion - Carabinieri Mix,5HkHHAan4FMD1qEUxMkmG9,New Order,0yNLKJebCb8Aueb54LYya3,2OCcLfOyYhjOiWLBW0dIE2,Best Remixes,3.9476900361208775,1,1,5.9,0.19432899489589153
Coming Down Again - Remastered,7wvv3OLPrX0pENjcDDLLbS,The Rolling Stones,22bE4uQ6baNwSHPVcDxLCe,6iVOz2hudE6dv5Yrcsw2c9,Goats Head Soup (Remastered 2009),3.9476900361208775,1,1,5.9,0.19432899489589153
Herr X - 2008 Remaster,2v42gJ0JzMd2nVAVBvtNUj,Ultravox,3iUjRVvYCsMfz7tuAQtBDI,57UuXCYkx1wZW7gfl8hvjB,Vienna (Remastered Definitive Edition),3.945752903633643,1,1,5.87,0.19178013636005717
Ti sbabi,42AJ0oFAlf8C3GIIftqTzT,Cheb Tahar,2byt8ExYVk3hQkPEgKGiIL,49WbUhzzdloagcrZKn0LhB,"Raï, the Gold Collection",3.9451049921382317,1,1,5.86,0.19092762123451534
""" 3-2-3 """,7yEkUD9Q2PIA09YLG9v3u0,Embryo,71TXox3zeu8QPFAiv07Qf4,68LAJiZ3jIjnzoy5cp0KZ8,Istanbul - Casablanca,3.944455974047072,1,1,5.85,0.1900736500619372
Born Under Punches (The Heat Goes On),0LMmCYr1grtBC0nRO2MxDf,Talking Heads,2x9SpqnPi8rlE9pjHBwmSC,1JvXxLsm0PxlGH4LXzqMGq,Remain in Light,3.942502242236913,1,1,5.82,0.1875029503117279
Hymn - 2009 Remaster,0lLjzzv1ZnzY3A5Wty3KLm,Ultravox,3iUjRVvYCsMfz7tuAQtBDI,48e5bZFgvlWlVN8KVdaNON,Quartet (2009 Remaster),3.942502242236913,1,1,5.82,0.1875029503117279
"The Wild, The Beautiful & The Damned",1Mb6481DNs4OXPnaxKrObT,Ultravox,3iUjRVvYCsMfz7tuAQtBDI,09H76Y3uRhgJSu7u5f3e6f,Ultravox!,3.9411941514443436,1,1,5.8,0.1857817782162416
Renk,7ItKgg3Bf2ZVxN8QwwO3UY,Embryo,71TXox3zeu8QPFAiv07Qf4,68LAJiZ3jIjnzoy5cp0KZ8,Istanbul - Casablanca,3.9411941514443436,1,1,5.8,0.1857817782162416
Melody - 2025 Mix,1fgY0b5vfciK9BVE8zk4YL,The Rolling Stones,22bE4uQ6baNwSHPVcDxLCe,5wEUIEpxAFSr5fEbQv1fud,Black And Blue (Super Deluxe),3.9411941514443436,1,1,5.8,0.1857817782162416
Girlfriend Is Better,37kkHqpkzTEGOJYHRb6JZG,Talking Heads,2x9SpqnPi8rlE9pjHBwmSC,78MM8HrabEGPLVWaJkM2t1,Speaking in Tongues,3.938564383163406,1,1,5.76,0.1823215567939546
Moon Rocks,0csWSjZhXwcIyRcJpTgAuV,Talking Heads,2x9SpqnPi8rlE9pjHBwmSC,78MM8HrabEGPLVWaJkM2t1,Speaking in Tongues,3.938564383163406,1,1,5.76,0.1823215567939546
Impressioni di settembre,3n9HTsj2f9IkQ3KlujvqSE,Premiata Forneria Marconi,1MD5pgVzlusqGyuSTcTxvu,51pz4wvc0BPtjnGCWjxX91,Storia Di Un Minuto,3.9372426427004017,1,1,5.74,0.18058242460579213
The Aircrash Bureau,6kFaFlwIvdxn33YVu985hU,Gary Numan,5KQMtyPE8DCQNUzoNqlEsE,2McSfMOhsYBkGNA47IjtnG,Telekon,3.934585289213833,1,1,5.7,0.17708590686030692
The Thin Wall - 2008 Remaster,4r2whEL3h1ZA7rQJikSksw,Ultravox,3iUjRVvYCsMfz7tuAQtBDI,5ueP8JeD2SeNSYzX7ybnPc,Rage in Eden,3.934585289213833,1,1,5.7,0.17708590686030692
Roberto,7xv83KmiG0o9ipgmeIsCoG,Embryo,71TXox3zeu8QPFAiv07Qf4,68LAJiZ3jIjnzoy5cp0KZ8,Istanbul - Casablanca,3.9339180370669724,1,1,5.69,0.1762079435091745
World in Motion - No Alla Violenza Mix,3QDQU8vVeFLzliZVIui5IN,New Order,0yNLKJebCb8Aueb54LYya3,2kqbafKAXzDPPEnSHWzmxr,World in Motion,3.9332496112130038,1,1,5.68,0.17532843580658458
A Friend I Call Desire - Work in Progress Mix,4tVAQGXdaUC2DJk88RIqhO,Ultravox,3iUjRVvYCsMfz7tuAQtBDI,15BhyErNMCS96rXaeAkMre,Lament (2009 Remaster),3.931909221816176,1,1,5.66,0.1735647655476004
All And Everyone,7Bw5XYKi9fBoFbXFoE8PVN,PJ Harvey,12VaqyEhgwDRuFfEqbnrpz,2JfiVMvVhdueC48EmskS7t,Let England Shake,3.931909221816176,1,1,5.66,0.1735647655476004
Big Daddy,1wCWvy15STxz7feUoGdqWK,Talking Heads,2x9SpqnPi8rlE9pjHBwmSC,6iOPhFscLxdpzGug0qxpcZ,Naked,3.930564087668229,1,1,5.64,0.17179485219503843
750.000 anni fa... l'amore?,6wNZa5e5DVBwMbqB4uYuXp,Banco Del Mutuo Soccorso,4RuYtHjAKBufQRqBUMiOfK,0Ft1jEOyGY74ZgHb1FYO4U,Darwin!,3.9298897307920493,1,1,5.63,0.17090754051585416
"1963 - 12"" Version",3RxyagFJ4YFSFh0Igjci2A,New Order,0yNLKJebCb8Aueb54LYya3,0PSWY4XyjTWppfBb0tBtqu,Brotherhood (Collector's Edition),3.9298897307920493,1,1,5.63,0.17090754051585416
Singularity,5BO9YsuvEQ3rtIA8bjPXhX,New Order,0yNLKJebCb8Aueb54LYya3,1INPNU4BLdbKeLQqcYTGnx,Music Complete,3.9292141750585694,1,1,5.62,0.17001865139285455
Such a Shame - 1997 Remaster,35JhxrwW2bBAiMcnrmuLEN,Talk Talk,7Fo8TAyGJr4VmhE68QamMf,152Hw6E0tNz3EQNq9c1CDf,It's My Life,3.9271802718979045,1,1,5.59,0.1673424630235586
Ride on the Ray,1n9BYCOoCu4EW1yQImwFhy,Tangerine Dream,1BGN1IdyiSR0ZYrkoKNchl,0FvrR40cNACOri1YkMOdAs,Underwater Sunlight,3.9264998778038644,1,1,5.58,0.16644720763666457
China Girl - 2018 Remaster,5Ei9o2fHEnfHb84YrPuz4v,David Bowie,0oSGxfWSnnOXhD2fKuz2Gy,4NwG11AsDJluT732lSjMrV,Let's Dance (2018 Remaster),3.925135423914188,1,1,5.56,0.16465187357130023
Guiding Light,6ZHa4WN0lqua4sQHRQFpkc,Television,0S7Zur2g8YhqlzqtlYStli,630o1rKTDsLeIPreOY1jqP,Marquee Moon,3.9244513553226117,1,1,5.55,0.1637517833192262
(Nothing But) Flowers,3tLolIaNbQSoIv6Usvhboh,Talking Heads,2x9SpqnPi8rlE9pjHBwmSC,6iOPhFscLxdpzGug0qxpcZ,Naked,3.9244513553226117,1,1,5.55,0.1637517833192262
To Bring You My Love,537IPiZTZ1GVcohzFHAHf5,PJ Harvey,12VaqyEhgwDRuFfEqbnrpz,2yMg8ronKfVDHngnlLNnl8,To Bring You My Love,3.923079512677454,1,1,5.53,0.16194672720717646
The Big Country,191pjjtr4AYgFkv9aVLrQo,Talking Heads,2x9SpqnPi8rlE9pjHBwmSC,4ksJGDgtixAqJ390XWv0Ua,Popular Favorites 1976 - 1992 / Sand in the Vaseline,3.923079512677454,1,1,5.53,0.16194672720717646
Sister Morphine - 2009 Mix,1XaL1OWGibGlPqLUW9MnCX,The Rolling Stones,22bE4uQ6baNwSHPVcDxLCe,29m6DinzdaD0OPqWKGyMdz,Sticky Fingers (Remastered),3.923079512677454,1,1,5.53,0.16194672720717646
Barrel Of A Gun,3BAq4q6tSev6y0KWOoTKne,Depeche Mode,762310PdDnwsDxAQxzQkfX,7cmj0LC7Fob1p2BxsMYYAa,Ultra,3.9223917296842625,1,1,5.52,0.1610417495845567
I Love Ladies,3rovxBzeIaryiwGpKnQQx1,The Rolling Stones,22bE4uQ6baNwSHPVcDxLCe,5wEUIEpxAFSr5fEbQv1fud,Black And Blue (Super Deluxe),3.9217026995770743,1,1,5.51,0.16013513102246615
A Haze Of Patriotic Fervor,7vRplv4cDf3zUzYJk6CgVI,Tangerine Dream,1BGN1IdyiSR0ZYrkoKNchl,5EJAJsaHhQYLwVbynpcGkD,"The Music of Grand Theft Auto V, Vol. 2: The Score",3.9217026995770743,1,1,5.51,0.16013513102246615
Chabrassi,6RCrmnmGuE94nBbK75aRNt,Khaled,28ztjHIXceRRntmTUfnmUX,49WbUhzzdloagcrZKn0LhB,"Raï, the Gold Collection",3.9175420740709996,1,1,5.45,0.1546606237776311
This Wreckage,3Pb3YmpiI6J7kOWf2bcAhr,Gary Numan,5KQMtyPE8DCQNUzoNqlEsE,2McSfMOhsYBkGNA47IjtnG,Telekon,3.916844185904225,1,1,5.44,0.15374234987398042
Are 'Friends' Electric?,0VktLUEpFVQ7Zl5c80uKHH,Gary Numan,5KQMtyPE8DCQNUzoNqlEsE,2wWcTC2GHLEGLDlsnr5aYM,Replicas Redux,3.9154445526460324,1,1,5.42,0.15190072716583208
Greggio e pericoloso - Titles,2YEyYXGpJzClCWmn56f8Ga,Banco Del Mutuo Soccorso,4RuYtHjAKBufQRqBUMiOfK,3kMhPGtxX8qTqznPX8b8Zv,Greggio e pericoloso (Original Soundtrack),3.9154445526460324,1,1,5.42,0.15190072716583208
Towers Of London - 2001 Remaster,2HtyBiR2vbgOHEKbbfgQOT,XTC,2qT62DYO8Ajb276vUJmvhz,6sLuXZdrb1cmsAnfrmgbrU,Black Sea,3.9140397451311286,1,1,5.4,0.15005229622516908
Cool Water,39ChYp9rBPzhSR6JMliotX,Talking Heads,2x9SpqnPi8rlE9pjHBwmSC,6iOPhFscLxdpzGug0qxpcZ,Naked,3.9126297249604445,1,1,5.38,0.14819700652690115
Hot Stuff - 2025 Mix,2ctJGsf4YJLVLFogyyHDr8,The Rolling Stones,22bE4uQ6baNwSHPVcDxLCe,5wEUIEpxAFSr5fEbQv1fud,Black And Blue (Super Deluxe),3.9126297249604445,1,1,5.38,0.14819700652690115
Moby Dick,4BQhcyuHF87sZ3vTPnTTVh,Banco Del Mutuo Soccorso,4RuYtHjAKBufQRqBUMiOfK,1jPGGyuK1EgRoPIwhT8lW6,Banco,3.909081613281988,1,1,5.33,0.14352843852893132
No Happy Endings,28b4uBohJrFHFgkgktscPV,Tangerine Dream,1BGN1IdyiSR0ZYrkoKNchl,5EJAJsaHhQYLwVbynpcGkD,"The Music of Grand Theft Auto V, Vol. 2: The Score",3.909081613281988,1,1,5.33,0.14352843852893132
Western Promise - 2008 Remaster,6leYEYciYSJc8wmpmeAE0g,Ultravox,3iUjRVvYCsMfz7tuAQtBDI,57UuXCYkx1wZW7gfl8hvjB,Vienna (Remastered Definitive Edition),3.9076530401709033,1,1,5.31,0.14164873706697842
Sax and Violins,08Yjr6SQehUAK2GIcNdFbK,Talking Heads,2x9SpqnPi8rlE9pjHBwmSC,4ksJGDgtixAqJ390XWv0Ua,Popular Favorites 1976 - 1992 / Sand in the Vaseline,3.9069367345865107,1,1,5.3,0.1407062297190927
Sax and Violins - 2005 Remaster,4dQ3dBVUnrCv7wUdOu9Oyr,Talking Heads,2x9SpqnPi8rlE9pjHBwmSC,6iOPhFscLxdpzGug0qxpcZ,Naked,3.90621907620512,1,1,5.29,0.13976194237515863
Let It Loose,2u63axjx9VKmFfQNqmpi8a,The Rolling Stones,22bE4uQ6baNwSHPVcDxLCe,5U4dnRZsfW8NmwBBkELFPh,Exile On Main Street (2010 Re-Mastered),3.90621907620512,1,1,5.29,0.13976194237515863
I Get Wild / Wild Gravity,480RYI6U5tuotNf7iGavJp,Talking Heads,2x9SpqnPi8rlE9pjHBwmSC,78MM8HrabEGPLVWaJkM2t1,Speaking in Tongues,3.9055000599073457,1,1,5.28,0.1388158682991397
Drugs - 2005 Remaster,0OnQj8a27DzuNnTXSgOtq6,Talking Heads,2x9SpqnPi8rlE9pjHBwmSC,5dVZpNJraoqCo3BssinMoo,Fear of Music (Deluxe Version),3.9033348118837834,1,1,5.25,0.13596685774182085
Hiroshima Mon Amour,2eZmkvWHZvFauI78Rcxi4g,Ultravox,3iUjRVvYCsMfz7tuAQtBDI,2qglzVkWCBALdZ8JHMgJhT,Ha! Ha! Ha!,3.9026103121409625,1,1,5.24,0.1350135686065301
Swamp,0lrcEBPGPnaC5Sm9wnyYYL,Talking Heads,2x9SpqnPi8rlE9pjHBwmSC,78MM8HrabEGPLVWaJkM2t1,Speaking in Tongues,3.901884428443638,1,1,5.23,0.1340584584784705
A Friend I Call Desire - Steven Wilson Stereo Mix,21cQpcPsXAzCEoC1KY4opE,Ultravox,3iUjRVvYCsMfz7tuAQtBDI,1ZdxZz6LPHZgkfXkyljts2,Lament (2024 Steven Wilson Mix),3.9004284879652458,1,1,5.21,0.13214274732269243
A Friend I Call Desire - 2009 Remaster,79aVzW5nFdjhnWwWVZDsUL,Ultravox,3iUjRVvYCsMfz7tuAQtBDI,15BhyErNMCS96rXaeAkMre,Lament (2009 Remaster),3.899698420497647,1,1,5.2,0.13118213223374559
Carried Away - 2003 Remaster,4t87dWb7q5e7TtWMFeV0Z8,Television,0S7Zur2g8YhqlzqtlYStli,5ha55jb1DQKy33CpmREvFq,Adventure,3.899698420497647,1,1,5.2,0.13118213223374559
Pull up the Roots,7FdcxTaar9qBTiUy4Z6VUj,Talking Heads,2x9SpqnPi8rlE9pjHBwmSC,78MM8HrabEGPLVWaJkM2t1,Speaking in Tongues,3.89749976441217,1,1,5.17,0.12828916370022347
Areknames,3n6URniUFgNrXQEadxzlSu,Franco Battiato,4lianjyuR1tqf6oUX8kjrZ,3ZMIvjtdKwQ75xll79vWk4,Pollution,3.8938068296139794,1,1,5.12,0.12343003896576289
"All Stood Still - 12"" Version",55j75GpqVcoAgpAbf8l9gY,Ultravox,3iUjRVvYCsMfz7tuAQtBDI,57UuXCYkx1wZW7gfl8hvjB,Vienna (Remastered Definitive Edition),3.893063916376374,1,1,5.11,0.12245252154786135
Betrayal Sorcerer Theme - Live from Coventry Cathedral 2022,6zwUm1oDuGdksOPcxkPwPy,Tangerine Dream,1BGN1IdyiSR0ZYrkoKNchl,2MrDi1gCFcd0sfGgjlTVz0,From Virgin To Quantum Years - Coventry Cathedral 22,3.893063916376374,1,1,5.11,0.12245252154786135
Garofano Rosso,6iLZtZjrVJtKKT8jPwdiyi,Banco Del Mutuo Soccorso,4RuYtHjAKBufQRqBUMiOfK,5E9rFAvIQuZD9dLo6FL9wH,Garofano rosso (Colonna sonora originale del film),3.893063916376374,1,1,5.11,0.12245252154786135
Slippery People,6jmArQTNFxVghhetkYV36I,Talking Heads,2x9SpqnPi8rlE9pjHBwmSC,78MM8HrabEGPLVWaJkM2t1,Speaking in Tongues,3.893063916376374,1,1,5.11,0.12245252154786135
Serenade - 2009 Remaster,7t9xdzVPFweM1P4P0ETnQF,Ultravox,3iUjRVvYCsMfz7tuAQtBDI,48e5bZFgvlWlVN8KVdaNON,Quartet (2009 Remaster),3.8923195478719483,1,1,5.1,0.12147308930519464
Heart of The Country - Steven Wilson Stereo Mix,0o9alW1dvnSPe9rZK620Zk,Ultravox,3iUjRVvYCsMfz7tuAQtBDI,1ZdxZz6LPHZgkfXkyljts2,Lament (2024 Steven Wilson Mix),3.8923195478719483,1,1,5.1,0.12147308930519464
Elevation,1pimWzwUERYZbAFr5tL0Xl,Television,0S7Zur2g8YhqlzqtlYStli,630o1rKTDsLeIPreOY1jqP,Marquee Moon,3.8915737183881656,1,1,5.09,0.12049173472127035
Up Patriots To Arms - Remastered 2008,4K3cElW740S6w5wbjBjRbt,Franco Battiato,4lianjyuR1tqf6oUX8kjrZ,59eHxfqvwJyXhJGGtORaHv,Patriots (2008 Remastered Edition),3.8915737183881656,1,1,5.09,0.12049173472127035
Turn Your Back on Me - Extended Mix,4LRwNbgbd6DusUfOWREM9G,Kajagoogoo,0f3kLT4wvi2mFHlHJgV8Hl,0xM84XzqFGTDsFjPgCrXh9,Islands,3.8915737183881656,1,1,5.09,0.12049173472127035
Democratic Circus,0Cpr1EducaySYlY8MGJllG,Talking Heads,2x9SpqnPi8rlE9pjHBwmSC,6iOPhFscLxdpzGug0qxpcZ,Naked,3.8900776534636163,1,1,5.07,0.11852322824160066
W - Alternate Take,1wOekK6Aykb6cwJq9R5pdB,Van Der Graaf Generator,02frazNrWgZCxUEf4UTfHt,5Lrsef2F6ZHNC5yIUEJouw,Pawn Hearts,3.8893274064282033,1,1,5.06,0.11753606108974171
Fool To Cry - 2025 Mix,2EcHS1ePeW6SIg3I9ZgZPL,The Rolling Stones,22bE4uQ6baNwSHPVcDxLCe,5wEUIEpxAFSr5fEbQv1fud,Black And Blue (Super Deluxe),3.8878224539660864,1,1,5.04,0.11555586048169333
Golf Girl,5zfadyZJV7cuq5xw0WSaQM,Caravan,5kwbFaRKf9HCFGrJPacZ7s,7rVmN6Ts1yg6JPtfSV3Z2r,Legend Of A Mind - The Underground Anthology,3.885553790511215,1,1,5.01,0.11257077698844142
Prove It,3aPjLBWsrqTetCn3QcLSuK,Television,0S7Zur2g8YhqlzqtlYStli,630o1rKTDsLeIPreOY1jqP,Marquee Moon,3.884794549499399,1,1,5.0,0.11157177565710492
Blind,6RXEdbwo3WbZjV76r3CrD7,Talking Heads,2x9SpqnPi8rlE9pjHBwmSC,4ksJGDgtixAqJ390XWv0Ua,Popular Favorites 1976 - 1992 / Sand in the Vaseline,3.884794549499399,1,1,5.0,0.11157177565710492
Hey Negrita - 2025 Mix,2A8bKPcvmUBrlhZMg9MBaB,The Rolling Stones,22bE4uQ6baNwSHPVcDxLCe,5wEUIEpxAFSr5fEbQv1fud,Black And Blue (Super Deluxe),3.884794549499399,1,1,5.0,0.11157177565710492
Blind,2PkLOjo2KmCCUQQI9XRe87,Talking Heads,2x9SpqnPi8rlE9pjHBwmSC,6iOPhFscLxdpzGug0qxpcZ,Naked,3.884794549499399,1,1,5.0,0.11157177565710492
When The Time Comes - Steven Wilson Stereo Mix,4eJgRBfWSALHAUmogjDoM7,Ultravox,3iUjRVvYCsMfz7tuAQtBDI,1ZdxZz6LPHZgkfXkyljts2,Lament (2024 Steven Wilson Mix),3.8825076820156856,1,1,4.97,0.10856273949432337
Himalaya (Camisasca / Bmg Ricordi) 1975,5JpTwKsXkpedvO2J6f5R8w,"Franco Battiato, Juri Camisasca, Osage Tribe",5eCgvKqJkLy8zD2RkhQhuQ,05lAJNmh0iYB4CbtDXicDD,La Convenzione,3.8825076820156856,1,1,4.97,0.10856273949432337
I Remember (Death in the Afternoon) - 2008 Remaster,6io2BWB8cYSXEGLvpgHKk1,Ultravox,3iUjRVvYCsMfz7tuAQtBDI,5ueP8JeD2SeNSYzX7ybnPc,Rage in Eden,3.8817423242544393,1,1,4.96,0.1075556898084728
When the Time Comes (I'll Cry...) - 2009 Remaster,5mG5qGN8kg1v1csPuizWKV,Ultravox,3iUjRVvYCsMfz7tuAQtBDI,15BhyErNMCS96rXaeAkMre,Lament (2009 Remaster),3.8809754218750694,1,1,4.95,0.10654660773035424
Alles Klar - 2008 Remaster,07FxiaIDsadbnAjEXNGGU3,Ultravox,3iUjRVvYCsMfz7tuAQtBDI,57UuXCYkx1wZW7gfl8hvjB,Vienna (Remastered Definitive Edition),3.880206968630377,1,1,4.94,0.10553548503997034
This Must Be the Place (Naive Melody) - 2005 Remaster,6aBUnkXuCEQQHAlTokv9or,Talking Heads,2x9SpqnPi8rlE9pjHBwmSC,4sLCQxMRfn3gAHrBNZtbTH,Speaking in Tongues (Deluxe Version),3.880206968630377,1,1,4.94,0.10553548503997034
Vienna - 2008 Remaster,7ioy6ppmN9Rn8Pm5axNzUP,Ultravox,3iUjRVvYCsMfz7tuAQtBDI,57UuXCYkx1wZW7gfl8hvjB,Vienna (Remastered Definitive Edition),3.880206968630377,1,1,4.94,0.10553548503997034
Elegia - 2022 Digital Master,3cCADm6tkppHoPpitoes6o,New Order,0yNLKJebCb8Aueb54LYya3,0fn2SPJjYECJG3BNvNOd9f,Low-Life,3.879436958235189,1,1,4.93,0.10452231346735398
Teclo,6pdV9QPzTmrFbrlUw5BV8Q,PJ Harvey,12VaqyEhgwDRuFfEqbnrpz,2yMg8ronKfVDHngnlLNnl8,To Bring You My Love,3.879436958235189,1,1,4.93,0.10452231346735398
L'Ombra Della Luce - Remastered,2IFXeheoiUq0Lt0q2zJ3ep,Franco Battiato,4lianjyuR1tqf6oUX8kjrZ,7CdGW9JRoTbqk2v5imOHQd,Come Un Cammello In Una Grondaia (2008 Remastered Edition),3.8763412180994177,1,1,4.89,0.10044897118344492
È festa,0N8DZ2pIXYlQSv0ahRnj90,Premiata Forneria Marconi,1MD5pgVzlusqGyuSTcTxvu,51pz4wvc0BPtjnGCWjxX91,Storia Di Un Minuto,3.8747838388703513,1,1,4.87,0.09839978798730398
World in Motion - The B-Side,3IPKXaekSUe5kBWggsfkKE,New Order,0yNLKJebCb8Aueb54LYya3,2kqbafKAXzDPPEnSHWzmxr,World in Motion,3.8747838388703513,1,1,4.87,0.09839978798730398
Dancing With Mr. D,1o1pQLvKMNqkeLYWGrlA4d,The Rolling Stones,22bE4uQ6baNwSHPVcDxLCe,6iVOz2hudE6dv5Yrcsw2c9,Goats Head Soup (Remastered 2009),3.8747838388703513,1,1,4.87,0.09839978798730398
"Private Lives - Live at Crystal Palace, 13 June 1981",6Rlu2yAaxemizGxKR7FQGy,Ultravox,3iUjRVvYCsMfz7tuAQtBDI,5ueP8JeD2SeNSYzX7ybnPc,Rage in Eden,3.8740027491811544,1,1,4.86,0.09737203839625592
Alone,1VsdYbLRYwwB5DzcXj09Rm,Hamid Baroudi,2KUvztaZ23NwLaNMD2qElz,6D8Apauuemk0IFU035OsJv,Five,3.8740027491811544,1,1,4.86,0.09737203839625592
Bisterve,5zpapaog1NOmupWGJlaDQA,Embryo,71TXox3zeu8QPFAiv07Qf4,68LAJiZ3jIjnzoy5cp0KZ8,Istanbul - Casablanca,3.8740027491811544,1,1,4.86,0.09737203839625592
No Compassion,50hhrjB7kkqdOLEy6jX0HR,Talking Heads,2x9SpqnPi8rlE9pjHBwmSC,0r7o2FeARRr23EZ0TJ0a8S,Talking Heads '77,3.87322005065521,1,1,4.85,0.09634217191475065
Bizarre Love Triangle,3xLC7blc7GP9Mv6ypjt33s,New Order,0yNLKJebCb8Aueb54LYya3,5BmnaerQ5nGMIZshBW4TmE,Live at Bestival 2012,3.872435736651287,1,1,4.84,0.09531017980432493
Senses Working Overtime - Remastered 2001,0XDv7SLyMkGcAnb12fMHa1,XTC,2qT62DYO8Ajb276vUJmvhz,2fDm6GpssR8S6uQnDE4MKM,English Settlement,3.872435736651287,1,1,4.84,0.09531017980432493
No Compassion,7IMYD5ULnwTD98eyEkclTQ,Talking Heads,2x9SpqnPi8rlE9pjHBwmSC,4ksJGDgtixAqJ390XWv0Ua,Popular Favorites 1976 - 1992 / Sand in the Vaseline,3.8716498004869444,1,1,4.83,0.09427605327229545
Stati Di Gioia,49CvWS1vCU97nDx5qLR6uR,Franco Battiato,4lianjyuR1tqf6oUX8kjrZ,3QD7rcprpyoMnSHnX2UDhE,Il Vuoto,3.8716498004869444,1,1,4.83,0.09427605327229545
The Perfect Kiss - 2022 Digital Master,265mb9od3km5tI78X3WrUn,New Order,0yNLKJebCb8Aueb54LYya3,0fn2SPJjYECJG3BNvNOd9f,Low-Life,3.870862235438195,1,1,4.82,0.09323978347130915
Foxhole - 2003 Remaster,7vZvhVzknrA8mwBDoRJZei,Television,0S7Zur2g8YhqlzqtlYStli,5ha55jb1DQKy33CpmREvFq,Adventure,3.8700730347391556,1,1,4.81,0.09220136149888948
Crosseyed and Painless,77zBtIe4mYsVlO527LV9Ph,Talking Heads,2x9SpqnPi8rlE9pjHBwmSC,4ksJGDgtixAqJ390XWv0Ua,Popular Favorites 1976 - 1992 / Sand in the Vaseline,3.869282191581702,1,1,4.8,0.09116077839697724
El ghorba,4LdXoHfZnpHMy9uxN1NA2l,Cheb Karim,1MjDVu61TxfPIPEKU4CUv9,49WbUhzzdloagcrZKn0LhB,"Raï, the Gold Collection",3.86769555044572,1,1,4.78,0.08907309269173712
Crosseyed and Painless,0Qmu2DYKupUetYUbxqvtw2,Talking Heads,2x9SpqnPi8rlE9pjHBwmSC,1JvXxLsm0PxlGH4LXzqMGq,Remain in Light,3.866102256706906,1,1,4.76,0.08697665356171903
Working For The Man,5R67RgBhVnlEqPfnIAdx8j,PJ Harvey,12VaqyEhgwDRuFfEqbnrpz,2yMg8ronKfVDHngnlLNnl8,To Bring You My Love,3.866102256706906,1,1,4.76,0.08697665356171903
Passionate Reply - 2008 Remaster,5vNYCIWOZdi7ysfP4E5tIt,Ultravox,3iUjRVvYCsMfz7tuAQtBDI,57UuXCYkx1wZW7gfl8hvjB,Vienna (Remastered Definitive Edition),3.866102256706906,1,1,4.76,0.08697665356171903
(Sounds Kind Of) Fruity,44WITSi0NT29OkmNe5xni8,Tangerine Dream,1BGN1IdyiSR0ZYrkoKNchl,5EJAJsaHhQYLwVbynpcGkD,"The Music of Grand Theft Auto V, Vol. 2: The Score",3.8653030976321308,1,1,4.75,0.08592512846332971
This Time of Night - 2022 Digital Master,3IwISSOvWXtsLrxus7Evjr,New Order,0yNLKJebCb8Aueb54LYya3,0fn2SPJjYECJG3BNvNOd9f,Low-Life,3.8653030976321308,1,1,4.75,0.08592512846332971
The Damned Don't Cry,47jIMTLPmiYffh0XiLpEGY,Visage,0EPf9vAXPdFV5Ezp1sMX8B,3j601V2oigPTHypgq3wwCu,The Anvil,3.8645022543430954,1,1,4.74,0.08487138729354728
Friction,7wfvl1kiZJNvhx6HNTyefX,Television,0S7Zur2g8YhqlzqtlYStli,630o1rKTDsLeIPreOY1jqP,Marquee Moon,3.8636997197259006,1,1,4.73,0.08381542069197548
Listening Wind,60z53BhYhXBmElp7Ztw5Q9,Talking Heads,2x9SpqnPi8rlE9pjHBwmSC,1JvXxLsm0PxlGH4LXzqMGq,Remain in Light,3.862895486621478,1,1,4.72,0.0827572192387866
Le Anime Deserte Del Mondo,4rLgTCMbUqQxODWqfbC9Nb,Banco Del Mutuo Soccorso,4RuYtHjAKBufQRqBUMiOfK,25zL1qPPiMUskPr8v8CWJv,Orlando: Le Forme dell'Amore,3.862895486621478,1,1,4.72,0.0827572192387866
I Before E Except After C - 2008 Remaster,555CmijfN8GXFx96sMXojc,Yazoo,1G1mX30GpUJqOr1QU2eBSs,78BwXnGLbEBi5jIgY5GVs8,Upstairs at Eric's (Remastered),3.8620895478252057,1,1,4.71,0.0816967734542179
A Bit Of An Awkward Situation,5AiajBpQR0lf2dGAho2qaN,Tangerine Dream,1BGN1IdyiSR0ZYrkoKNchl,5EJAJsaHhQYLwVbynpcGkD,"The Music of Grand Theft Auto V, Vol. 2: The Score",3.8620895478252057,1,1,4.71,0.0816967734542179
Lament - Steven Wilson Stereo Mix,0wWox4yJ9Z6nKVhgbjLsBR,Ultravox,3iUjRVvYCsMfz7tuAQtBDI,1ZdxZz6LPHZgkfXkyljts2,Lament (2024 Steven Wilson Mix),3.8604725241085527,1,1,4.69,0.0795691106691487
Lament - 2009 Remaster,6EA0DT02kTHo1eUavgWO0X,Ultravox,3iUjRVvYCsMfz7tuAQtBDI,15BhyErNMCS96rXaeAkMre,Lament (2009 Remaster),3.8604725241085527,1,1,4.69,0.0795691106691487
Dancing with Tears in My Eyes - 2009 Remaster,3RL0sk0ONrt5laiqFnAkAy,Ultravox,3iUjRVvYCsMfz7tuAQtBDI,15BhyErNMCS96rXaeAkMre,Lament (2009 Remaster),3.8596614245476726,1,1,4.68,0.07850187440483225
Dancing With Tears In My Eyes - Steven Wilson Stereo Mix,4lCQnb1AlRDVw2I8sRp0V1,Ultravox,3iUjRVvYCsMfz7tuAQtBDI,1ZdxZz6LPHZgkfXkyljts2,Lament (2024 Steven Wilson Mix),3.8596614245476726,1,1,4.68,0.07850187440483225
All Stood Still - Alternative Version,1ItgedKs1ljkXcpKpS5isV,Ultravox,3iUjRVvYCsMfz7tuAQtBDI,59I3dti6310mhQu69j6dgz,The Collection (Deluxe Edition),3.8596614245476726,1,1,4.68,0.07850187440483225
Bring Your Love Down (Didn't I) - 2008 Remaster,6xHzOOD44Qdgz4yHELrSDo,Yazoo,1G1mX30GpUJqOr1QU2eBSs,78BwXnGLbEBi5jIgY5GVs8,Upstairs at Eric's (Remastered),3.8596614245476726,1,1,4.68,0.07850187440483225
Visions in Blue - 2009 Remaster,13u6tE6XeUMdAQ0ZOzrURs,Ultravox,3iUjRVvYCsMfz7tuAQtBDI,48e5bZFgvlWlVN8KVdaNON,Quartet (2009 Remaster),3.8588485900131477,1,1,4.67,0.07743235528045758
Vienna - 2009 Remaster,2bo6ulevQ895n9BSihjA3T,Ultravox,3iUjRVvYCsMfz7tuAQtBDI,2QDolqCMmtvKMT3EEQKFAv,The Very Best of Ultravox,3.858034013066712,1,1,4.66,0.07636054350883202
Bandiera Bianca - Mix 2015,3Kb5SamP2ozlI24adbzZeT,Franco Battiato,4lianjyuR1tqf6oUX8kjrZ,0mq6gm5cbSU2dMNBV06UGB,Anthology - Le Nostre Anime,3.854758130710027,1,1,4.62,0.07205017198687852
Raise Four,5anYdzYJguGLEcbgL6G2Qm,Thelonious Monk,4PDpGtF16XpqvXxsrFwQnN,5rA4Fhdeq0an7JZR2JRSDn,Underground,3.854758130710027,1,1,4.62,0.07205017198687852
We Love You,50lxXpbI8AlBrrcmykojhu,The Rolling Stones,22bE4uQ6baNwSHPVcDxLCe,0ACOqjq9mQuCZry2kj5zkB,The Rolling Stones Singles Collection: The London Years,3.85310953810256,1,1,4.6,0.06988097118757938
Rivers,0sfWa0ABkU9Z1LI6w4xOMC,Kajagoogoo,0f3kLT4wvi2mFHlHJgV8Hl,4sdT5KV2MJAik048qExBOs,Crazy People's Right To Speak,3.85310953810256,1,1,4.6,0.06988097118757938
Crazy Mama - 2025 Mix,7Ba5WaXFqg5k3Gvf1kv0bN,The Rolling Stones,22bE4uQ6baNwSHPVcDxLCe,5wEUIEpxAFSr5fEbQv1fud,Black And Blue (Super Deluxe),3.852282551921974,1,1,4.59,0.0687928314762816
Runaways - 2001 Remaster,6Z4O4Ugbk9jpDrXyrpFG8g,XTC,2qT62DYO8Ajb276vUJmvhz,2fDm6GpssR8S6uQnDE4MKM,English Settlement,3.8514537620623566,1,1,4.58,0.06770231850310146
See You,1Js5V2orgZIw6S4ZdxHLIc,Depeche Mode,762310PdDnwsDxAQxzQkfX,570tDDsJUBimO3v70LJWFw,A Broken Frame (Deluxe),3.8514537620623566,1,1,4.58,0.06770231850310146
10 Giugno 1924,2DyxhTrCPqzGP5OugqhyWn,Banco Del Mutuo Soccorso,4RuYtHjAKBufQRqBUMiOfK,5E9rFAvIQuZD9dLo6FL9wH,Garofano rosso (Colonna sonora originale del film),3.850623160638764,1,1,4.57,0.0666094218931114
Oh I Wept - Stereo Mix,1PQzfXWeGasDG40flgflgl,Free,2e53aHBQdCMKWqHDuyJsjC,1V3HZsFh7CaYBQLA1af5CK,Songs Of Yesterday,3.8489564913003274,1,1,4.55,0.06441643592148429
Remember - Remastered 2010,4IJovoHQkKgwmH9SzAKcB8,John Lennon,4x1nvY2FN8jxqAFA0DA02H,0DFYbYCcHCEJPcN1hODG6K,Plastic Ono Band,3.8489564913003274,1,1,4.55,0.06441643592148429
Your Name (Has Slipped My Mind) - 2008 Remaster,2Fno2LoZoQ8XyyrWTlqf9c,Ultravox,3iUjRVvYCsMfz7tuAQtBDI,5ueP8JeD2SeNSYzX7ybnPc,Rage in Eden,3.8489564913003274,1,1,4.55,0.06441643592148429
Houses in Motion - 2005 Remaster,2hDMI3I7WGgHmP4EGAk7la,Talking Heads,2x9SpqnPi8rlE9pjHBwmSC,3AQgdwMNCiN7awXch5fAaG,Remain in Light (Deluxe Version),3.8489564913003274,1,1,4.55,0.06441643592148429
Man of Two Worlds - Steven Wilson Stereo Mix,4hgj2mkYSo1ZRfWSV29b8a,Ultravox,3iUjRVvYCsMfz7tuAQtBDI,1ZdxZz6LPHZgkfXkyljts2,Lament (2024 Steven Wilson Mix),3.848120407354679,1,1,4.54,0.06331632546668307
Fisiognomica - 2008 Remaster,1mkfkQmlcnWZkoZLjn2UGJ,Franco Battiato,4lianjyuR1tqf6oUX8kjrZ,4sWf0wkRfi49tW4NLxdLj2,Fisiognomica (2008 Remastered Edition),3.848120407354679,1,1,4.54,0.06331632546668307
Ball And Chain - 2001 Remaster,0KlWpxzYGq2sjVmwPHprxM,XTC,2qT62DYO8Ajb276vUJmvhz,2fDm6GpssR8S6uQnDE4MKM,English Settlement,3.848120407354679,1,1,4.54,0.06331632546668307
Man of Two Worlds - Instrumental,0t6oROdxnmVJeKeIZz1UyL,Ultravox,3iUjRVvYCsMfz7tuAQtBDI,15BhyErNMCS96rXaeAkMre,Lament (2009 Remaster),3.84728247978252,1,1,4.53,0.06221378918752606
Rocks Off,42o3gy9e8dzBHvQE991ad8,The Rolling Stones,22bE4uQ6baNwSHPVcDxLCe,5U4dnRZsfW8NmwBBkELFPh,Exile On Main Street (2010 Re-Mastered),3.84728247978252,1,1,4.53,0.06221378918752606
The Big Sleep In Search Of Hades,36B43GAHzDdJkRv8qlKblc,Tangerine Dream,1BGN1IdyiSR0ZYrkoKNchl,3ihl5TOv2xoZHA2dLofrNT,Stratosfear (Remastered 2018 / Deluxe Version),3.8464427004352144,1,1,4.52,0.061108816362124486
Funerale,6AwG2cptOw0aX1USOvxvld,Banco Del Mutuo Soccorso,4RuYtHjAKBufQRqBUMiOfK,5E9rFAvIQuZD9dLo6FL9wH,Garofano rosso (Colonna sonora originale del film),3.8464427004352144,1,1,4.52,0.061108816362124486
World in Motion,47x8g4l24IpCvlcRxv2Jb6,New Order,0yNLKJebCb8Aueb54LYya3,2kqbafKAXzDPPEnSHWzmxr,World in Motion,3.845601061109984,1,1,4.51,0.06000139619734821
Change,2xhesoPR2vLBFaPQNZbTJ5,Ultravox,3iUjRVvYCsMfz7tuAQtBDI,6Y4IpNu7XzxC3SyFkSp2oY,Brilliant,3.845601061109984,1,1,4.51,0.06000139619734821
One Small Day - Steven Wilson Stereo Mix,6lia0NFSzxcOtHzYtq3kIE,Ultravox,3iUjRVvYCsMfz7tuAQtBDI,1ZdxZz6LPHZgkfXkyljts2,Lament (2024 Steven Wilson Mix),3.845601061109984,1,1,4.51,0.06000139619734821
Rid Of Me,3m2Zd230K68bC4Qe961d9p,PJ Harvey,12VaqyEhgwDRuFfEqbnrpz,2fDJpBJhtloxzUENHlU9JB,Rid Of Me,3.8430649004166613,1,1,4.48,0.056664342653501676
Every Little Counts,3uJmmY9zBGV3ONk3KiMfWY,New Order,0yNLKJebCb8Aueb54LYya3,0PSWY4XyjTWppfBb0tBtqu,Brotherhood (Collector's Edition),3.8430649004166613,1,1,4.48,0.056664342653501676
Ïma sürï dondaï - 2017 Remastered Version,3d8mvkCq1HtD1Bfgs9SAgV,Magma,5JeJHWfm2ZxNd09hrIf7Zb,1hWwZZvGF4CGT9AnSAPXlR,Mekanik destruktiw kommandoh (2017 Remastered Version),3.8430649004166613,1,1,4.48,0.056664342653501676
Hand Of Fate - 2025 Mix,2xxlzL2WiqefcL0YPrQdun,The Rolling Stones,22bE4uQ6baNwSHPVcDxLCe,5wEUIEpxAFSr5fEbQv1fud,Black And Blue (Super Deluxe),3.842215738052123,1,1,4.47,0.05554702375279348
Super-Tuff - 2001 Remaster,5RZpWupxQxcqvejEmr3HD7,XTC,2qT62DYO8Ajb276vUJmvhz,4HWzj6tf8nXvH7GzXAl1ld,Go 2,3.840511699322138,1,1,4.45,0.05330486752912906
Silver Train - Remastered,74T1xZpCHhxasI1u8d7Zq2,The Rolling Stones,22bE4uQ6baNwSHPVcDxLCe,6iVOz2hudE6dv5Yrcsw2c9,Goats Head Soup (Remastered 2009),3.8396568058232123,1,1,4.44,0.05218000766212133
Sweet Virginia,1hJrWWK74fKL7eeV3CFOvF,The Rolling Stones,22bE4uQ6baNwSHPVcDxLCe,5U4dnRZsfW8NmwBBkELFPh,Exile On Main Street (2010 Re-Mastered),3.8396568058232123,1,1,4.44,0.05218000766212133
The Thin Wall,1tfRYOde0AwWYTSzb9DzuB,Ultravox,3iUjRVvYCsMfz7tuAQtBDI,3gMzGxXgstsEZEfjdsIwnM,The Collection,3.8396568058232123,1,1,4.44,0.05218000766212133
Baraka,2LwDZKIc1LYJsJ1G6qG2Mx,Hamid Baroudi,2KUvztaZ23NwLaNMD2qElz,1d6X4IwEY9rhpZFY8zmzQf,Spirit of Africa,3.8396568058232123,1,1,4.44,0.05218000766212133
Suck On The Jugular - Remastered,4pz9KMfqlxYnhrhvPxVW5T,The Rolling Stones,22bE4uQ6baNwSHPVcDxLCe,3oyjbpNQs5Qm5DNVJW4AlV,Voodoo Lounge (Remastered 2009),3.8396568058232123,1,1,4.44,0.05218000766212133
Nomadi - Remastered,5uqexHjmGO7zq179lMdTex,Franco Battiato,4lianjyuR1tqf6oUX8kjrZ,4sWf0wkRfi49tW4NLxdLj2,Fisiognomica (2008 Remastered Edition),3.8387999847161183,1,1,4.43,0.0510526114685767
Mr. Trevor Philips,753PML4owuTAFJtmPh1y2w,Tangerine Dream,1BGN1IdyiSR0ZYrkoKNchl,5EJAJsaHhQYLwVbynpcGkD,"The Music of Grand Theft Auto V, Vol. 2: The Score",3.8387999847161183,1,1,4.43,0.0510526114685767
Missed,2tVMNPTbICJLm80kJP95aJ,PJ Harvey,12VaqyEhgwDRuFfEqbnrpz,2fDJpBJhtloxzUENHlU9JB,Rid Of Me,3.8379412272884923,1,1,4.42,0.049922667484858026
Le Nostre Anime,3gRIPbtEhvIFRFuyJeOF8J,Franco Battiato,4lianjyuR1tqf6oUX8kjrZ,0mq6gm5cbSU2dMNBV06UGB,Anthology - Le Nostre Anime,3.8370805247687683,1,1,4.41,0.04879016416943205
Heart of the Country - Instrumental,57Nay6N6o6rawuaBt4lp6e,Ultravox,3iUjRVvYCsMfz7tuAQtBDI,15BhyErNMCS96rXaeAkMre,Lament (2009 Remaster),3.8370805247687683,1,1,4.41,0.04879016416943205
The Last Time - 1997 Remaster,4MAmlSsRV2SWiZvk7z2BFB,Talk Talk,7Fo8TAyGJr4VmhE68QamMf,152Hw6E0tNz3EQNq9c1CDf,It's My Life,3.835353249067532,1,1,4.39,0.04651743298359468
Paths and Angles - 2008 Remaster,0RgfBSmfOz2yWPGzQ7FmT2,Ultravox,3iUjRVvYCsMfz7tuAQtBDI,5ueP8JeD2SeNSYzX7ybnPc,Rage in Eden,3.834486658042016,1,1,4.38,0.045377181634232
Midnight - 2008 Remaster,19zkeFXPFkZpocaLspZRYx,Yazoo,1G1mX30GpUJqOr1QU2eBSs,78BwXnGLbEBi5jIgY5GVs8,Upstairs at Eric's (Remastered),3.834486658042016,1,1,4.38,0.045377181634232
"All Stood Still - Live at Crystal Palace, 13 June 1981",3wYiGfVgV3nf2Jv0ZqdmJj,Ultravox,3iUjRVvYCsMfz7tuAQtBDI,5ueP8JeD2SeNSYzX7ybnPc,Rage in Eden,3.8336180862352904,1,1,4.37,0.04423432399380402
Shock In My Town,4VW85oD7cIbtDoEU0zpnpp,Franco Battiato,4lianjyuR1tqf6oUX8kjrZ,0mq6gm5cbSU2dMNBV06UGB,Anthology - Le Nostre Anime,3.8336180862352904,1,1,4.37,0.04423432399380402
Brilliant,40wOnCCu8MWaBE5LXcCPNQ,Ultravox,3iUjRVvYCsMfz7tuAQtBDI,6Y4IpNu7XzxC3SyFkSp2oY,Brilliant,3.8336180862352904,1,1,4.37,0.04423432399380402
Good Times (2018 Remaster),3JxcJPVdWKHFZrAQwFaIIt,Yazoo,1G1mX30GpUJqOr1QU2eBSs,6I5am7n34txDtqIRftZTj3,Four Pieces,3.831874963912666,1,1,4.35,0.04194074199035099
Mr. Jones,4hNJyZPPb1MgxcxpuPIH2t,Talking Heads,2x9SpqnPi8rlE9pjHBwmSC,6iOPhFscLxdpzGug0qxpcZ,Naked,3.8301238087399128,1,1,4.33,0.03963659044725386
Union of the Snake - 2010 Remaster,3JpaL6FMH9kjVWMA1mTmRl,Duran Duran,0lZoBs4Pzo7R89JM9lxwoT,0jBIq5EY9zRBZJuCE9iuM1,Seven and the Ragged Tiger (Deluxe Edition),3.8301238087399128,1,1,4.33,0.03963659044725386
Guido The Killer Pimp - From 'Risky Business' Original Motion Picture Soundtrack,7c1nDBcdTxhQWJSW5A7d2W,Tangerine Dream,1BGN1IdyiSR0ZYrkoKNchl,4Mft3FkYzPHdWTmRW0yS1U,Hyperborea (Deluxe Version / Remastered 2020),3.8301238087399128,1,1,4.33,0.03963659044725386
All In One Day - Radio Edit,6oL3YeyOrq0o4GfvwIjSj0,Ultravox,3iUjRVvYCsMfz7tuAQtBDI,59I3dti6310mhQu69j6dgz,The Collection (Deluxe Edition),3.8292451956317284,1,1,4.32,0.03848052056806427
Slip Away,3CB1ESsBeD4ItucmzV8BZ5,Ultravox,3iUjRVvYCsMfz7tuAQtBDI,09H76Y3uRhgJSu7u5f3e6f,Ultravox!,3.8292451956317284,1,1,4.32,0.03848052056806427
Love Vigilantes - 2022 Digital Master,42dGd1vhQQ09G5yg5FHmHP,New Order,0yNLKJebCb8Aueb54LYya3,0fn2SPJjYECJG3BNvNOd9f,Low-Life,3.8292451956317284,1,1,4.32,0.03848052056806427
Lament - Single Version,76bQ9pdTmSkw8tOEKo8VSE,Ultravox,3iUjRVvYCsMfz7tuAQtBDI,2QDolqCMmtvKMT3EEQKFAv,The Very Best of Ultravox,3.8283645463383906,1,1,4.31,0.03732177149788282
Paths And Angels,3nsVAJoJAa2hektdsm1Awb,Ultravox,3iUjRVvYCsMfz7tuAQtBDI,59I3dti6310mhQu69j6dgz,The Collection (Deluxe Edition),3.8283645463383906,1,1,4.31,0.03732177149788282
Once in a Lifetime,7hnsEwqM9L1Z4dAjqDnNF9,Talking Heads,2x9SpqnPi8rlE9pjHBwmSC,4ksJGDgtixAqJ390XWv0Ua,Popular Favorites 1976 - 1992 / Sand in the Vaseline,3.8283645463383906,1,1,4.31,0.03732177149788282
Oceano Di Silenzio,44TB7GktCqBa9kW4nuUNvA,Franco Battiato,4lianjyuR1tqf6oUX8kjrZ,0mq6gm5cbSU2dMNBV06UGB,Anthology - Le Nostre Anime,3.8283645463383906,1,1,4.31,0.03732177149788282
Cut and Run - 2009 Remaster,70c7yUwBz2zHkdiGBuFCeW,Ultravox,3iUjRVvYCsMfz7tuAQtBDI,48e5bZFgvlWlVN8KVdaNON,Quartet (2009 Remaster),3.8265971012916133,1,1,4.29,0.034996185910017456
Torn And Frayed,5SiCTf5r1cVjQXAXB2StpS,The Rolling Stones,22bE4uQ6baNwSHPVcDxLCe,5U4dnRZsfW8NmwBBkELFPh,Exile On Main Street (2010 Re-Mastered),3.8265971012916133,1,1,4.29,0.034996185910017456
I Can’t Stay Long,3mnKUYvJhcZ0MliPjvnEde,Ultravox,3iUjRVvYCsMfz7tuAQtBDI,2i88O2q8557wf6e1LIpfrb,Systems Of Romance,3.825710286420049,1,1,4.28,0.033829324236907404
When the Scream Subsides - 2009 Remaster,46Qys21inA7WX7ip6fCWBR,Ultravox,3iUjRVvYCsMfz7tuAQtBDI,48e5bZFgvlWlVN8KVdaNON,Quartet (2009 Remaster),3.825710286420049,1,1,4.28,0.033829324236907404
In Walked Bud,4MC20FvCUyK4rskuUQE0iA,Thelonious Monk,4PDpGtF16XpqvXxsrFwQnN,5rA4Fhdeq0an7JZR2JRSDn,Underground,3.8248213971258442,1,1,4.27,0.032659733060321314
Visions in Blue,6tMtm5EMQbC24zrXV2K5SS,Ultravox,3iUjRVvYCsMfz7tuAQtBDI,3gMzGxXgstsEZEfjdsIwnM,The Collection,3.823930423681327,1,1,4.26,0.031487399580694256
Magic Shop - 2008 Remaster,5o6bOREtBamD6MtFOfXm6z,Franco Battiato,4lianjyuR1tqf6oUX8kjrZ,7zDqAzJyPco6YimYnwwYfV,L'Era Del Cinghiale Bianco (2008 Remastered Edition),3.8221421850871105,1,1,4.24,0.02913445406198785
Haoulou,1oloAh05ojkMt506WSll65,Cheb Mami,6vZXamchcIOKzC1c3Elp4J,2ZjDMSjs84eCv6SVGvxExW,let me rai,3.8221421850871105,1,1,4.24,0.02913445406198785
Making Plans For Nigel,1XT5kxg6Tk0ukCO2vBQN4v,XTC,2qT62DYO8Ajb276vUJmvhz,4S6y2iTYbGONSlNJHYyrVl,Drums And Wires,3.8212449001365525,1,1,4.23,0.027953815969148133
We Came to Dance - 2009 Remaster,6eYTAZSVEyor1IU0OXm59p,Ultravox,3iUjRVvYCsMfz7tuAQtBDI,48e5bZFgvlWlVN8KVdaNON,Quartet (2009 Remaster),3.8212449001365525,1,1,4.23,0.027953815969148133
Stupidly Happy,2mmnBRUoEqTbxrDUWy5TyV,XTC,2qT62DYO8Ajb276vUJmvhz,5Jpxb9N0W4N8s0ITNzd1eG,"Wasp Star (Apple Venus, Vol. 2)",3.8212449001365525,1,1,4.23,0.027953815969148133
Radio Varsavia - Remastered,3lrWDf4tx6MgqXCFfw5mYx,Franco Battiato,4lianjyuR1tqf6oUX8kjrZ,2OulSxrNGCvCvz5rX7lUH5,L'Arca Di Noè (2008 Remastered Edition),3.8203454914326516,1,1,4.22,0.026770383464014932
Rage in Eden - 2008 Remaster,1OcdtJT6eH3aQqmsQAlho7,Ultravox,3iUjRVvYCsMfz7tuAQtBDI,5ueP8JeD2SeNSYzX7ybnPc,Rage in Eden,3.819443948898271,1,1,4.21,0.0255841432871998
Dance Little Sister - Remastered,0YsBmhlgivhVxWytwq0As4,The Rolling Stones,22bE4uQ6baNwSHPVcDxLCe,4jCpSNa8dV40aMrHOshRdv,It's Only Rock 'N' Roll (2009 Re-Mastered),3.818540262384384,1,1,4.2,0.02439508208471609
Cuccurucucù - Mix 2015,0U28OajsvxhCbRrZ8V49wn,Franco Battiato,4lianjyuR1tqf6oUX8kjrZ,5LJfFPeNKEVoTYkGtNUvcp,La Voce Del Padrone,3.818540262384384,1,1,4.2,0.02439508208471609
Non Mi Spaventa Più L'Amore,4XHYwqNi2IDRf0DicW9vCr,Banco Del Mutuo Soccorso,4RuYtHjAKBufQRqBUMiOfK,25zL1qPPiMUskPr8v8CWJv,Orlando: Le Forme dell'Amore,3.817634421669379,1,1,4.19,0.023203186407077907
Totally Nude,2YvpAgJCwNS4FMBBvEwcbW,Talking Heads,2x9SpqnPi8rlE9pjHBwmSC,6iOPhFscLxdpzGug0qxpcZ,Naked,3.817634421669379,1,1,4.19,0.023203186407077907
The Loving - 2001 Remaster,1rWbsTMbtySVgxWU6Gitbk,XTC,2qT62DYO8Ajb276vUJmvhz,3suXBde2fATz1UzA6f7UoA,Oranges & Lemons,3.817634421669379,1,1,4.19,0.023203186407077907
Proprietà Proibita,6ZTo9Yq6XnamIwlzMYCH5a,Franco Battiato,4lianjyuR1tqf6oUX8kjrZ,0mq6gm5cbSU2dMNBV06UGB,Anthology - Le Nostre Anime,3.817634421669379,1,1,4.19,0.023203186407077907
Monkey Man,5m6livL7ccIS92wq16n52r,The Rolling Stones,22bE4uQ6baNwSHPVcDxLCe,4l4u9e9jSbotSXNjYfOugy,Let It Bleed,3.817634421669379,1,1,4.19,0.023203186407077907
Serve Orlando Adesso,2U6p3nDBSVolug0o7qSYD6,Banco Del Mutuo Soccorso,4RuYtHjAKBufQRqBUMiOfK,25zL1qPPiMUskPr8v8CWJv,Orlando: Le Forme dell'Amore,3.817634421669379,1,1,4.19,0.023203186407077907
Quiet Men,0k0aAZgcOxkck7aOr6MD8P,Ultravox,3iUjRVvYCsMfz7tuAQtBDI,2i88O2q8557wf6e1LIpfrb,Systems Of Romance,3.817634421669379,1,1,4.19,0.023203186407077907
Chop The Dog,4O7d8PrZ9eAteU7iQo48jg,Tangerine Dream,1BGN1IdyiSR0ZYrkoKNchl,5EJAJsaHhQYLwVbynpcGkD,"The Music of Grand Theft Auto V, Vol. 2: The Score",3.8167264164583736,1,1,4.18,0.022008442708387175
Cuccurucucù - Mix 2015,6m00qBXY0dzYFhtkwCIW3i,Franco Battiato,4lianjyuR1tqf6oUX8kjrZ,0mq6gm5cbSU2dMNBV06UGB,Anthology - Le Nostre Anime,3.8167264164583736,1,1,4.18,0.022008442708387175
Dancing With Tears In My Eyes - Single Version,4e2zrVwtXkKLESZDmPK5vu,Ultravox,3iUjRVvYCsMfz7tuAQtBDI,59I3dti6310mhQu69j6dgz,The Collection (Deluxe Edition),3.815816236382511,1,1,4.17,0.020810837345409706
We Came To Dance - Single Version,0nisxWNDx2ucbLXpZJ88Na,Ultravox,3iUjRVvYCsMfz7tuAQtBDI,4xO0SbjcUy09mkcfLmUfUe,Quartet [Deluxe Edition],3.815816236382511,1,1,4.17,0.020810837345409706
Private Lives - 2008 Remaster,3FqIDhtYijFa24YpfdHUuE,Ultravox,3iUjRVvYCsMfz7tuAQtBDI,57UuXCYkx1wZW7gfl8hvjB,Vienna (Remastered Definitive Edition),3.8139893097866318,1,1,4.15,0.01840698656135816
Life On Your Own,2vZD0yoLG27eCoT6tXRx2L,The Human League,1aX2dmV8XoHYCOQRxjPESG,0Jst3a86SKc0inDa2AKhXf,Hysteria,3.813072542152586,1,1,4.14,0.017200713358666197
Blue Monday '88,4pXeYTVN4beKNXnuYkzubg,New Order,0yNLKJebCb8Aueb54LYya3,45ONyCjOEHEVUpxT6bApYp,Blue Monday '88,3.8121535574241587,1,1,4.13,0.01599152292652529
On Battleship Hill,1u0lFRxxwIqigbkFCRprpV,PJ Harvey,12VaqyEhgwDRuFfEqbnrpz,2JfiVMvVhdueC48EmskS7t,Let England Shake,3.8121535574241587,1,1,4.13,0.01599152292652529
"King's Lead Hat - Live at The Lyceum, London, 17 Aug 1980",3zCMRV0YFReBII6G3e5Sdd,Ultravox,3iUjRVvYCsMfz7tuAQtBDI,57UuXCYkx1wZW7gfl8hvjB,Vienna (Remastered Definitive Edition),3.811232344851787,1,1,4.12,0.014779401120772211
Memo From Turner,1jVWIIa9sYGW4zjF68gtaO,Mick Jagger,3d2pb1dHTm8b61zAGVUVvO,0ACOqjq9mQuCZry2kj5zkB,The Rolling Stones Singles Collection: The London Years,3.8103088936075356,1,1,4.11,0.013564333694126417
Out Of My Book - 2005 Digital Remaster,0mSyOFDLsWXKfhqpzyF3sS,Van Der Graaf Generator,02frazNrWgZCxUEf4UTfHt,5GuP6isw4DZpsTaucdWkC5,The Least We Can Do Is Wave To Each Other,3.8103088936075356,1,1,4.11,0.013564333694126417
Non Serve Tremare,3BeJgwfPBe5CAxCvmYwkNN,Banco Del Mutuo Soccorso,4RuYtHjAKBufQRqBUMiOfK,25zL1qPPiMUskPr8v8CWJv,Orlando: Le Forme dell'Amore,3.8103088936075356,1,1,4.11,0.013564333694126417
Amata Solitudine,4umpIl504PLH04HlePupAk,Franco Battiato,4lianjyuR1tqf6oUX8kjrZ,6Ws5YQCEOfwmpTK01EALgv,L'Imboscata,3.8084552313952313,1,1,4.09,0.011125304467409853
Catherine,1FtCIt8zecbYf4mKvqJ029,PJ Harvey,12VaqyEhgwDRuFfEqbnrpz,1LQlpOjLrnNvsqg6tosrYD,Is This Desire?,3.8084552313952313,1,1,4.09,0.011125304467409853
New Europeans - 2008 Remaster,1xKOjkmm2GEXlVbclGdvvZ,Ultravox,3iUjRVvYCsMfz7tuAQtBDI,57UuXCYkx1wZW7gfl8hvjB,Vienna (Remastered Definitive Edition),3.807524998372548,1,1,4.08,0.009901313648089891
Rise,7mn8ffFJZOATlypfOxQTSw,Ultravox,3iUjRVvYCsMfz7tuAQtBDI,6Y4IpNu7XzxC3SyFkSp2oY,Brilliant,3.807524998372548,1,1,4.08,0.009901313648089891
Winter Kills - 2008 Remaster,3ZIZPAbBNXz6IFyR3PfqIW,Yazoo,1G1mX30GpUJqOr1QU2eBSs,78BwXnGLbEBi5jIgY5GVs8,Upstairs at Eric's (Remastered),3.807524998372548,1,1,4.08,0.009901313648089891
Burning Down the House,1MbXT8seUKcMGtTMrbnEAP,Talking Heads,2x9SpqnPi8rlE9pjHBwmSC,78MM8HrabEGPLVWaJkM2t1,Speaking in Tongues,3.8056576727476252,1,1,4.06,0.007444306246875366
Del Suo Veloce Volo (Frankestein) - Live At Arena Di Verona,2ViIg93mlywiVXYALg2KFJ,Franco Battiato,4lianjyuR1tqf6oUX8kjrZ,0mq6gm5cbSU2dMNBV06UGB,Anthology - Le Nostre Anime,3.804720557599451,1,1,4.05,0.006211259999278537
Planet Earth - 2010 Remaster,4PlEBjN3ntjMWDF5gvGDSF,Duran Duran,0lZoBs4Pzo7R89JM9lxwoT,2Tc7ILGF89w1PWOhzuZlqB,Duran Duran (Deluxe Edition),3.804720557599451,1,1,4.05,0.006211259999278537
Remind Me to Smile,1ZgOAWG9Gu5jLqXetKe5Da,Gary Numan,5KQMtyPE8DCQNUzoNqlEsE,2McSfMOhsYBkGNA47IjtnG,Telekon,3.804720557599451,1,1,4.05,0.006211259999278537
The Wind,3CHfuMoubpCT39PBTvAWk9,PJ Harvey,12VaqyEhgwDRuFfEqbnrpz,1LQlpOjLrnNvsqg6tosrYD,Is This Desire?,3.8018952657741947,1,1,4.02,0.0024937707555195312
L'Isola Felice,4YEBnTlOHyX962ivEcxvIG,Banco Del Mutuo Soccorso,4RuYtHjAKBufQRqBUMiOfK,25zL1qPPiMUskPr8v8CWJv,Orlando: Le Forme dell'Amore,3.800948814475463,1,1,4.01,0.001248440099293643
Heaven,4naD0iZnsQOD0gqlONmo5z,Talking Heads,2x9SpqnPi8rlE9pjHBwmSC,4ksJGDgtixAqJ390XWv0Ua,Popular Favorites 1976 - 1992 / Sand in the Vaseline,3.800948814475463,1,1,4.01,0.001248440099293643
Sleepwalk - Early Version,5F7UnnEDe86ws2xEzcceAl,Ultravox,3iUjRVvYCsMfz7tuAQtBDI,57UuXCYkx1wZW7gfl8hvjB,Vienna (Remastered Definitive Edition),3.8,1,1,3.38,0.0
L'Incantesimo,4wUARgRDKZ4ys702k6T3pF,Franco Battiato,4lianjyuR1tqf6oUX8kjrZ,0mq6gm5cbSU2dMNBV06UGB,Anthology - Le Nostre Anime,3.8,1,1,3.34,0.0
"La Convenzione (Frankenstein - Battiato/Bmg Ricordi), 1972",4uotuedCH3Q2JMJ9JUcmoE,"Franco Battiato, Juri Camisasca, Osage Tribe",5eCgvKqJkLy8zD2RkhQhuQ,05lAJNmh0iYB4CbtDXicDD,La Convenzione,3.8,1,1,3.61,0.0
All Down The Line,5GHKbjIY0gTCqoY5aruDDc,The Rolling Stones,22bE4uQ6baNwSHPVcDxLCe,5U4dnRZsfW8NmwBBkELFPh,Exile On Main Street (2010 Re-Mastered),3.8,1,1,3.82,0.0
Connection,57kJRtK3Lle1JoWDCtmkK0,The Rolling Stones,22bE4uQ6baNwSHPVcDxLCe,6zUGj6iIU30nuPTEoqbD9n,Between The Buttons (UK Version),3.8,1,1,2.13,0.0
Waiting - 2008 Remsater,4RACspNQ9LgmxIjZkghG7U,Ultravox,3iUjRVvYCsMfz7tuAQtBDI,57UuXCYkx1wZW7gfl8hvjB,Vienna (Remastered Definitive Edition),3.8,1,1,3.88,0.0
Strani Giorni - Mix 2015,5CffGDMmxAUaEyjktLPhlW,Franco Battiato,4lianjyuR1tqf6oUX8kjrZ,0mq6gm5cbSU2dMNBV06UGB,Anthology - Le Nostre Anime,3.8,1,1,3.98,0.0
Il Mantello E La Spiga,6tTydMtlBXbY9hOBBbdJ7p,Franco Battiato,4lianjyuR1tqf6oUX8kjrZ,0mq6gm5cbSU2dMNBV06UGB,Anthology - Le Nostre Anime,3.8,1,1,3.99,0.0
Niente E' Come Sembra,2NB0CFuxjBY6qXGL2k033h,Franco Battiato,4lianjyuR1tqf6oUX8kjrZ,0mq6gm5cbSU2dMNBV06UGB,Anthology - Le Nostre Anime,3.8,1,1,3.6,0.0
L'Era Del Cinghiale Bianco - Mix 2015,48h132h8A4GPGV4VFpme0l,Franco Battiato,4lianjyuR1tqf6oUX8kjrZ,0mq6gm5cbSU2dMNBV06UGB,Anthology - Le Nostre Anime,3.8,1,1,3.34,0.0
Proemio,1QJgkFxhKGPioBYItKzRHW,Banco Del Mutuo Soccorso,4RuYtHjAKBufQRqBUMiOfK,25zL1qPPiMUskPr8v8CWJv,Orlando: Le Forme dell'Amore,3.8,1,1,2.17,0.0
You Got The Silver,2pbHaKsIRuIqjZHCLpyQMv,The Rolling Stones,22bE4uQ6baNwSHPVcDxLCe,4l4u9e9jSbotSXNjYfOugy,Let It Bleed,3.8,1,1,2.84,0.0
Angelene,2PttdezZsumXSdsrf5r5Ea,PJ Harvey,12VaqyEhgwDRuFfEqbnrpz,1LQlpOjLrnNvsqg6tosrYD,Is This Desire?,3.8,1,1,3.57,0.0
The Colour Of The Earth,2DIwxNx5knXRodNGruJdtM,PJ Harvey,12VaqyEhgwDRuFfEqbnrpz,2JfiVMvVhdueC48EmskS7t,Let England Shake,3.8,1,1,2.56,0.0
Hanging In The Wire,1BgtlF5x3xm5jXA3qwMzX8,PJ Harvey,12VaqyEhgwDRuFfEqbnrpz,2JfiVMvVhdueC48EmskS7t,Let England Shake,3.8,1,1,2.71,0.0
Written On The Forehead,3DG8F4L82QAQzpcdCQonab,PJ Harvey,12VaqyEhgwDRuFfEqbnrpz,2JfiVMvVhdueC48EmskS7t,Let England Shake,3.8,1,1,3.67,0.0
In The Dark Places,0fAoPbcLqVYS11D3Eds7J7,PJ Harvey,12VaqyEhgwDRuFfEqbnrpz,2JfiVMvVhdueC48EmskS7t,Let England Shake,3.8,1,1,2.99,0.0
England,24AljyKuKotlF2cypaBler,PJ Harvey,12VaqyEhgwDRuFfEqbnrpz,2JfiVMvVhdueC48EmskS7t,Let England Shake,3.8,1,1,3.18,0.0
The Words That Maketh Murder,64EePXuDYpMZMvaTT7k8vi,PJ Harvey,12VaqyEhgwDRuFfEqbnrpz,2JfiVMvVhdueC48EmskS7t,Let England Shake,3.8,1,1,3.76,0.0
Bitter Branches,7wRQFEIEpRsO3ULL0XGezV,PJ Harvey,12VaqyEhgwDRuFfEqbnrpz,2JfiVMvVhdueC48EmskS7t,Let England Shake,3.8,1,1,2.49,0.0
The Glorious Land,5eAcmyKEmOkdIEBopUqM4J,PJ Harvey,12VaqyEhgwDRuFfEqbnrpz,2JfiVMvVhdueC48EmskS7t,Let England Shake,3.8,1,1,3.58,0.0
Los Santos At Night,3flF3rkE2kQnzMEu6ZfjTU,Tangerine Dream,1BGN1IdyiSR0ZYrkoKNchl,5EJAJsaHhQYLwVbynpcGkD,"The Music of Grand Theft Auto V, Vol. 2: The Score",3.8,1,1,1.72,0.0
A Legitimate Business Man,2gkVafVGYeo9bfpobAC3I8,Tangerine Dream,1BGN1IdyiSR0ZYrkoKNchl,5EJAJsaHhQYLwVbynpcGkD,"The Music of Grand Theft Auto V, Vol. 2: The Score",3.8,1,1,2.96,0.0
Off The Hook - Mono Version,1zObcMaHSamVnk5v7FUrDe,The Rolling Stones,22bE4uQ6baNwSHPVcDxLCe,0ACOqjq9mQuCZry2kj5zkB,The Rolling Stones Singles Collection: The London Years,3.8,1,1,2.57,0.0
Stranizza D'Amuri - Edit 2015,546eFJ8FmpMSoXKlEmS8Gm,Franco Battiato,4lianjyuR1tqf6oUX8kjrZ,0mq6gm5cbSU2dMNBV06UGB,Anthology - Le Nostre Anime,3.8,1,1,3.48,0.0
Beautiful Delilah,5oDxPA4t0wpvdIWepE2nE9,The Rolling Stones,22bE4uQ6baNwSHPVcDxLCe,6jfU2DEetUUo8nmxrzwkhc,Foreign Tongues,3.8,1,1,3.48,0.0
The Sky Lit Up,4MuqKUC1XO1I9lHI2XxDSq,PJ Harvey,12VaqyEhgwDRuFfEqbnrpz,1LQlpOjLrnNvsqg6tosrYD,Is This Desire?,3.8,1,1,1.88,0.0
Jumpin' Jack Flash - Mono Version,1TLXzBr9b2FHDCnVzkyCyC,The Rolling Stones,22bE4uQ6baNwSHPVcDxLCe,0ACOqjq9mQuCZry2kj5zkB,The Rolling Stones Singles Collection: The London Years,3.8,1,1,3.63,0.0
Mirhaba Herzberg,4tBtxEy7QibvBcqKgKRPzZ,Embryo,71TXox3zeu8QPFAiv07Qf4,68LAJiZ3jIjnzoy5cp0KZ8,Istanbul - Casablanca,3.8,1,1,1.16,0.0
L'Addio,4UOixlK6NtDhmNEv5FTsRI,Franco Battiato,4lianjyuR1tqf6oUX8kjrZ,0mq6gm5cbSU2dMNBV06UGB,Anthology - Le Nostre Anime,3.8,1,1,3.37,0.0
Inverno,3krSfUgA6sdm6PB0G8ZAZp,Franco Battiato,4lianjyuR1tqf6oUX8kjrZ,0mq6gm5cbSU2dMNBV06UGB,Anthology - Le Nostre Anime,3.8,1,1,3.48,0.0
Un'Altra Vita,6lKV0lMAoV6PKgHi0QTKTl,Franco Battiato,4lianjyuR1tqf6oUX8kjrZ,5M7J7onHGnZ4pL235ByUi4,Inneres Auge (Il Tutto E' Più Della Somma Delle Sue Parti),3.8,1,1,3.16,0.0
""" Air """,2jJenWavqwgiEM20oEyEf6,Embryo,71TXox3zeu8QPFAiv07Qf4,68LAJiZ3jIjnzoy5cp0KZ8,Istanbul - Casablanca,3.8,1,1,3.81,0.0
Audite Poverelle,0tv1ohOFmZW8tVRscpXk7g,Angelo Branduardi,3qlU3Nyu3XXO2k9AUnTcy1,0AkFeymQspB5k0ItaW1HUi,L'Infinitamente Piccolo,3.8,1,1,3.11,0.0
You Forget A Thousand Things,1GuuWtvp0T07PBQRLsPRo4,Tangerine Dream,1BGN1IdyiSR0ZYrkoKNchl,5EJAJsaHhQYLwVbynpcGkD,"The Music of Grand Theft Auto V, Vol. 2: The Score",3.8,1,1,3.6,0.0
A Lonely Man,3kKvspUVSRm7a4BlRBRSW3,Tangerine Dream,1BGN1IdyiSR0ZYrkoKNchl,5EJAJsaHhQYLwVbynpcGkD,"The Music of Grand Theft Auto V, Vol. 2: The Score",3.8,1,1,3.54,0.0
The Singer Not The Song - Mono Version,0tFiuH4S1B8jSr9jVYZPez,The Rolling Stones,22bE4uQ6baNwSHPVcDxLCe,0ACOqjq9mQuCZry2kj5zkB,The Rolling Stones Singles Collection: The London Years,3.8,1,1,2.37,0.0
I Am Waiting,0JuW3zVUYjyW5BbtXq2to6,The Rolling Stones,22bE4uQ6baNwSHPVcDxLCe,72qrnM4yUNMDDlWiqKc8iY,Aftermath,3.8,1,1,3.18,0.0
La Canzone Dei Vecchi Amanti,0XJVhZKJ7o6r8T40RvdQiG,Franco Battiato,4lianjyuR1tqf6oUX8kjrZ,0mq6gm5cbSU2dMNBV06UGB,Anthology - Le Nostre Anime,3.8,1,1,3.43,0.0
Te Lo Leggo Negli Occhi,1Ce0Mmi6poUlUrGMIB9bD3,Franco Battiato,4lianjyuR1tqf6oUX8kjrZ,0mq6gm5cbSU2dMNBV06UGB,Anthology - Le Nostre Anime,3.8,1,1,3.08,0.0
His Mentor,6VBBTLlBoiAQTS5572Nl4j,Tangerine Dream,1BGN1IdyiSR0ZYrkoKNchl,5EJAJsaHhQYLwVbynpcGkD,"The Music of Grand Theft Auto V, Vol. 2: The Score",3.8,1,1,1.45,0.0
The Grip,3EMspvNgasjq1wpASpKd8d,Tangerine Dream,1BGN1IdyiSR0ZYrkoKNchl,5EJAJsaHhQYLwVbynpcGkD,"The Music of Grand Theft Auto V, Vol. 2: The Score",3.8,1,1,3.17,0.0
Yesterday's Papers,36ZFepjyypylRRc7VxfcHj,The Rolling Stones,22bE4uQ6baNwSHPVcDxLCe,6zUGj6iIU30nuPTEoqbD9n,Between The Buttons (UK Version),3.8,1,1,2.06,0.0
Passing Strangers,3Wh0i78UKzHIenIxNvJscI,Ultravox,3iUjRVvYCsMfz7tuAQtBDI,59I3dti6310mhQu69j6dgz,The Collection (Deluxe Edition),3.8,1,1,3.84,0.0
Love's Great Adventure,5NKbAXLsKXxEtcXr0wYu6y,Ultravox,3iUjRVvYCsMfz7tuAQtBDI,3gMzGxXgstsEZEfjdsIwnM,The Collection,3.8,1,1,3.13,0.0
I Treni Di Tozeur - Live At Arena Di Verona,53nSq0mGiMIyoGNfAiWKxX,Franco Battiato,4lianjyuR1tqf6oUX8kjrZ,0mq6gm5cbSU2dMNBV06UGB,Anthology - Le Nostre Anime,3.8,1,1,3.11,0.0
Se Telefonando,0ItibbIPwCeMn5jZ9quPmc,Franco Battiato,4lianjyuR1tqf6oUX8kjrZ,0mq6gm5cbSU2dMNBV06UGB,Anthology - Le Nostre Anime,3.8,1,1,3.35,0.0
Aria Di Neve,3OEfrR00ND3m6lHB1YplzZ,Franco Battiato,4lianjyuR1tqf6oUX8kjrZ,0mq6gm5cbSU2dMNBV06UGB,Anthology - Le Nostre Anime,3.8,1,1,2.9,0.0
Same Old Story - Single Mix,55p5ondoWGqAvVAT0WS3LO,Ultravox,3iUjRVvYCsMfz7tuAQtBDI,5yozZL0OZd5GJH7gfyjYru,Same Old Story (2009 Remaster),3.8,1,1,3.97,0.0
Too Pieces,48ZQITmj47PbGT5RKvTZqp,Yazoo,1G1mX30GpUJqOr1QU2eBSs,3ka6eg73IDCDYhhrlZHpUb,Upstairs at Eric’s,3.8,1,1,3.22,0.0
Rubycon Part One,52TeIguuLVk75MmEOStfiF,Tangerine Dream,1BGN1IdyiSR0ZYrkoKNchl,7ALFR4o9ZXfqNVv9EOORn1,Dream Sequence,3.8,1,1,3.84,0.0
Go To The Head Of The Class,6oCvmfn3cW0ayXM6dvYMBc,Tangerine Dream,1BGN1IdyiSR0ZYrkoKNchl,37EHWiSYj6iOr2h3XAk2aI,Three O’Clock High (Original Motion Picture Soundtrack),3.8,1,1,3.21,0.0
My Beautiful Leah,6Z394DZLBLSbJYz1h6eVdK,PJ Harvey,12VaqyEhgwDRuFfEqbnrpz,1LQlpOjLrnNvsqg6tosrYD,Is This Desire?,3.8,1,1,1.99,0.0
The Last Living Rose,2K7qvmfEWQm41wIJkjDBj4,PJ Harvey,12VaqyEhgwDRuFfEqbnrpz,2JfiVMvVhdueC48EmskS7t,Let England Shake,3.8,1,1,2.35,0.0
Let England Shake,6DST3HT8zF8WpNmg9tHuaa,PJ Harvey,12VaqyEhgwDRuFfEqbnrpz,2JfiVMvVhdueC48EmskS7t,Let England Shake,3.8,1,1,3.15,0.0
Il Vecchio E La Farfalla,7LAnfFTSV9HB3m1MQTJ2jE,Angelo Branduardi,3qlU3Nyu3XXO2k9AUnTcy1,5lOLmpg0aaAI62dup4zFmH,Alla Fiera Dell'Est,3.8,1,1,2.92,0.0
Stupid Girl,4XqrOCGzYgmI4jiSlVNcsC,The Rolling Stones,22bE4uQ6baNwSHPVcDxLCe,0ACOqjq9mQuCZry2kj5zkB,The Rolling Stones Singles Collection: The London Years,3.8,1,1,2.92,0.0
Stranizza Dammuri (Battiato / Emi Music Publishing) 1975,4E8rIfiyc1YwR6U4De18yV,"Franco Battiato, Juri Camisasca, Osage Tribe",5eCgvKqJkLy8zD2RkhQhuQ,05lAJNmh0iYB4CbtDXicDD,La Convenzione,3.8,1,1,3.39,0.0
White China - Steven Wilson Stereo Mix,4erL9lbYLq05UWxqf2TU2v,Ultravox,3iUjRVvYCsMfz7tuAQtBDI,1ZdxZz6LPHZgkfXkyljts2,Lament (2024 Steven Wilson Mix),3.8,1,1,3.92,0.0
Cherry Oh Baby - 2025 Mix,5pIMbiszUfxl5NlTYRnwrT,The Rolling Stones,22bE4uQ6baNwSHPVcDxLCe,5wEUIEpxAFSr5fEbQv1fud,Black And Blue (Super Deluxe),3.8,1,1,3.89,0.0
Nomadi - Mix 2015,4Yyai61QRBamoGINJkkBA3,Franco Battiato,4lianjyuR1tqf6oUX8kjrZ,0mq6gm5cbSU2dMNBV06UGB,Anthology - Le Nostre Anime,3.8,1,1,3.92,0.0
Giubbe Rosse - New Version 2015,75SKc0ZNTnv4cBLmVSd43Y,Franco Battiato,4lianjyuR1tqf6oUX8kjrZ,0mq6gm5cbSU2dMNBV06UGB,Anthology - Le Nostre Anime,3.8,1,1,3.58,0.0
Alexander Platz - Live,35ZvYFcinRaIvLCAGpkEDO,Franco Battiato,4lianjyuR1tqf6oUX8kjrZ,0mq6gm5cbSU2dMNBV06UGB,Anthology - Le Nostre Anime,3.8,1,1,3.33,0.0
Lo Spirito Degli Abissi,7LfLTz1P9YQNa6HY00YhoR,Franco Battiato,4lianjyuR1tqf6oUX8kjrZ,0mq6gm5cbSU2dMNBV06UGB,Anthology - Le Nostre Anime,3.8,1,1,3.59,0.0
Dandelion,4rHWrHcyNO7K6PHljfYrW9,The Rolling Stones,22bE4uQ6baNwSHPVcDxLCe,0ACOqjq9mQuCZry2kj5zkB,The Rolling Stones Singles Collection: The London Years,3.8,1,1,3.8,0.0
Il Re Del Mondo - Live At Arena Di Verona,63wVaF73XlvdItR9TGHB9U,Franco Battiato,4lianjyuR1tqf6oUX8kjrZ,0mq6gm5cbSU2dMNBV06UGB,Anthology - Le Nostre Anime,3.8,1,1,3.4,0.0
A Perfect Day Elise,1TvQVmNarYyU0d4wARLlX8,PJ Harvey,12VaqyEhgwDRuFfEqbnrpz,1LQlpOjLrnNvsqg6tosrYD,Is This Desire?,3.8,1,1,3.1,0.0
La Stagione Dell'Amore,0q85myYFgcJZiZc0D1dtCx,Franco Battiato,4lianjyuR1tqf6oUX8kjrZ,4v4CPvh7qDax72R4u2TXFc,Correnti Gravitazionali,3.8,1,1,3.73,0.0
C'mon Billy,56sWRGGeRFWgFhrMOgOyZC,PJ Harvey,12VaqyEhgwDRuFfEqbnrpz,2yMg8ronKfVDHngnlLNnl8,To Bring You My Love,3.8,1,1,2.79,0.0
Seen and Not Seen,7dq6icAlynpBD6MSrXKh3A,Talking Heads,2x9SpqnPi8rlE9pjHBwmSC,1JvXxLsm0PxlGH4LXzqMGq,Remain in Light,3.8,1,1,3.41,0.0
Meet Ze Monsta,29A28JjjELDyZL1mUekhkC,PJ Harvey,12VaqyEhgwDRuFfEqbnrpz,2yMg8ronKfVDHngnlLNnl8,To Bring You My Love,3.8,1,1,3.48,0.0
E Ti Vengo A Cercare,0nSpCjIoAgO8SE3Ar8yS6M,Franco Battiato,4lianjyuR1tqf6oUX8kjrZ,0mq6gm5cbSU2dMNBV06UGB,Anthology - Le Nostre Anime,3.8,1,1,3.86,0.0
Disorder - 2007 Remaster,5fbQCQt91LsVgXusFS0CCD,Joy Division,432R46LaYsJZV2Gmc4jUV5,33qkK1brpt6t8unIpeM2Oy,Unknown Pleasures (Collector's Edition),3.8,1,1,3.48,0.0
Goodbye 70's,1Vs1DY9FVZYabcYLBoq74A,Yazoo,1G1mX30GpUJqOr1QU2eBSs,3ka6eg73IDCDYhhrlZHpUb,Upstairs at Eric’s,3.8,1,1,2.57,0.0
Life in Tokyo,7mJl9BQhvdao4M8s5houTL,Japan,7vPXrGlSGukcwpaPxUfKKR,0dAsUU19ezkLw7ZUMgdfc3,Assemblage,3.8,1,1,3.53,0.0
L'Animale - New Version 2015,4ccIEjU0uYULEKMGWqGGAd,Franco Battiato,4lianjyuR1tqf6oUX8kjrZ,0mq6gm5cbSU2dMNBV06UGB,Anthology - Le Nostre Anime,3.8,1,1,2.92,0.0
Stati Di Gioia - New Version 2015,6h9ruLvS3WrtUKjfBUTVbL,Franco Battiato,4lianjyuR1tqf6oUX8kjrZ,0mq6gm5cbSU2dMNBV06UGB,Anthology - Le Nostre Anime,3.8,1,1,3.89,0.0
Haiku - New Version 2015,1cVbCZhlWlBlBU0jGlqJFB,Franco Battiato,4lianjyuR1tqf6oUX8kjrZ,0mq6gm5cbSU2dMNBV06UGB,Anthology - Le Nostre Anime,3.8,1,1,3.77,0.0
Lode All'Inviolato - New Version 2015,3W2QOO9D5Sc5LjnGJb5Uvp,Franco Battiato,4lianjyuR1tqf6oUX8kjrZ,0mq6gm5cbSU2dMNBV06UGB,Anthology - Le Nostre Anime,3.8,1,1,3.36,0.0
Tuesday - 2008 Remaster,67YeHgR7LRa0MARlCFbrDT,Yazoo,1G1mX30GpUJqOr1QU2eBSs,78BwXnGLbEBi5jIgY5GVs8,Upstairs at Eric's (Remastered),3.8,1,1,3.34,0.0
Goodbye 70's - 2008 Remaster,0y0MonzyZdA61iLVu7VZSs,Yazoo,1G1mX30GpUJqOr1QU2eBSs,78BwXnGLbEBi5jIgY5GVs8,Upstairs at Eric's (Remastered),3.8,1,1,2.62,0.0
Only You - 2008 Remaster,0S8cXJoMo1f0DYzpo53SEz,Yazoo,1G1mX30GpUJqOr1QU2eBSs,78BwXnGLbEBi5jIgY5GVs8,Upstairs at Eric's (Remastered),3.8,1,1,3.25,0.0
In My Room - 2008 Remaster,378WowMnCDgLlea6X4XF4r,Yazoo,1G1mX30GpUJqOr1QU2eBSs,78BwXnGLbEBi5jIgY5GVs8,Upstairs at Eric's (Remastered),3.8,1,1,3.88,0.0
Bad Connection - 2008 Remaster,6gJr7simIeW1z4nrxG24Hq,Yazoo,1G1mX30GpUJqOr1QU2eBSs,78BwXnGLbEBi5jIgY5GVs8,Upstairs at Eric's (Remastered),3.8,1,1,3.36,0.0
Too Pieces - 2008 Remaster,3ANuCsFteyHmTteP8030QY,Yazoo,1G1mX30GpUJqOr1QU2eBSs,78BwXnGLbEBi5jIgY5GVs8,Upstairs at Eric's (Remastered),3.8,1,1,3.24,0.0
Don't Go - 2008 Remaster,4E38j0no7asRz5iMWSw0sU,Yazoo,1G1mX30GpUJqOr1QU2eBSs,78BwXnGLbEBi5jIgY5GVs8,Upstairs at Eric's (Remastered),3.8,1,1,3.19,0.0
La Stagione Dell'Amore - New Version 2015,0PWrXppMCvAKgZule0Nvhg,Franco Battiato,4lianjyuR1tqf6oUX8kjrZ,0mq6gm5cbSU2dMNBV06UGB,Anthology - Le Nostre Anime,3.8,1,1,3.73,0.0
Risveglio Di Primavera - 2008 Remaster,7meVUihZmyf4JaA0sVbEaH,Franco Battiato,4lianjyuR1tqf6oUX8kjrZ,1Bw3bHsQ9Xwlalhp4NjX1n,Mondi Lontanissimi (2008 Remastered Edition),3.8,1,1,3.54,0.0
Veni L'Autunnu - 2008 Remaster,2K2jnseGgmqVjooppzi0v7,Franco Battiato,4lianjyuR1tqf6oUX8kjrZ,4sWf0wkRfi49tW4NLxdLj2,Fisiognomica (2008 Remastered Edition),3.8,1,1,3.46,0.0
Le Sacre Sinfonie Del Tempo - 2008 Remaster,2TisrGKUpF3JkknnKmnW28,Franco Battiato,4lianjyuR1tqf6oUX8kjrZ,7CdGW9JRoTbqk2v5imOHQd,Come Un Cammello In Una Grondaia (2008 Remastered Edition),3.8,1,1,3.76,0.0
Io Chi Sono? - New Version 2015,4NrZuO9QTzkla9QAAyxtD7,Franco Battiato,4lianjyuR1tqf6oUX8kjrZ,0mq6gm5cbSU2dMNBV06UGB,Anthology - Le Nostre Anime,3.8,1,1,3.79,0.0
Session 2 Part 1,5wX4PWkA5u6Dtx2uXZsFgi,Embryo,71TXox3zeu8QPFAiv07Qf4,68LAJiZ3jIjnzoy5cp0KZ8,Istanbul - Casablanca,3.8,1,1,3.72,0.0
"White China - Live at the Hammersmith Odeon, June 1984",4bqc68cBMsa7TB36EmPlif,Ultravox,3iUjRVvYCsMfz7tuAQtBDI,15BhyErNMCS96rXaeAkMre,Lament (2009 Remaster),3.8,1,1,3.78,0.0
Building - 2009 Remaster,1ytqfV8DIjN7pEfkB3hl1k,Ultravox,3iUjRVvYCsMfz7tuAQtBDI,15BhyErNMCS96rXaeAkMre,Lament (2009 Remaster),3.8,1,1,3.2,0.0
Easterly - 2009 Remaster,2rVh0IGqGhm3hfTKWcgW3K,Ultravox,3iUjRVvYCsMfz7tuAQtBDI,15BhyErNMCS96rXaeAkMre,Lament (2009 Remaster),3.8,1,1,3.8,0.0
Sequent 'C' - Remastered 2018,2hRsN3reHuwyLaHq2S1z0Q,Tangerine Dream,1BGN1IdyiSR0ZYrkoKNchl,6wugThEUTAa6BdI2hsqm5n,Phaedra (Deluxe Version),3.8,1,1,2.36,0.0
The Dream Is Always The Same - From 'Risky Business' Original Motion Picture Soundtrack,7kvFGApAzBV22DwAdyyLuu,Tangerine Dream,1BGN1IdyiSR0ZYrkoKNchl,4Mft3FkYzPHdWTmRW0yS1U,Hyperborea (Deluxe Version / Remastered 2020),3.8,1,1,3.73,0.0
"Morgenstern, Pt. 4",4PTPhy7lDw2SdIQE0BzcIZ,Schiller,4tRSX1e4hJYjMNdl1TkINg,4Ksz20fxRjzHwRzy5Fcl22,Morgenstund,3.8,1,1,2.56,0.0
Theme One - Original Mix,5ZhM8IMfj4s0gqsFJvWxfa,Van Der Graaf Generator,02frazNrWgZCxUEf4UTfHt,1gFxD1QvxsUkafEuIeJ0LW,The Pawn Hearts Sessions,3.8,1,1,3.24,0.0
The Boat Of Millions Of Years - Remastered 2005,0I7DVTsXCnD9xzURFIUVE2,Van Der Graaf Generator,02frazNrWgZCxUEf4UTfHt,5GuP6isw4DZpsTaucdWkC5,The Least We Can Do Is Wave To Each Other,3.8,1,1,3.91,0.0
Bourée,5Uene4exc7GwWYDN6X3Ihd,Jethro Tull,6w6z8m4WXX7Tub4Rb6Lu7R,5c0NFeQON726s0zzipHA1d,Stand Up,3.8,1,1,3.76,0.0
Don't Worry About the Government,7pAAeToDaCaFROvuu8pZ92,Talking Heads,2x9SpqnPi8rlE9pjHBwmSC,0r7o2FeARRr23EZ0TJ0a8S,Talking Heads '77,3.8,1,1,3.01,0.0
Esterno Notte (Casa Di Giovanna),2Y1mXeZkehMMDj4OFarU7h,Banco Del Mutuo Soccorso,4RuYtHjAKBufQRqBUMiOfK,5E9rFAvIQuZD9dLo6FL9wH,Garofano rosso (Colonna sonora originale del film),3.8,1,1,3.37,0.0
Quasi Saltarello,6anZB07jebMinXFZyBrYdZ,Banco Del Mutuo Soccorso,4RuYtHjAKBufQRqBUMiOfK,5E9rFAvIQuZD9dLo6FL9wH,Garofano rosso (Colonna sonora originale del film),3.8,1,1,1.72,0.0
Zobeida,5GbNf6sCdOiKlrdkCgP41m,Banco Del Mutuo Soccorso,4RuYtHjAKBufQRqBUMiOfK,5E9rFAvIQuZD9dLo6FL9wH,Garofano rosso (Colonna sonora originale del film),3.8,1,1,2.76,0.0
Sway - 2009 Mix,1ZS5HBMAmZk3gjFcedts66,The Rolling Stones,22bE4uQ6baNwSHPVcDxLCe,29m6DinzdaD0OPqWKGyMdz,Sticky Fingers (Remastered),3.8,1,1,3.88,0.0
She Smiled Sweetly,4VeenLChnVtXj5ZXPfGUZh,The Rolling Stones,22bE4uQ6baNwSHPVcDxLCe,6zUGj6iIU30nuPTEoqbD9n,Between The Buttons (UK Version),3.8,1,1,2.75,0.0
Unmarked (2018 Remaster),65Y24TbxoA55b4m0P01UKY,Yazoo,1G1mX30GpUJqOr1QU2eBSs,6I5am7n34txDtqIRftZTj3,Four Pieces,3.8,1,1,3.58,0.0
Ode to Boy (2018 Remaster),7MKcdBa389xvgSM2mABIJa,Yazoo,1G1mX30GpUJqOr1QU2eBSs,6I5am7n34txDtqIRftZTj3,Four Pieces,3.8,1,1,3.58,0.0
Walk Away from Love (2018 Remaster),7DtaDatGZJP7GkWGW239Vn,Yazoo,1G1mX30GpUJqOr1QU2eBSs,6I5am7n34txDtqIRftZTj3,Four Pieces,3.8,1,1,3.29,0.0
Mr Blue (2018 Remaster),5mMmhOMBiNBVRLP2e5mKHl,Yazoo,1G1mX30GpUJqOr1QU2eBSs,6I5am7n34txDtqIRftZTj3,Four Pieces,3.8,1,1,3.41,0.0
Sweet Thing (2018 Remaster),55B0Zeioso68uhy9ZMJaeF,Yazoo,1G1mX30GpUJqOr1QU2eBSs,6I5am7n34txDtqIRftZTj3,Four Pieces,3.8,1,1,3.7,0.0
White China - 2009 Remaster,0QH1QC2jxgPmyOSQhDL9YP,Ultravox,3iUjRVvYCsMfz7tuAQtBDI,2QDolqCMmtvKMT3EEQKFAv,The Very Best of Ultravox,3.8,1,1,3.89,0.0
Mayor Of Simpleton - 2001 Remaster,39eEVHdCHNTmfg1KzEDxvK,XTC,2qT62DYO8Ajb276vUJmvhz,3suXBde2fATz1UzA6f7UoA,Oranges & Lemons,3.8,1,1,3.97,0.0
Merely A Man - 2001 Remaster,1uIzI0zvOY3seTaFyrPNBv,XTC,2qT62DYO8Ajb276vUJmvhz,3suXBde2fATz1UzA6f7UoA,Oranges & Lemons,3.8,1,1,3.45,0.0
It's My Life - 1997 Remaster,4jhsuQCUCJKA5f0bXb6XdJ,Talk Talk,7Fo8TAyGJr4VmhE68QamMf,152Hw6E0tNz3EQNq9c1CDf,It's My Life,3.8,1,1,3.87,0.0
Dum Dum Girl - 1997 Remaster,4QeaktgSB7T5m9dap9gTDZ,Talk Talk,7Fo8TAyGJr4VmhE68QamMf,152Hw6E0tNz3EQNq9c1CDf,It's My Life,3.8,1,1,3.85,0.0
I Never Wanted to Begin - 2008 Remaster,7hrOz0Dki2OT8a7tTfVKnD,Ultravox,3iUjRVvYCsMfz7tuAQtBDI,5ueP8JeD2SeNSYzX7ybnPc,Rage in Eden,3.8,1,1,3.56,0.0
Warning Sign,59qTR1Q3BsBAIieQb17BuL,Talking Heads,2x9SpqnPi8rlE9pjHBwmSC,4ksJGDgtixAqJ390XWv0Ua,Popular Favorites 1976 - 1992 / Sand in the Vaseline,3.8,1,1,3.91,0.0
Centro Di Gravità Permanente - Mix 2015,3LBJnNUYG3qTfVSseG1YsN,Franco Battiato,4lianjyuR1tqf6oUX8kjrZ,0mq6gm5cbSU2dMNBV06UGB,Anthology - Le Nostre Anime,3.8,1,1,3.84,0.0
Rock the Casbah - Remastered,56KqaFSGTb7ifpt16t5Y1N,The Clash,3RGLhK1IP9jnYFH4BRFJBS,1ZH5g1RDq3GY1OvyD0w0s2,Combat Rock (Remastered),3.8,1,1,3.71,0.0
Mad World,0Qv7xi6uPSqH2k82tOkGSt,Tears For Fears,4bthk9UfsYUYdcFyqxmSUU,3sIFpEctox1XOs3FEkqrgr,The Hurting,3.8,1,1,3.59,0.0
Statue Of Liberty - 2001 Remaster,3PvmHbVALfJk9rxsSOg0UT,XTC,2qT62DYO8Ajb276vUJmvhz,65Al3RSB7zeQeYcinysMxJ,White Music,3.8,1,1,2.92,0.0
Thelonious,5yc2APVVniRhfzEEdhVh7x,Thelonious Monk,4PDpGtF16XpqvXxsrFwQnN,5rA4Fhdeq0an7JZR2JRSDn,Underground,3.8,1,1,3.29,0.0
Careful - 2003 Remaster,1QDtRb3ZK4Unoom8FRJ9BQ,Television,0S7Zur2g8YhqlzqtlYStli,5ha55jb1DQKy33CpmREvFq,Adventure,3.8,1,1,3.29,0.0
"Real by Reel - Live at Emerald City, 1981",6RKoy7c18wGxgzpidoSC7V,XTC,2qT62DYO8Ajb276vUJmvhz,6L887NSKMvNxSdNWz68IDV,"Live Boots (Emerald City, Cherry Hill, NJ, 4/17/1981)",3.8,1,1,3.83,0.0
Day In Day Out - 2001 Digital Remaster,0cvLMD0XvQH8aKHLH1BlG5,XTC,2qT62DYO8Ajb276vUJmvhz,4S6y2iTYbGONSlNJHYyrVl,Drums And Wires,3.8,1,1,3.14,0.0
My Bird Performs - 2001 Remaster,6YZbNUJV4PXFvqFdaPZUKN,XTC,2qT62DYO8Ajb276vUJmvhz,6WK4H6AhFAt4RhuTzLFJws,Nonsuch,3.8,1,1,3.85,0.0
Ten Feet Tall - 2001 Digital Remaster,7EREJweyXYJsVO7mGpYV9J,XTC,2qT62DYO8Ajb276vUJmvhz,4S6y2iTYbGONSlNJHYyrVl,Drums And Wires,3.8,1,1,3.28,0.0
La Musica Muore (Camisasca / Bmg Ricordi) 1975,5ToFti1INL4HIyPxcRCwIG,"Franco Battiato, Juri Camisasca, Osage Tribe",5eCgvKqJkLy8zD2RkhQhuQ,05lAJNmh0iYB4CbtDXicDD,La Convenzione,3.8,1,1,3.12,0.0
Il Regno Delleden - 1° Parte (Camisasca / Bmg Ricordi) 1974,6k2a2ylXWM04QqbhQnhEP7,"Franco Battiato, Juri Camisasca, Osage Tribe",5eCgvKqJkLy8zD2RkhQhuQ,05lAJNmh0iYB4CbtDXicDD,La Convenzione,3.8,1,1,3.83,0.0
Days - 2003 Remaster,6qK7CuehGu2DVwL8UgaEhV,Television,0S7Zur2g8YhqlzqtlYStli,5ha55jb1DQKy33CpmREvFq,Adventure,3.8,1,1,3.24,0.0
Don't Worry About the Government,26VRFxlvtfH2gbjLdVUPFj,Talking Heads,2x9SpqnPi8rlE9pjHBwmSC,4ksJGDgtixAqJ390XWv0Ua,Popular Favorites 1976 - 1992 / Sand in the Vaseline,3.8,1,1,3.03,0.0
Il cammino interminabile,0g1tMl3Fd5jPNsOshj2dtV,Franco Battiato,4lianjyuR1tqf6oUX8kjrZ,4VzRaSdKOXscjw5v3sur81,Ferro Battuto,3.8,1,1,3.73,0.0
Odore di polvere da sparo,4TmAs5zTUvCGgUG6aKixhQ,Franco Battiato,4lianjyuR1tqf6oUX8kjrZ,0b33cACjsSPVBchGgsFGMu,Universi paralleli di Franco Battiato,3.8,1,1,3.48,0.0
New Frontiers - Remastered 2022,2MXqsYErkypYi5VE2EPWlC,Franco Battiato,4lianjyuR1tqf6oUX8kjrZ,0hErCZnxOljlEVTLzzy4Yp,L'Arca Di Noè (40° Anniversario / Remaster 2022),3.8,1,1,3.29,0.0
Lode All'Inviolato - Live 2003,1UN3sFWqyo48meGCL9pmvb,Franco Battiato,4lianjyuR1tqf6oUX8kjrZ,0b33cACjsSPVBchGgsFGMu,Universi paralleli di Franco Battiato,3.8,1,1,3.18,0.0
Betrayal (Sorcerer Theme),5elQBDPsDuGMNj9aeEdfKU,Tangerine Dream,1BGN1IdyiSR0ZYrkoKNchl,78BeLVh1ko9oOELJCEJ0o6,Sorcerer,3.8,1,1,3.73,0.0
Glory - 2003 Remaster,7aJvFGH4J8TIgpJqcEGwy9,Television,0S7Zur2g8YhqlzqtlYStli,5ha55jb1DQKy33CpmREvFq,Adventure,3.8,1,1,3.19,0.0
Un Irresistibile Richiamo,2JemiQPPkvWp7JylSVRaTQ,Franco Battiato,4lianjyuR1tqf6oUX8kjrZ,0mq6gm5cbSU2dMNBV06UGB,Anthology - Le Nostre Anime,3.8,1,1,3.59,0.0
No Time No Space - Mix 2015,6Sxe0UcrJ4kfsoLWqxWdU6,Franco Battiato,4lianjyuR1tqf6oUX8kjrZ,0mq6gm5cbSU2dMNBV06UGB,Anthology - Le Nostre Anime,3.8,1,1,3.4,0.0
Beach Scene - A-Side 1981 / 1995 Digital Remaster,6QBQxNlbxI7vkTnz8NKxjA,Tangerine Dream,1BGN1IdyiSR0ZYrkoKNchl,2aR42HgX0N2cGvg8wH746o,Thief,3.8,1,1,3.77,0.0
Pretty Paracetamol,4gWVVzCdB49Pb8Vl003s7L,Fischer-Z,3fRV5Jo7lNKhRSx4C3sLMZ,3iUUREuyAi0ptndfaPlI0y,Word Salad,3.8,1,1,4.0,0.0
Ruined in a Day - Radio Edit; 2015 Remaster,0nCC93KTRwIN4cHNUBfar1,New Order,0yNLKJebCb8Aueb54LYya3,2ODAEaYlqS88SU4ZZu1bI6,Singles (2016 Remaster),3.8,1,1,3.99,0.0
I Zimbra,5EafbHIsDLIDHYrxvOQtnY,Talking Heads,2x9SpqnPi8rlE9pjHBwmSC,4ksJGDgtixAqJ390XWv0Ua,Popular Favorites 1976 - 1992 / Sand in the Vaseline,3.8,1,1,3.14,0.0
Memories Can't Wait,1AdCYyitIgBpGak31tXXrN,Talking Heads,2x9SpqnPi8rlE9pjHBwmSC,4ksJGDgtixAqJ390XWv0Ua,Popular Favorites 1976 - 1992 / Sand in the Vaseline,3.8,1,1,3.5,0.0
Dancing for Money - Unfinished Outtake,7GMMJoDMIR5rrir3qHYQmw,Talking Heads,2x9SpqnPi8rlE9pjHBwmSC,5dVZpNJraoqCo3BssinMoo,Fear of Music (Deluxe Version),3.8,1,1,2.67,0.0
Acrobats,1p3MDmeuFOVzdK6RntG0cL,Fischer-Z,3fRV5Jo7lNKhRSx4C3sLMZ,3iUUREuyAi0ptndfaPlI0y,Word Salad,3.8,1,1,2.71,0.0
Bill,1Y4MuHuXiiVpFt4WiywY4K,Talking Heads,2x9SpqnPi8rlE9pjHBwmSC,6iOPhFscLxdpzGug0qxpcZ,Naked,3.8,1,1,3.38,0.0
Ruby Dear,2sxJd1nrbXwezsbV69ZZWZ,Talking Heads,2x9SpqnPi8rlE9pjHBwmSC,6iOPhFscLxdpzGug0qxpcZ,Naked,3.8,1,1,3.84,0.0
Lettera Al Governatore Della Libia - Live 1988 / Remastered 2020,1fbPyOtUMICeRg9ebWHQVX,Franco Battiato,4lianjyuR1tqf6oUX8kjrZ,3pjXBNwPw6YTsFheYa3Khu,Rara la Vita in Due Franco Battiato Duets,3.8,1,1,3.44,0.0
Chan-Son Egocentrique - 2005 Remaster,4TvircvJZy3saq70lBcAP7,Alice,3zNFrznlC0kv866J7Karl3,3pjXBNwPw6YTsFheYa3Khu,Rara la Vita in Due Franco Battiato Duets,3.8,1,1,3.85,0.0
New Faces - Remastered,63I05wfNrImvTufyFjZweu,The Rolling Stones,22bE4uQ6baNwSHPVcDxLCe,3oyjbpNQs5Qm5DNVJW4AlV,Voodoo Lounge (Remastered 2009),3.8,1,1,2.86,0.0
Caffé De La Paix - Mix Edit 2015,1jfGdTCyrh7YZJmsETvd0x,Franco Battiato,4lianjyuR1tqf6oUX8kjrZ,0mq6gm5cbSU2dMNBV06UGB,Anthology - Le Nostre Anime,3.8,1,1,3.37,0.0
Radios In Motion - 2001 Remaster,0TlUQQIQMLntoqrS6VLkvq,XTC,2qT62DYO8Ajb276vUJmvhz,65Al3RSB7zeQeYcinysMxJ,White Music,3.8,1,1,2.91,0.0
Dear God - Remastered 2001,6nFdjV1Ko66O111x74K2kn,XTC,2qT62DYO8Ajb276vUJmvhz,3FVsJiQMI7dp0RfTBdWtMW,Skylarking,3.8,1,1,3.66,0.0
Saturday Night In The City Of The Dead,1BTj6f7eJ4QVFXKkC23xuw,Ultravox,3iUjRVvYCsMfz7tuAQtBDI,09H76Y3uRhgJSu7u5f3e6f,Ultravox!,3.8,1,1,2.59,0.0
Povera Patria,6JFlAol4HlPjTeaMdqvqNW,Franco Battiato,4lianjyuR1tqf6oUX8kjrZ,0mq6gm5cbSU2dMNBV06UGB,Anthology - Le Nostre Anime,3.8,1,1,3.72,0.0
Rockwrok,4zkv4mcvjnY69HMNv0Zzl5,Ultravox,3iUjRVvYCsMfz7tuAQtBDI,2qglzVkWCBALdZ8JHMgJhT,Ha! Ha! Ha!,3.8,1,1,3.57,0.0
Young Savage,3A7tP9fLb3IDNY5YSqHqJl,Ultravox,3iUjRVvYCsMfz7tuAQtBDI,2qglzVkWCBALdZ8JHMgJhT,Ha! Ha! Ha!,3.8,1,1,3.01,0.0
Grass - Remastered 2001,4GpmzLeUrLirnvzjb1epVy,XTC,2qT62DYO8Ajb276vUJmvhz,3FVsJiQMI7dp0RfTBdWtMW,Skylarking,3.8,1,1,3.1,0.0
The Disappointed - 2001 Remaster,6LLWFGW1jOtCKRaGEBMp7Y,XTC,2qT62DYO8Ajb276vUJmvhz,6WK4H6AhFAt4RhuTzLFJws,Nonsuch,3.8,1,1,3.39,0.0
My Sex,4uq0OuAtODFKsEMO478Lt8,Ultravox,3iUjRVvYCsMfz7tuAQtBDI,09H76Y3uRhgJSu7u5f3e6f,Ultravox!,3.8,1,1,3.04,0.0
I'd Like That,349p661is7V6YO8eRlrOIP,XTC,2qT62DYO8Ajb276vUJmvhz,0BOGd3GkLblP0N9koqXtmd,"Apple Venus, Vol. 1",3.8,1,1,3.83,0.0
King For A Day - 2001 Remaster,7wBymwOuTrmb4ns4kaWyvT,XTC,2qT62DYO8Ajb276vUJmvhz,3suXBde2fATz1UzA6f7UoA,Oranges & Lemons,3.8,1,1,3.63,0.0
You Got Me Rocking - Remastered 2009,0JTrB3fXGdyGcwxFFECsm1,The Rolling Stones,22bE4uQ6baNwSHPVcDxLCe,3oyjbpNQs5Qm5DNVJW4AlV,Voodoo Lounge (Remastered 2009),3.8,1,1,3.6,0.0
Love Is Strong - Remastered 2009,3Is1ugfPG3hdFWTq15nNBV,The Rolling Stones,22bE4uQ6baNwSHPVcDxLCe,3oyjbpNQs5Qm5DNVJW4AlV,Voodoo Lounge (Remastered 2009),3.8,1,1,3.81,0.0
I Giorni Della Monotonia,5Q4Y4JjVqeA9XoYpJGyUM3,Franco Battiato,4lianjyuR1tqf6oUX8kjrZ,3QD7rcprpyoMnSHnX2UDhE,Il Vuoto,3.8,1,1,3.28,0.0
Secondo Imbrunire - 2008 Remaster,7FtZz2rGoN93VPKx2r3tVW,Franco Battiato,4lianjyuR1tqf6oUX8kjrZ,4sWf0wkRfi49tW4NLxdLj2,Fisiognomica (2008 Remastered Edition),3.8,1,1,3.28,0.0
La Preda,0dZAj2TBMozyiuTAIcLNBD,Franco Battiato,4lianjyuR1tqf6oUX8kjrZ,5mhHyVk0zf9jvqvx9w77c5,Gommalacca,3.8,1,1,3.71,0.0
Earn Enough For Us - Remastered 2001,2JwsJrJhzW2zVoRkT22XXY,XTC,2qT62DYO8Ajb276vUJmvhz,3FVsJiQMI7dp0RfTBdWtMW,Skylarking,3.8,1,1,2.9,0.0
Respectable Street - 2001 Remaster,7DRVJs5vJtoWiRH5dHHBnk,XTC,2qT62DYO8Ajb276vUJmvhz,6sLuXZdrb1cmsAnfrmgbrU,Black Sea,3.8,1,1,3.63,0.0
L'animale,3kp9Ji3GSt62461FZ2gTLj,Franco Battiato,4lianjyuR1tqf6oUX8kjrZ,5v9MxUngO1GZ5rtxLtWokm,Torneremo Ancora,3.8,1,1,3.1,0.0
Memoria Di Giulia,5UiJL0uydGYtW5ns1NwPmU,Franco Battiato,4lianjyuR1tqf6oUX8kjrZ,6Ws5YQCEOfwmpTK01EALgv,L'Imboscata,3.8,1,1,3.29,0.0
Venus,3x0iCzjgf0v9lnwvAhU9P2,Television,0S7Zur2g8YhqlzqtlYStli,630o1rKTDsLeIPreOY1jqP,Marquee Moon,3.8,1,1,3.82,0.0
Come Un Cammello In Una Grondaia - 2008 Remaster,5eKshEelKkCN9gSCC24bDL,Franco Battiato,4lianjyuR1tqf6oUX8kjrZ,7CdGW9JRoTbqk2v5imOHQd,Come Un Cammello In Una Grondaia (2008 Remastered Edition),3.8,1,1,3.52,0.0
See No Evil,2OaXmeYBJ0hcTmS3kxjJOx,Television,0S7Zur2g8YhqlzqtlYStli,630o1rKTDsLeIPreOY1jqP,Marquee Moon,3.8,1,1,3.88,0.0
Love's Great Adventure,2GVWmOvZ1wNMwazzvlJtPH,Ultravox,3iUjRVvYCsMfz7tuAQtBDI,59I3dti6310mhQu69j6dgz,The Collection (Deluxe Edition),3.8,1,1,3.11,0.0
Evil Dust,6sz4X50uh12Ps8mt3BrFea,New Order,0yNLKJebCb8Aueb54LYya3,0PSWY4XyjTWppfBb0tBtqu,Brotherhood (Collector's Edition),3.8,1,1,3.73,0.0
Stage Door,5U0h8joKhqnuL35mIsfrcK,Franco Battiato,4lianjyuR1tqf6oUX8kjrZ,5M7J7onHGnZ4pL235ByUi4,Inneres Auge (Il Tutto E' Più Della Somma Delle Sue Parti),3.8,1,1,3.66,0.0
Angel Dust,6eOSSJTrIDi0WAmLOFr4wh,New Order,0yNLKJebCb8Aueb54LYya3,0PSWY4XyjTWppfBb0tBtqu,Brotherhood (Collector's Edition),3.8,1,1,3.73,0.0
Kobaïa ïs dë hündïn - 2017 Remastered Version,5PE725D8ZkAXhKcPN0a8Gr,Magma,5JeJHWfm2ZxNd09hrIf7Zb,1hWwZZvGF4CGT9AnSAPXlR,Mekanik destruktiw kommandoh (2017 Remastered Version),3.8,1,1,3.58,0.0
Opportunities (Let's Make Lots of Money) - 2018 Remaster,4jgdKiZhbD6BlVMhCf4NJH,Pet Shop Boys,2ycnb8Er79LoH2AsR5ldjh,47fRf3JwriMUPPzFjdvNS6,Please: Further Listening 1984 - 1986 (2018 Remaster),3.8,1,1,3.73,0.0
Bad Connection (2018 Remaster),5Eztmvq4g2bfhwAwIQ7Mq8,Yazoo,1G1mX30GpUJqOr1QU2eBSs,6I5am7n34txDtqIRftZTj3,Four Pieces,3.8,1,1,3.35,0.0
Too Pieces (2018 Remaster),3in3pTPQRZErzrOIZVHcF4,Yazoo,1G1mX30GpUJqOr1QU2eBSs,6I5am7n34txDtqIRftZTj3,Four Pieces,3.8,1,1,3.24,0.0
Don't Go (2018 Remaster),3McQkLFQ5f50A40cBv6p4G,Yazoo,1G1mX30GpUJqOr1QU2eBSs,6I5am7n34txDtqIRftZTj3,Four Pieces,3.8,1,1,3.17,0.0
Greggio e pericoloso - Seq. 3,2jfDBshNbLyjx4hlNunumK,Banco Del Mutuo Soccorso,4RuYtHjAKBufQRqBUMiOfK,3kMhPGtxX8qTqznPX8b8Zv,Greggio e pericoloso (Original Soundtrack),3.8,1,1,2.96,0.0
Greggio e pericoloso - Seq. 2,3oXzV7x5X6bbUstVH5OO3W,Banco Del Mutuo Soccorso,4RuYtHjAKBufQRqBUMiOfK,3kMhPGtxX8qTqznPX8b8Zv,Greggio e pericoloso (Original Soundtrack),3.8,1,1,3.85,0.0
